,total_freight,category_demand_mean,category_demand_std,demand,unique_orders,category_demand_median,demand_momentum_3m,unique_products,demand_std_3,seller_concentration,demand_vs_category_avg,category_demand_max,unique_sellers,sales_momentum_3m,demand_std_6,price_min,demand_lag_1,price_std_3,price_growth_1m,demand_acceleration,sales_growth_1m,demand_std_12,items_per_order,price_max,sales_lag_1,demand_lag_3,avg_freight,demand_lag_2,unique_customers,demand_trend_3m,price_std_6,demand_volatility_6m,price_to_freight_ratio,product_diversity_index,total_sales,price_std_12,demand_growth_3m,month_cos,price_vs_category_avg,month_num,price_lag_3,price_volatility_6m,demand_min_3,ma_2,demand_momentum_12m,demand_growth_1m,ma_6,ma_12,price_lag_2,sales_lag_3,avg_items_per_product,price_lag_1,ema_0.3,category_avg_price_std,price_std,sales_lag_6,price_lag_6,avg_price,demand_max_3,sales_ma_6,sales_lag_2,demand_lag_6,ema_0.7,sales_ma_3,demand_min_6,sales_ma_12,sales_ma_2,price_ma_12,sales_per_order,ema_0.5,freight_to_sales_ratio,ma_3,demand_max_6,price_ma_6,price_ma_2,demand_min_12,month_sin,sales_lag_12,price_ma_3,conversion_rate,price_lag_12,demand_lag_12,is_october,avg_order_value,demand_growth_12m,seasonal_difference_12m,quarter_cos,category_avg_price_mean,profit_margin_estimate,customer_loyalty_index,seasonal_ratio_12m,demand_max_12,is_end_quarter,quarter,year,is_november,is_may,quarter_sin,is_august,demand_next_month
total_freight,1.0,0.8148404103914486,0.7982264038822137,0.9843939346049778,0.9768922679035935,0.8071884800149896,0.41934428479451574,0.9608309231647533,0.7348590020319301,0.5840812510135338,0.2965370699432879,0.8014163213744081,0.8931196506444844,0.37540554369200435,0.8317303164801783,-0.1268095804891856,0.932539322317504,-0.14107890048981306,-0.07057267390036931,0.004129301490462551,-0.054703197467845965,0.9089957797041747,0.30021798479518785,0.4365581919584305,0.8828022805417636,0.8913450224965752,-0.02537939895252973,0.9222394842415869,0.9768922679035935,0.4193442847945159,-0.15457128476085777,-0.015483505414755811,-0.027755918059986392,-0.15321405786026357,0.9302682175931223,-0.14185741055399206,0.01582022464348699,-0.019049403804211308,-0.018733124046058466,0.013480050116236307,0.009702967088598956,-0.16743311843727873,0.9222730197131831,0.9416569130036553,0.7416436321985711,-0.05943625878074704,0.9264140403673624,0.9207977069697555,-0.007845043079917211,0.8488044160553421,0.3916499511946328,-0.037761863329817125,0.939050573500833,-0.2032412808879144,0.06403184481347741,0.7937903372897557,0.05179074410169199,-0.06735296588009801,0.9282138493694683,0.8881591252804173,0.8742543638260248,0.8327764789114388,0.9409973871582876,0.8927366426786679,0.8822791409003538,0.8813635493556816,0.894315851899136,-0.03295262925916476,-0.00868827600228862,0.9420001687977752,-0.11812724917168482,0.9370700212738209,0.9174225805442486,-0.038752708547563075,-0.039165150851838845,0.700760009177949,0.012920376684508746,0.6311859689450627,-0.03951290814555907,0.43436555596755066,0.17386668965015775,0.6612667091876498,-0.055999646080442,-0.00868827600228862,0.1825178398068903,0.7416436321985711,-0.007473449581444132,-0.07142810035368635,0.11812724918732537,0.43436555596755066,0.18926315533431756,0.9140718426220422,0.010100240795701224,0.008224574104313861,0.18856993519387433,0.06573148703619935,0.014248034644174234,-0.007714813505203096,-0.021943475172411187,0.9287736163589448
category_demand_mean,0.8148404103914486,1.0,0.9849670656583731,0.8317621452039107,0.8258340362469622,0.9932051244691853,0.34693490640559316,0.8427398965468134,0.6674662107314453,0.510764836208223,0.0023921306558855725,0.9823043873652334,0.7815820735453782,0.3066638708717417,0.7708844585085852,-0.14330212315762864,0.7988974252143966,-0.16863233125928676,-0.07609532893359182,-0.05180319867276849,-0.018292523865270516,0.8286431797276759,0.2925680164044053,0.4163740354682088,0.7429168491016627,0.7340864795714123,-0.1241411884274597,0.766377909498068,0.8258340362469622,0.34693490640559316,-0.18167396680623654,-0.1317726107822419,-0.0244268876274758,-0.05096464452332596,0.7728207747487528,-0.17775602423485734,0.0784538096482675,0.021782400537961516,0.001905326591147402,0.00025516886000979185,-0.057206441003931054,-0.24689488001517634,0.763362787833909,0.7957005605352857,0.495262232309187,0.021015176183303237,0.7678386156628961,0.7727796246556892,-0.06482569721171545,0.6846924921264188,0.29197208785941053,-0.07433077132378992,0.7897535009610337,-0.2526419025511967,0.07536320604099837,0.5978644590866934,-0.031313345323195726,-0.08461368801524902,0.7897347533750031,0.7226740655316761,0.7125067923512162,0.6408387311767338,0.7994829128517573,0.7362154484872262,0.6926558490766971,0.7267301754772244,0.7419685985948825,-0.06698852505510529,-0.03751971918725766,0.7955573112566966,-0.14301404382132846,0.7873177147847394,0.7770674395277322,-0.0728736804006868,-0.07719514938963015,0.523346302056859,-0.010837144327627,0.4378702576340092,-0.07661646085566229,0.43101596655670216,0.044924089839831004,0.4655863772226498,0.03854519340211527,-0.03751971918725766,0.10055917247988723,0.495262232309187,0.02012505706813257,-0.11374253367252932,0.14301404382190488,0.43101596655670216,0.10276964579676595,0.7737086574831477,-0.0032441689076473986,0.0032005187861405627,-0.06960047206870447,-0.013651895321396717,-0.008379751862588132,0.011879255014211026,-0.01111643377998108,0.8622930209297847
category_demand_std,0.7982264038822137,0.9849670656583731,1.0,0.81805035906792,0.8171458111800484,0.9655678811156511,0.35308107191772675,0.8180280276493153,0.6611165774793089,0.5182893620621805,-0.0002853630825589753,0.9892313516426241,0.7668480890504509,0.3178419633724353,0.7655477774714562,-0.14023876971522525,0.7840967304615265,-0.16210641251099725,-0.07696168428965884,-0.04864791339186507,-0.021632495120523003,0.8178117846546659,0.2854837646264444,0.4342278112528994,0.7451232756926814,0.717099722450269,-0.12651866787965185,0.7505410326488994,0.8171458111800484,0.35308107191772675,-0.17059209508056,-0.11463399626882807,-0.02305764142137861,-0.06140727332012867,0.7765733914480741,-0.1613365695851144,0.07673355897937184,0.021573749893479564,0.002501461059713201,0.0006377784042658358,-0.04997535829717732,-0.24091692881254048,0.745088269225275,0.7801274496780672,0.5061153663677438,0.019334422318974018,0.7490942666206964,0.7484438614172497,-0.05759703323644077,0.6835974873590942,0.3026171265807072,-0.06739232303025906,0.771253544571764,-0.23636665594282089,0.08837720324859333,0.5921350883151848,-0.023733791935985637,-0.0779693864261234,0.7750585790861423,0.7208329908234216,0.7133702389545328,0.6199565168738485,0.7839514931341459,0.7368794478202856,0.6698013372420424,0.7203187013234816,0.7435323727291614,-0.05373884575329587,-0.03268381256096784,0.7791090166932735,-0.14977271418984453,0.7709896253888954,0.7631344121022801,-0.061545404825898334,-0.0687332767006538,0.5007608478844513,-0.011432849427420306,0.4291139710044856,-0.06718224319555259,0.4312170187642908,0.05349919808838603,0.4449717914119916,0.038118012210461405,-0.03268381256096784,0.1058151261561632,0.5061153663677438,0.020433341057175643,-0.10508383836467187,0.14977271419026303,0.4312170187642908,0.10800915100495141,0.758776323094989,-0.0027924369689511326,0.0033833660992147515,-0.06846554203054321,-0.013471816244244952,-0.00814842037903714,0.011443935458785573,-0.010883187723490147,0.8493568415635454
demand,0.9843939346049778,0.8317621452039107,0.81805035906792,1.0,0.995800990321488,0.8271096488720644,0.4498146816615306,0.9708436336562908,0.7471202792217256,0.5966146494807465,0.2858484378977007,0.8178008297275002,0.8779064637784199,0.38772022198239525,0.8428177276344344,-0.13474933586143875,0.9425394740244902,-0.15427243202625654,-0.07048239790927595,0.0021878529719148022,-0.052369950554222326,0.9236250782958147,0.2797983842207696,0.4107235615916899,0.8850139177768502,0.8931367711311735,-0.10039476543090381,0.9255507004472562,0.995800990321488,0.4498146816615304,-0.16817238432998,-0.01647811324363836,-0.026435822162714766,-0.15192552054894795,0.9333878080425073,-0.15314665544011072,0.018536579461113315,-0.00012663108643966322,-0.03315918603957027,0.011921452703119367,-0.013053605035757358,-0.16416992485186854,0.9258118700316018,0.948501461343518,0.7644074063961466,-0.05822035128582933,0.9266025024133535,0.9143287181930504,-0.03235344518038287,0.8457227757761329,0.37912626410715067,-0.059348257777881705,0.9414754911412192,-0.21001426644017332,0.04218938548283284,0.7875905639298197,0.03396111406165608,-0.08940584923116333,0.9354375688551363,0.8837175229537445,0.8722159924991916,0.8271750793512963,0.9488966105548985,0.8918634332191969,0.8806499904819695,0.8712400516645317,0.8944694503196658,-0.05356201305705877,-0.040820764588592115,0.9477388267401518,-0.11857732642712848,0.9423946965672424,0.9217655797576689,-0.061283844570577756,-0.06254748306995415,0.6699451234306579,0.016939889962965173,0.6023059922093097,-0.0630661288988878,0.4239123879084092,0.16411381844077094,0.6252232338389418,-0.05258507080983485,-0.040820764588592115,0.20210068954407742,0.7644074063961466,0.0015402739053684367,-0.09423777908628943,0.11857732643199037,0.4239123879084092,0.20831963495554845,0.9152596420265506,0.0016729233016595628,0.0068934101091197185,0.16758889197110918,0.06906277865587251,0.02110341476702299,0.0035131755493989845,-0.016556174968113267,0.9448008629828204
unique_orders,0.9768922679035935,0.8258340362469622,0.8171458111800484,0.995800990321488,1.0,0.8207962286799318,0.44120962501492106,0.9694050646173703,0.7381763046117181,0.6019818489021858,0.2877454300154243,0.8117803688042895,0.8850198096405497,0.38726575911696737,0.8375813932947221,-0.1365565727023933,0.9443490189814145,-0.15520080117540608,-0.07121085834432989,0.003866377229111229,-0.05501548741250983,0.9217682818589065,0.25928822585750966,0.4221732292995165,0.8989040348480317,0.8932055482061787,-0.10618705722025701,0.9259566594060613,1.0,0.4412096250149217,-0.16917131255530826,-0.016807590092618934,-0.0256124805295899,-0.144739813985005,0.9437176794782541,-0.15302122826302322,0.01475620402528576,-0.0016329518107082472,-0.03373926458823358,0.01129852959404965,-0.010589175713692446,-0.16411947763010906,0.9285594949872352,0.9496248379037978,0.7682090692598468,-0.06343957816352694,0.9271258134566467,0.9131755003868295,-0.030030879672838108,0.8578837577837153,0.3734274765181143,-0.057247310594072585,0.9419303330074196,-0.20786436309919037,0.04980219905188726,0.7991971655908933,0.03791073017526695,-0.0873710698101244,0.9342394580010306,0.8969998502045265,0.8848563909958668,0.8270433419628297,0.9502849634739271,0.9051306760585647,0.8825033146944854,0.8833256603262093,0.9079758418547337,-0.050817744656617946,-0.04247171114923202,0.9487917650005749,-0.1253691913924151,0.9431660461162906,0.9199264845960814,-0.05917590367553044,-0.06052534691142091,0.6723927721169051,0.01917125531946725,0.6136266875840534,-0.06099183307442151,0.429623543368009,0.17471797785358606,0.6258262861863989,-0.05601357442501433,-0.04247171114923202,0.18852231508663153,0.7682090692598468,-0.00032367502040108674,-0.09092841745586368,0.1253691913960703,0.429623543368009,0.19502321913088863,0.9130300231158572,0.00373507331146829,0.005956408226782134,0.1739694500469318,0.06669892776703437,0.02113049318065868,0.0032369466905798456,-0.01781856536259738,0.943148539628126
category_demand_median,0.8071884800149896,0.9932051244691853,0.9655678811156511,0.8271096488720644,0.8207962286799318,1.0,0.33968223079532667,0.8440548399696121,0.6598798008410417,0.5254859446832054,0.0036643888552581206,0.9651752522617566,0.7625829420672622,0.3014183338500972,0.7615932424626211,-0.14144911617620784,0.7952238673682802,-0.16750732648592945,-0.07470554417976247,-0.0501322859372894,-0.01693415342321568,0.8228036274286497,0.2866670454083972,0.4064569919138261,0.7414707333637037,0.7324033952831394,-0.1273966470339429,0.7638273483389552,0.8207962286799318,0.3396822307953257,-0.1808558184153646,-0.13471256283206276,-0.022867737794461718,-0.040470468432156716,0.7704763640001326,-0.17719431969225058,0.07830433986585039,0.02147670167198187,0.0018097987564239773,2.3343605125064643e-05,-0.05491538757691969,-0.24534652608765398,0.7623688193454959,0.7925293377382071,0.48494836038409245,0.02025870167309095,0.7661937306123688,0.7724634365485676,-0.06232193830598216,0.684813033289385,0.27739144510564084,-0.07155846930204095,0.7876574620811699,-0.2485754118823859,0.07303543966340147,0.5999651800069417,-0.02980851533907106,-0.08156676908472785,0.786046136021254,0.722978521232132,0.7121070875807504,0.6418217883588839,0.7961737201708106,0.7356568481439157,0.6947086219292131,0.7278404441804012,0.7410423605775107,-0.06394669356624881,-0.034811652059326695,0.7926767834420527,-0.14112942168366888,0.7845924320654079,0.7729302742285703,-0.06994867300401533,-0.07433833128551463,0.5240007529205961,-0.01005744960758613,0.43768325035664,-0.07371131558756751,0.4239203731997245,0.046189621237591356,0.4656626105583339,0.03805006283883188,-0.034811652059326695,0.09736337416604121,0.48494836038409245,0.019653408770309258,-0.10966355254446872,0.1411294216830542,0.4239203731997245,0.09953940823855295,0.7695301382576999,-0.0034848728766593523,0.0030174736629504984,-0.0685501303279396,-0.013464962709169989,-0.008306717494844103,0.012125988761096109,-0.010960642109125776,0.8564639115471183
demand_momentum_3m,0.41934428479451574,0.34693490640559316,0.35308107191772675,0.4498146816615306,0.44120962501492106,0.33968223079532667,1.0,0.39056245100123926,0.23607342593349565,0.38139299941118665,0.20186691400647067,0.33874384569768345,0.287037630284405,0.8184858592957944,0.2191922172987882,-0.059429451807432275,0.26867479899933006,-0.037055544045753654,-0.03233192534100884,0.010953982718678434,-0.012082744423621002,0.2478590722051246,0.14508074338361054,0.12298190875128089,0.2700541327354543,0.008762649106923042,-0.07332306432579148,0.2054624990844174,0.44120962501492106,1.0000000000000009,-0.04069493441120957,-0.01919115929735142,-0.01012838922918572,-0.12296889444565179,0.4292366905468073,-0.030359904490030298,0.216258714100216,0.08806380335026727,-0.02620205020959389,0.03160648339702164,0.02025277561068975,-0.07175855486954985,0.13790161566564085,0.241125948442232,0.31744880984916796,0.02256861908782634,0.13395483001251707,0.12396122898142026,0.0019055212582505256,0.04194343700133188,0.2265040590035358,-0.019893891543110487,0.1745086485328526,-0.07655922234254109,0.008624785761697252,0.08445195907330731,-0.016064527587558795,-0.035097801708075506,0.1867416020402089,0.15427058602178512,0.21601623129338401,0.06686013342760726,0.2398421486214474,0.18378662130148518,0.10324867672473155,0.1420937909738909,0.24769893129282433,-0.0065406293540059305,-0.007224407781956194,0.20840282447330025,-0.05628013502032107,0.16783489607490595,0.16085602233355364,-0.010466358134892322,-0.016296385954848384,-0.08238897019775485,0.0116921767302812,-0.10789160624575014,-0.01268542415739423,0.18265145266588273,-0.03624999975681983,-0.10911692499769794,-0.03526996587215999,-0.007224407781956194,0.2184240641530196,0.31744880984916796,0.08093808319862068,-0.03443989409119041,0.0562801350180319,0.18265145266588273,0.215662297430338,0.14608293153359395,0.01528354291538887,0.02516336114302326,-0.1089564022818845,0.1414512326444442,0.019794101655933205,0.0375091257871764,-0.014445899403444373,0.36460667344672504
unique_products,0.9608309231647533,0.8427398965468134,0.8180280276493153,0.9708436336562908,0.9694050646173703,0.8440548399696121,0.39056245100123926,1.0,0.7064574009256499,0.5386594369539597,0.25088479103902234,0.815328132703769,0.9156232991307809,0.3475840161814596,0.8155930899917568,-0.1426662283772105,0.9315483533403462,-0.16008888331727048,-0.07146790772703027,-0.00421010823551736,-0.05187366173659183,0.9097959824227841,0.2729783803383485,0.409943508471493,0.8645856647477511,0.8888327876893207,-0.10146081564372317,0.9173667432498089,0.9694050646173703,0.3905624510012392,-0.17427825349266823,-0.03149909402248168,-0.02772756816984381,-0.05040146859512602,0.8987409913463307,-0.16175297899482113,0.02280127803764531,-0.013974350744783837,-0.022172688328847275,0.021511796385726603,-0.02002521264982936,-0.1683127214121071,0.9270469289137315,0.938738059229721,0.7103672692736042,-0.061181421766710764,0.9238228173605327,0.9172530510394374,-0.039398588565659705,0.827663319305432,0.2809771803686567,-0.06445668030847639,0.9365674673839218,-0.22776082385168622,0.04848266717939172,0.7691587467117095,0.028450578657315883,-0.09330549898838823,0.9204641728615324,0.8657264221558091,0.8521291506534422,0.82706785410965,0.9390516696411805,0.8718372567040071,0.8844485580359057,0.8549838737510436,0.8738290234387964,-0.0637192866529153,-0.04713716513085669,0.9396184465209562,-0.12376757906536831,0.934380270491271,0.9077697549115358,-0.0692645610376599,-0.0691351389332101,0.685789713438544,0.005333999724288218,0.5925751702430939,-0.07024948071803377,0.4357670530503782,0.1514044062212083,0.6369802865084532,-0.05011567092140405,-0.04713716513085669,0.18584146571257826,0.7103672692736042,-0.00265102770620737,-0.10694672377508915,0.12376757907047306,0.4357670530503782,0.19206261532220054,0.9034249744501821,0.005113868200673819,0.0169678189741656,0.15982561467454368,0.06052066744162512,0.015094209493177649,-0.014604889359282508,-0.011242486282573712,0.9370286597345391
demand_std_3,0.7348590020319301,0.6674662107314453,0.6611165774793089,0.7471202792217256,0.7381763046117181,0.6598798008410417,0.23607342593349565,0.7064574009256499,1.0,0.4906819346933436,0.19690875234766367,0.6862767782930014,0.6473573054037404,0.19037106436350826,0.8873685847396194,-0.11275860372823718,0.8013367136979257,-0.1182270996984367,-0.06086721947925509,-0.05484550842907813,-0.06054149099656059,0.8329180320542284,0.24797862739209714,0.3242952223645206,0.7253042255011006,0.7182470693684485,-0.06907636685049898,0.7620748477323598,0.7381763046117181,0.23607342593349576,-0.12656650356182705,0.06636861515895043,-0.023571673630094676,-0.13624296087102136,0.67381491452388,-0.1159603521302322,0.052507013858689035,0.038223630851705166,-0.027706227999404018,-0.03687299164923361,0.00572654842035636,-0.13578818526447264,0.6759040343567616,0.7938168301183102,0.6531233617027853,-0.09759358258571542,0.7431993159887217,0.7253956684547403,-0.01592209991499158,0.6616612259644238,0.3498404032902723,-0.04931001072547562,0.7707703722281718,-0.17777006683362795,0.033947260731703,0.5715901913322293,0.028271484801612123,-0.07474754967224954,0.8535342826501409,0.6906989116012934,0.6913778037128397,0.6099045828177663,0.7977448172279439,0.7122950663490721,0.6480058926085821,0.6791300735223864,0.7210336527760013,-0.037759547215434106,-0.030590914056806303,0.788009615873807,-0.09731064134223152,0.7791251197220954,0.8262172944119107,-0.04572904529225401,-0.05014615819607695,0.48103542343121897,0.09370810297275026,0.44807367947142496,-0.04899143709053404,0.37632712216157016,0.17324232268539877,0.46046456350029735,-0.08267255830578976,-0.030590914056806303,0.1351577193361276,0.6531233617027853,-0.0042102381620667175,-0.07921091681457494,0.0973106413491944,0.37632712216157016,0.14169269530783177,0.814860843718593,0.07558862505833058,-0.05474703919135915,0.15782784119021817,-0.039802958887345787,-0.01892339917846119,0.06789124611466868,-0.03937766171304175,0.7386185281957866
seller_concentration,0.5840812510135338,0.510764836208223,0.5182893620621805,0.5966146494807465,0.6019818489021858,0.5254859446832054,0.38139299941118665,0.5386594369539597,0.4906819346933436,1.0,0.38261427197721165,0.5162463550427074,0.3431710049722734,0.36065569160727945,0.5479581040914198,-0.059548023952757385,0.5394657331797955,0.03800435504076726,-0.09535226363584755,-0.0036967863986881295,-0.0368769373737552,0.57171713419573,0.3279460150576091,0.2936677747792043,0.5684852337212891,0.47365148825084463,-0.016811299697267804,0.510504944945043,0.6019818489021856,0.38139299941118704,0.05478337931920392,0.08180044063419507,-0.02491003718652751,-0.269544705845478,0.6316947490186055,0.07597656448141017,0.1265807954215117,0.0017494112484247155,-0.08414779696923075,0.006237699058570107,0.17662073384798913,-0.09919772310797159,0.4924482271837225,0.5332575306321125,0.40510087732891203,0.04909742070863978,0.49181633007647313,0.47866238314827486,0.21528157267001694,0.5061208818540183,0.6068328531106427,0.12494285745904131,0.513593449038853,-0.014083361610855145,0.059017008588232396,0.42912766075720865,0.1316678236602493,0.014813743604455273,0.5332480933211142,0.5345504159332424,0.5367607783004794,0.39621690274151106,0.5356640807972208,0.5531909483167323,0.42605181960270405,0.5319044944210549,0.5628873114346967,0.2099571387418533,0.11276069484534008,0.5272587207744244,-0.1524365209145905,0.5205857917453494,0.5206507078254101,0.19406680402500182,0.16033300473646225,0.2704304026851066,0.01848526112879701,0.2735950480125133,0.17259357514868004,0.5493315103759726,0.14502298614275447,0.2421397469639932,-0.05638639404822073,0.11276069484534008,0.14296633771869488,0.40510087732891203,0.002448848426302705,0.11130749288672576,0.15243652093788881,0.5493315103759726,0.14669425856949456,0.5133619261974457,0.016668497486341964,-0.003652494418130549,0.10315246131981502,0.0506828556196894,0.024436157672276224,0.008835963184370497,0.004698801276434471,0.5577977844189839
demand_vs_category_avg,0.2965370699432879,0.0023921306558855725,-0.0002853630825589753,0.2858484378977007,0.2877454300154243,0.0036643888552581206,0.20186691400647067,0.25088479103902234,0.19690875234766367,0.38261427197721165,1.0,0.0015567355850307372,0.23603997667366564,0.19057694940770611,0.205552879190338,-0.1443596282701647,0.2447379216730483,0.012960901170417824,-0.06630224192882789,0.08933502596209901,-0.018130936119403793,0.21947942343182136,0.42816960479842364,0.13114617146587376,0.2467976186812698,0.23392947958910218,0.002710897565847673,0.2440163144224329,0.28774543001542424,0.20186691400647086,0.022516826203960807,0.33088924321548085,-0.03546890935385172,-0.23623238173365277,0.28604547593483365,0.056906805149218614,0.060983655375736544,-0.08408635570756617,-0.09854183772516084,-0.01615097074261729,0.13142753855998968,0.2078637597954298,0.23801569205667136,0.24714202559953596,0.31824074033467115,0.05023965123633901,0.2371707618639565,0.21810042195469315,0.105540028992037,0.23598397422377326,0.5245385541223693,0.03820690245719682,0.2387057951160171,-0.0012166027692472044,0.03965971985895566,0.23815315859220249,0.16028890024249037,-0.06586616247545972,0.24338287279371887,0.24192869503237194,0.24202153633643442,0.23288252642769205,0.24626259000115858,0.24549891565924306,0.23272317894436848,0.22389284513273144,0.24753994254609613,0.056285524169909305,0.05304783707401573,0.24464361209293975,-0.04609920864413081,0.24436951338396526,0.23922409302994807,0.05722494793919748,0.046479161990413895,0.16636327422713143,0.0648847944174526,0.19549754709126207,0.05194221521099094,0.4575197924774123,0.2969897360662666,0.1816188410236215,-0.15193084371894278,0.05304783707401573,0.18522644834460908,0.31824074033467115,-0.08160599542293256,0.0005983643348115051,0.04609920869162937,0.4575197924774123,0.19412477188808758,0.2351142637135278,-0.024479664188990596,-0.019997606964591418,0.4693900026134274,0.11114935504009861,0.07643765761134483,-0.020877759595949747,-0.0243914577537094,0.20566534381637167
category_demand_max,0.8014163213744081,0.9823043873652334,0.9892313516426241,0.8178008297275002,0.8117803688042895,0.9651752522617566,0.33874384569768345,0.815328132703769,0.6862767782930014,0.5162463550427074,0.0015567355850307372,1.0,0.7645311393441843,0.2998720268731006,0.788104091338543,-0.14291624054490498,0.7857755963999945,-0.1676716633500148,-0.07802361951775937,-0.050823008368505077,-0.019590329470014482,0.8299116783254099,0.2997532443078931,0.42837847129978107,0.734666223379475,0.7229866072271235,-0.122874979363499,0.7545776133757001,0.8117803688042895,0.33874384569768323,-0.1782739258452983,-0.11428829529358973,-0.025251600441792216,-0.06532675948781286,0.7635512687532223,-0.1713948616326539,0.07617900849871245,0.02206121561398315,0.0026327538452386927,-0.0003083239811862297,-0.05543831307754953,-0.24739183660059721,0.7439552825863279,0.783066114830565,0.4933405900418305,0.021763404430347147,0.7555272550690412,0.7573961485942553,-0.06331834109472985,0.6782066066965153,0.31851164825625705,-0.07349552037567304,0.7766614466651754,-0.24951523006244,0.07983274793282383,0.5913700670052944,-0.02801539609201389,-0.08433765329535249,0.7835102814057121,0.715813296509329,0.705789924277835,0.6281454751859391,0.7866087302163828,0.7288900137991634,0.6715069201034871,0.7186742475450844,0.7343712380504626,-0.061409986498753205,-0.036722585193668195,0.7828191582397006,-0.14596117858370541,0.775033115340511,0.7766925045162668,-0.06895458210240092,-0.07544012467219784,0.5091653442275562,-0.010263207646950568,0.4319650105616422,-0.07421021655681433,0.44062409957045306,0.05056862944137754,0.45139829746798354,0.038066821893832786,-0.036722585193668195,0.10208490663758549,0.4933405900418305,0.02030063047980208,-0.11363562609737068,0.14596117858551982,0.44062409957045306,0.10435488230901435,0.7743466725378956,-0.0032234300527289772,0.0025598693186965715,-0.06907712661191603,-0.013706684609863653,-0.00821409349300425,0.012707165154458265,-0.011132968309784271,0.8469810842890905
unique_sellers,0.8931196506444844,0.7815820735453782,0.7668480890504509,0.8779064637784199,0.8850198096405497,0.7625829420672622,0.287037630284405,0.9156232991307809,0.6473573054037404,0.3431710049722734,0.23603997667366564,0.7645311393441843,1.0,0.2671685809792391,0.7556444225685804,-0.15587587971876873,0.8604580204086244,-0.15563882324210654,-0.0723460987577995,-0.008204076581811177,-0.05193547899050223,0.8371003691358784,0.2747079539869973,0.4600382236524659,0.812118047189923,0.8353559967583694,-0.07913128672065461,0.8534165294753042,0.8850198096405498,0.28703763028440504,-0.17387860917924441,-0.03789189068134933,-0.029784426849750863,-0.027965395302692268,0.8287877766850559,-0.16763794038510896,0.01770760801586043,-0.044865338418315,-0.011500807637448584,0.009678099203421659,-0.016511082667830263,-0.15941883438660293,0.8640772823962843,0.8701144168608259,0.6424755806838374,-0.059964328082362496,0.8675136940640089,0.8690674070164462,-0.03623791133120909,0.791138542146475,0.28529584426818816,-0.05944525697938816,0.8753540719291697,-0.23922245013739088,0.08828155119282072,0.7442792467288466,0.031881615129524046,-0.08812497825611611,0.8541035838224523,0.8265220544239369,0.8054645383308566,0.7874649230989672,0.8700185533485889,0.8252928712699762,0.8291096962215813,0.8222061664858115,0.8233176294896698,-0.067292683539023,-0.03875323528567841,0.8736104375079723,-0.13855017892018145,0.8699724762735851,0.8470346670793322,-0.06855762566146714,-0.06520750725769119,0.6895081354182797,0.010780850591335097,0.6134613317644485,-0.0669278006738087,0.45837901845012424,0.16829452040895984,0.6482558594213156,-0.05249672144618968,-0.03875323528567841,0.1412740687375017,0.6424755806838374,-0.029091003920579356,-0.1075724349691304,0.13855017892928792,0.45837901845012424,0.14843313125486676,0.8455971810620599,0.003406618087810358,0.007278012448285928,0.18689777869572424,0.030994312815065175,0.021285467262860604,-0.02609324336908749,-0.01740255145234525,0.8632805454984063
sales_momentum_3m,0.37540554369200435,0.3066638708717417,0.3178419633724353,0.38772022198239525,0.38726575911696737,0.3014183338500972,0.8184858592957944,0.3475840161814596,0.19037106436350826,0.36065569160727945,0.19057694940770611,0.2998720268731006,0.2671685809792391,1.0,0.18051050455484166,-0.05337735258797952,0.23870875321342222,0.04991374667560515,-0.0012033992922212842,-0.04316396175777914,-0.003831270670527178,0.223026563498994,0.12969536957102312,0.2592156896520564,0.2814021372168696,0.029550141851230134,-0.03338980975095702,0.19042432444218815,0.38726575911696737,0.8184858592957941,-0.019638457774064148,-0.0653167168226612,0.008337378691838246,-0.09623736754222874,0.4715829939676796,-0.009769725781431106,0.219704613189998,0.06165602163021761,0.09004536437431056,0.01892508257713882,0.049694792407980685,-0.09219430555653423,0.13686210392593873,0.21814686925563184,0.26349000451173693,0.01466709059579816,0.13857968916479005,0.12721181491527572,0.06720245921531887,-0.009841159643199388,0.19981147941272562,0.0077524203363457545,0.16702819388649717,-0.05242960121715727,0.136627074781196,0.11454792523281526,-0.12201420067730964,0.06919383269055314,0.1693808554620129,0.1491943062070853,0.19745911691743817,0.09755777220977796,0.21660390261945858,0.16456146274239616,0.12265607326013096,0.13834320862933608,0.2443063724752147,0.018981243637457776,0.1258624661609182,0.1925603277531114,-0.09933055087336727,0.15888865735737598,0.1517234924611562,0.015997000228966295,0.032018985655159975,-0.03267369866859673,0.029121494031644882,-0.05153869322597752,0.02980662119877184,0.17281540751247967,-0.016460390986631827,-0.048832459878755334,-0.01636016234149852,0.1258624661609182,0.13924862438605937,0.26349000451173693,0.04221761897248124,-0.007912701660272128,0.09933055087158141,0.17281540751247967,0.1374837947062923,0.14129135859752986,0.01561127087444707,0.013175998388767346,-0.07816608672685199,0.1249436326946899,0.050003432079893564,0.041058772756588396,-0.040684589855777234,0.31552788574903007
demand_std_6,0.8317303164801783,0.7708844585085852,0.7655477774714562,0.8428177276344344,0.8375813932947221,0.7615932424626211,0.2191922172987882,0.8155930899917568,0.8873685847396194,0.5479581040914198,0.205552879190338,0.788104091338543,0.7556444225685804,0.18051050455484166,1.0,-0.12703900478790198,0.8873081335622698,-0.14047466627281996,-0.06940104387900851,-0.038583858201844116,-0.06997759195251568,0.9483239853349799,0.2727733767565648,0.38667163513346586,0.8045053119640821,0.8353048297588067,-0.08134927643766168,0.8658006152398283,0.8375813932947219,0.2191922172987885,-0.14519431091181464,0.0835839299624881,-0.027676190147943258,-0.1376522461845479,0.7625220970979032,-0.13318037027711013,0.022793202669447704,-0.0668193584702146,-0.03555107525714632,-0.027378119886106483,0.005285889295787821,-0.14614307677765775,0.8230566842261385,0.8899335970879058,0.6262242217335103,-0.11219338623037187,0.8571761703187204,0.8483740139004864,-0.020487235318273605,0.7695299533402074,0.37386654139591613,-0.05715827752277574,0.8790394203696131,-0.1998672225310366,0.04384194403038781,0.6696902777343255,0.04057366557422324,-0.08596661022400115,0.9157500688336103,0.795548302134926,0.788083524731714,0.7148111486215128,0.8913235491686438,0.8088318428758681,0.7286582021524485,0.7929695429729164,0.8103730733913841,-0.0434126877367852,-0.037180200455129986,0.8881251058692524,-0.11011001818044278,0.8831392339834699,0.9291908232291192,-0.052728327702540954,-0.058577663077509334,0.5990451549778435,0.07292081452097181,0.5582099425354167,-0.05759926974072447,0.4276893555564551,0.17978293813692345,0.5760292299055851,-0.07967296405292623,-0.037180200455129986,0.10753041892137856,0.6262242217335103,-0.07860724062423881,-0.08759212333508444,0.11011001818818453,0.4276893555564551,0.11458384221892813,0.9189398797372859,0.05310005349357614,-0.0406189298665285,0.18533042082125956,-0.04270032666462166,0.0317717865748936,0.0059395151559721564,-0.023811547501113497,0.8294113130078837
price_min,-0.1268095804891856,-0.14330212315762864,-0.14023876971522525,-0.13474933586143875,-0.1365565727023933,-0.14144911617620784,-0.059429451807432275,-0.1426662283772105,-0.11275860372823718,-0.059548023952757385,-0.1443596282701647,-0.14291624054490498,-0.15587587971876873,-0.05337735258797952,-0.12703900478790198,1.0,-0.12803985542875718,0.2459437014910217,0.09686542662062708,-0.0004096961446543945,-0.0056011545296766494,-0.132474033470164,-0.20716911503979119,0.12576703807516915,-0.07442834476211999,-0.11847326990852981,0.2741124875361035,-0.12320618388434369,-0.13655657270239333,-0.059429451807432206,0.3045739781751099,-0.07115846079023333,0.13186965188099312,-0.12260558549809207,-0.0819459750981376,0.3120148927539256,0.004130058308048514,0.02467333014702413,0.21330262704666814,-0.012131382891576198,0.22194305115028048,-0.062428185478821036,-0.12097928647471469,-0.12765837911938613,-0.08273062858338058,0.011145297066572754,-0.12394451271714288,-0.12398257327067437,0.2549952896862781,-0.07530150151547316,-0.07683397623476965,0.4936398475064057,-0.1268866591259487,0.5669591356807695,0.0034931486832587844,-0.07376029853081034,0.1151880967711454,0.8043142970504833,-0.1278913821429071,-0.07306868570265754,-0.07109592111824191,-0.10591568474180092,-0.12825993807025382,-0.07427084622621355,-0.11037299237123403,-0.06298342849035944,-0.07312444011860557,0.5099483087248627,0.5543832960727799,-0.12775806233217885,-0.13150823329493053,-0.1265385910259844,-0.1269264834591463,0.5060227825761052,0.4972074692540106,-0.08602585378501264,-0.0068638066176932855,-0.08020755691725315,0.498201055728757,-0.27755870421082474,-0.07778222453903204,-0.07905106879005457,-0.004924500804902434,0.5543832960727799,-0.03645298801958069,-0.08273062858338058,0.006890640510633017,0.626221811660625,0.13150823330344966,-0.27755870421082474,-0.03925316779462577,-0.12637575399320808,-0.01931954801326466,-0.00943185746768766,-0.057809986604493595,-0.0002669162300698886,-0.0038154471259856716,0.00915950951951619,-0.004596252476642942,-0.13397176881851286
demand_lag_1,0.932539322317504,0.7988974252143966,0.7840967304615265,0.9425394740244902,0.9443490189814145,0.7952238673682802,0.26867479899933006,0.9315483533403462,0.8013367136979257,0.5394657331797955,0.2447379216730483,0.7857755963999945,0.8604580204086244,0.23870875321342222,0.8873081335622698,-0.12803985542875718,1.0,-0.15240359101312476,-0.06667775033511233,-0.026974045702827545,-0.07030151570546107,0.9494817151939677,0.25061612348276535,0.40190356891954543,0.9328088535617508,0.923571862893237,-0.0907748141615283,0.940259425945271,0.9443490189814147,0.26867479899933033,-0.16520042830032458,0.011338330553880933,-0.02586844684025576,-0.12441065618615771,0.8801926479073382,-0.15146314297015764,-0.02303618857126516,-0.02607170941436725,-0.03112587271769622,0.0326231626587125,-0.00774207678287585,-0.15179138030402173,0.9548412438323255,0.9854907671295867,0.7497314842768559,-0.1141466758504705,0.9559946337223437,0.9434639483346297,-0.03243991640391137,0.8718238566222237,0.34081265624777557,-0.060693413653426995,0.9763140254378488,-0.20326152128088043,0.04054052599919234,0.7984126084249991,0.04283003385717887,-0.08590650353094725,0.9766524318147193,0.907018780430607,0.881123948216982,0.8441432275405599,0.9957528594816432,0.9201921271416352,0.9020304284376379,0.8948497036940771,0.9236244167061434,-0.054510202451435875,-0.04280725624336287,0.9883334551750385,-0.11090805553995584,0.9774499013458137,0.9614736445389956,-0.061918775361179436,-0.06389438302452907,0.7131114585016561,0.020279198362076267,0.6485822922437131,-0.06395155482297672,0.40434397849796017,0.19075381455179435,0.6734010224801813,-0.05981802376993991,-0.04280725624336287,0.14815674707207677,0.7497314842768559,-0.022629439276615055,-0.09168455508113237,0.11090805554493509,0.40434397849796017,0.15573399715536906,0.957403585221872,0.055166001209677656,0.018215966862724902,0.19300782362236388,-0.00045706165725039406,0.0076922659619608705,-0.019418496585728588,-0.015380559576849572,0.9284476016153753
price_std_3,-0.14107890048981306,-0.16863233125928676,-0.16210641251099725,-0.15427243202625654,-0.15520080117540608,-0.16750732648592945,-0.037055544045753654,-0.16008888331727048,-0.1182270996984367,0.03800435504076726,0.012960901170417824,-0.1676716633500148,-0.15563882324210654,0.04991374667560515,-0.14047466627281996,0.2459437014910217,-0.15240359101312476,1.0,0.06353145157408704,-0.027593289536823856,0.025696191199758266,-0.1518586516789205,-0.003567200660407665,0.14411279788972922,-0.04399783290267848,-0.15063865275986965,0.2263043160824021,-0.15363483148398188,-0.15520080117540608,-0.03705554404575355,0.8498941874109941,0.028811874096551685,0.04571708868705502,-0.023320413500958887,-0.045961272792861683,0.7666723907929051,0.1437195709119016,-0.05290329548168926,0.032036026032180066,0.04991063407025369,0.6791713589095394,0.22137327056265488,-0.15556972519452092,-0.15594381672902036,-0.10729017731614833,0.10376427760613229,-0.15349429519676086,-0.1511448690110382,0.7133849179314626,-0.09073875123280553,0.0822362096625984,0.6041093063549682,-0.15546411167812008,0.5632474771136411,0.23546075553676898,-0.10579084068319426,0.15534814210669398,0.39982058713767404,-0.1544856896532555,-0.07458794245032468,-0.07666274758946029,-0.13661211081424182,-0.15502740245995159,-0.07220857927382042,-0.14288277469145624,-0.06324285500976902,-0.06184851875825536,0.6081818897264156,0.4521285956478682,-0.15578511675064752,-0.07839093221122084,-0.15661208556644404,-0.15388629284967992,0.6398619631141048,0.6683921394434329,-0.11061456273883198,-0.07051751306498387,-0.09711348307291244,0.7112702566046007,-0.01977814523543474,-0.03218107232331164,-0.10365496576685088,0.010382100613028068,0.4521285956478682,-0.03875643426284584,-0.10729017731614833,-0.009508768253584878,0.5244950769827158,0.07839093224209828,-0.01977814523543474,-0.04092353419179418,-0.15344657245135918,0.009762898948052821,0.04717797459713817,0.0003194443902742942,-0.009600449550317467,0.003278226734217211,-0.08505909394508918,0.055811969523733414,-0.15928893252006376
price_growth_1m,-0.07057267390036931,-0.07609532893359182,-0.07696168428965884,-0.07048239790927595,-0.07121085834432989,-0.07470554417976247,-0.03233192534100884,-0.07146790772703027,-0.06086721947925509,-0.09535226363584755,-0.06630224192882789,-0.07802361951775937,-0.0723460987577995,-0.0012033992922212842,-0.06940104387900851,0.09686542662062708,-0.06667775033511233,0.06353145157408704,1.0,0.0684320396593793,0.5092772933523122,-0.07141521620319335,-0.07275720556748227,0.04492157116161239,-0.07803142862645208,-0.06185318911412694,0.10155163100161131,-0.0632988031664931,-0.07121085834432989,-0.032331925341008795,0.038541943651775074,-0.032331179784742994,0.021775228021488843,0.031237045646871724,-0.05894837369399486,0.029608168987974685,-0.00840219370781926,-0.012099434438979064,0.2665885027727395,-0.014809060799594907,0.03289814442501756,0.03534009259896066,-0.06131726763314075,-0.0656942872011462,-0.043242011045709516,0.06324565558029882,-0.06263800765301689,-0.06290299420186103,0.004807831964044169,-0.0665232368306651,-0.09581537667442527,-0.1042279995919479,-0.06492188315618082,0.08650970026338223,0.13276560571051593,-0.055278869335695556,-0.049055299631701584,0.14939451386589445,-0.06654839534901018,-0.06988188968830397,-0.06720927109190948,-0.05255746607668503,-0.06633696064212642,-0.07307021875183778,-0.05368609929709122,-0.07110315936888992,-0.07435256538583251,-0.04061724813865907,0.12765923327548453,-0.06572423713133323,-0.11992959186623842,-0.06492917471484685,-0.06644742190839739,-0.041101039019433426,-0.05770245194906001,-0.03882276697369489,-0.0013727592137226677,-0.03992264109090036,-0.03229168785419554,-0.12139020545562977,-0.04573459139991088,-0.03708818919724773,-0.027836311238633997,0.12765923327548453,-0.021191973247605612,-0.043242011045709516,-0.003761506139926802,0.04225208382678596,0.11992959187006838,-0.12139020545562977,-0.022411004733293473,-0.06639137193582995,0.028244462062609246,-0.024120175215548205,-0.042068815620610184,-0.023487760854587727,0.0061917961382928575,-0.014523867301423184,-0.015507468650120083,-0.07089892125379607
demand_acceleration,0.004129301490462551,-0.05180319867276849,-0.04864791339186507,0.0021878529719148022,0.003866377229111229,-0.0501322859372894,0.010953982718678434,-0.00421010823551736,-0.05484550842907813,-0.0036967863986881295,0.08933502596209901,-0.050823008368505077,-0.008204076581811177,-0.04316396175777914,-0.038583858201844116,-0.0004096961446543945,-0.026974045702827545,-0.027593289536823856,0.0684320396593793,1.0,0.3581570534020937,-0.024595742786012335,0.025934009492657298,0.018691370231064073,-0.03771772603650626,0.013963282740827608,0.006955480910206718,0.02771643094447801,0.003866377229111228,0.010953982718678429,-0.021778909296834202,0.018581252639712463,0.0056696128334514555,-0.03554319387151695,-0.00504972166476178,-0.012136651395890976,-0.06597087201011466,-0.025359262289738192,0.012240181458487702,0.0023002575845279477,-0.08247962795216673,0.03960680806332636,0.014013320597910136,-6.454096973117358e-05,0.011572097175565541,0.5105186593650565,0.005335205209986478,0.003141293520603684,-0.058390179557956355,0.015899345151280553,0.004713044076080061,0.11565991045958814,-0.0007293515001245277,0.015588309239528184,0.026550894151666397,0.01888291430893773,0.014598677182967094,0.0021148361963089627,-0.007977475269662849,0.0018310953550870924,0.027812521508939456,0.01858868861464259,-0.013287816484055838,0.00029357075281166316,0.015372651157758379,-0.0012205231800595285,-0.005561677689761175,0.02884220240659907,-0.006366931892510711,-0.006079782409840905,-0.010403159450539046,0.002853743888732306,-0.00474200828272116,0.029351965411540296,0.03172617314226584,0.00970602650582017,-0.046068842540053695,0.010962075461564979,0.03330787663014136,0.006825080620731078,0.01992491912375738,0.010775666799259771,0.013775836627610314,-0.006366931892510711,0.006608882867369122,0.011572097175565541,-0.0011506438006281255,0.008548177949702567,0.010403159458554677,0.006825080620731078,0.006997315797957325,-0.004190111283516545,-0.08418220822656658,0.024598565467144926,0.04590513554578817,0.03955275894151813,0.02995401375841674,-0.04169097465424919,0.029612984397666058,-0.020800267938653874
sales_growth_1m,-0.054703197467845965,-0.018292523865270516,-0.021632495120523003,-0.052369950554222326,-0.05501548741250983,-0.01693415342321568,-0.012082744423621002,-0.05187366173659183,-0.06054149099656059,-0.0368769373737552,-0.018130936119403793,-0.019590329470014482,-0.05193547899050223,-0.003831270670527178,-0.06997759195251568,-0.0056011545296766494,-0.07030151570546107,0.025696191199758266,0.5092772933523122,0.3581570534020937,1.0,-0.0715919780333039,0.06914351125916873,0.030305374464029585,-0.07470245851878236,-0.06394854147355118,-0.0032530594557107777,-0.0634285506310683,-0.05501548741250983,-0.012082744423620857,0.01009639727960439,-0.05410236856674583,0.0062138131505782915,0.028295913841223135,-0.05011910920422622,0.002046947596591434,0.00989949454856578,0.022913843909533303,0.14334673517707736,-0.024737128999039397,-0.018462316710549972,-0.015924864320296286,-0.06387437929427525,-0.06791772056845176,-0.0395111286623257,0.5960660074305413,-0.06488175342129017,-0.06515273196820566,-0.017085242899700495,-0.06646626405368591,-0.014960068351693974,-0.04985336764423373,-0.06729922396772346,0.02437707252098995,0.1115949708465011,-0.05741249352147229,-0.04939324889491888,0.04450259358848482,-0.06843346661316209,-0.06915168629707569,-0.0665768660062413,-0.05514988711262462,-0.06928943445586287,-0.07116175266391435,-0.056073383262677384,-0.07057416394469322,-0.07205607319228222,-0.025491604871842457,0.05500317046487653,-0.06835086527818929,-0.051352230992985436,-0.06713899265252203,-0.06855748248765633,-0.02473261331390941,-0.03487989936650519,-0.044042888944264044,-0.012289723645643857,-0.044186296806789614,-0.023776453663757805,-0.005208535408016295,-0.04453895150128072,-0.042429845383566034,0.016159444192753003,0.05500317046487653,-0.01481102307864511,-0.0395111286623257,0.023398804928774424,-0.005786614903252593,0.0513522309910748,-0.005208535408016295,-0.016524812049815343,-0.0687190127504474,-0.009668060186745079,-0.01969504780447517,-0.07692505451717319,-0.011359436789695171,-0.0017578226915750915,0.010849667049652088,-0.013562966531369292,-0.04761441239089341
demand_std_12,0.9089957797041747,0.8286431797276759,0.8178117846546659,0.9236250782958147,0.9217682818589065,0.8228036274286497,0.2478590722051246,0.9097959824227841,0.8329180320542284,0.57171713419573,0.21947942343182136,0.8299116783254099,0.8371003691358784,0.223026563498994,0.9483239853349799,-0.132474033470164,0.9494817151939677,-0.1518586516789205,-0.07141521620319335,-0.024595742786012335,-0.0715919780333039,1.0,0.2767011568283877,0.41412885723505716,0.8796495973473909,0.9122335051861489,-0.09059742803055452,0.9350693919272506,0.9217682818589066,0.24785907220512507,-0.16001956336066062,0.03250297364231436,-0.02755505380966067,-0.13044500290270472,0.8546148841125083,-0.1440326202582844,0.0003101529528199715,-0.0423689751752709,-0.03390118459523353,0.03226977307537886,0.0017899164201253344,-0.15318713819241295,0.9203858283373666,0.9566230689431031,0.6691687366802879,-0.11339141099606319,0.9352952945604315,0.9186607528487508,-0.02414805620707174,0.8513618406376922,0.36745022058959614,-0.05918926564133773,0.951232271264517,-0.20756403008012128,0.04965071610636518,0.7639572133268956,0.04949486481437327,-0.08731773217897414,0.9637365303519931,0.8800299589880629,0.8676664713114592,0.8091910091067688,0.9571874690781301,0.889698151867317,0.8471606797710958,0.8676505089158588,0.8891276329840089,-0.04795224189222429,-0.03811263738724911,0.957126635026208,-0.11947929606760721,0.9539389292577019,0.9642535323487464,-0.05764977290772636,-0.06172743071311338,0.6222443273272136,0.0026943624967554853,0.5764796146558068,-0.061575054937109755,0.44006440387142476,0.17658328707386117,0.588247045709661,-0.05392853157218313,-0.03811263738724911,0.14601127258503166,0.6691687366802879,-0.02749194144225022,-0.08909903908307415,0.11947929607420918,0.44006440387142476,0.15283390438102948,0.9610841092968339,0.041042309436028684,0.022110669556587262,0.17349224145741513,0.00780166005746761,0.011531817120105897,-0.03677293708747923,-0.00806247210450945,0.9118602705378052
items_per_order,0.30021798479518785,0.2925680164044053,0.2854837646264444,0.2797983842207696,0.25928822585750966,0.2866670454083972,0.14508074338361054,0.2729783803383485,0.24797862739209714,0.3279460150576091,0.42816960479842364,0.2997532443078931,0.2747079539869973,0.12969536957102312,0.2727733767565648,-0.20716911503979119,0.25061612348276535,-0.003567200660407665,-0.07275720556748227,0.025934009492657298,0.06914351125916873,0.2767011568283877,1.0,0.2078908972894766,0.23891063909760826,0.23048691301411128,0.021468067884852806,0.24164085350319975,0.25928822585750966,0.14508074338361035,0.017414217786312358,0.13119061402187068,-0.0694233725258374,-0.21581458749836785,0.26364178689817214,0.03513688900244415,0.0930198174792707,-0.02417128203968023,-0.10391557024864594,-0.024197647533587593,0.08824756225995026,0.05028110341177466,0.230538789165898,0.25014422071858644,0.15732594132947345,0.14527866212372392,0.24050462836019948,0.24354354693714872,0.08734314830496172,0.21925395498915226,0.6075997385135903,0.0407350280839612,0.24792351619200936,-0.08910863310318284,0.12210619453795862,0.20066768902344526,0.1161359489735726,-0.07050045203094685,0.25585282182973473,0.23377171202579808,0.22935923474067543,0.20259357708767486,0.25095946359734994,0.23620535487333236,0.20547367517228243,0.23829644382966098,0.23856439083908942,0.0649116444430461,0.16975171680117765,0.24965242473299268,-0.10332875012034318,0.24729536764153712,0.25531369375540064,0.05984174223409813,0.050458391493823335,0.1529875532254511,0.017126903489687734,0.1335412928157696,0.04868219426184144,0.6042758049283351,0.10283932000603263,0.14227482435669866,-0.03701031750037927,0.16975171680117765,0.08696071597242404,0.15732594132947345,-0.03321025876233989,0.005258523306628815,0.10332875020020732,0.6042758049283351,0.0909129604979132,0.2554068519885172,0.012287600235954012,-0.03076089709455124,0.13578528403139667,0.02366708755841065,0.007119219790586785,0.0063906033321204725,-0.01574048598114249,0.27288256696510915
price_max,0.4365581919584305,0.4163740354682088,0.4342278112528994,0.4107235615916899,0.4221732292995165,0.4064569919138261,0.12298190875128089,0.409943508471493,0.3242952223645206,0.2936677747792043,0.13114617146587376,0.42837847129978107,0.4600382236524659,0.2592156896520564,0.38667163513346586,0.12576703807516915,0.40190356891954543,0.14411279788972922,0.04492157116161239,0.018691370231064073,0.030305374464029585,0.41412885723505716,0.2078908972894766,1.0,0.48878572136647436,0.3904820559641965,0.2454818337365275,0.39389244820738734,0.4221732292995166,0.12298190875128102,0.16542854431645954,-0.016612796309890116,0.0481968273787234,0.01883686617437411,0.5356373074471864,0.22413193139482937,0.025994905665708546,-0.0536475761588571,0.3173074405063204,-0.0356290756679434,0.2886296302133005,-0.04942756893381967,0.39717049644289454,0.4040659026596733,0.2953088085094405,-0.007348907092010195,0.4057590314084526,0.4049405742043176,0.2642540597716819,0.4463563682058447,0.2582436847862105,0.2989190970333687,0.40880650094754584,0.23834023480439268,0.7671318218712725,0.4270105573508096,0.23747074218143338,0.4665853750064699,0.40316959188639656,0.4858445660429663,0.4711319829974699,0.3639721225926063,0.4055932495626589,0.48373069318718825,0.37405553993743373,0.498946250780503,0.4891703842151563,0.32756873067146375,0.5362347349280063,0.40746720959710964,-0.3246346981021851,0.4054099951024065,0.40623723820885455,0.31401058354477107,0.30537600794521785,0.3127853004292115,0.06711966966709952,0.3305110065138722,0.31354881369191606,0.3975230828188954,0.19228467146061015,0.29466864242517254,-0.051152793077271774,0.5362347349280063,0.06511996091126922,0.2953088085094405,-0.06404914882318431,0.36446569679135093,0.32463469812380813,0.3975230828188954,0.06940104694833273,0.40466481019399975,-0.024003670814636398,-0.03345903539078411,0.14251236574568094,0.013679715009297664,0.060075659598196635,0.014751633674035048,-0.047172925735767576,0.41262357319463067
sales_lag_1,0.8828022805417636,0.7429168491016627,0.7451232756926814,0.8850139177768502,0.8989040348480317,0.7414707333637037,0.2700541327354543,0.8645856647477511,0.7253042255011006,0.5684852337212891,0.2467976186812698,0.734666223379475,0.812118047189923,0.2814021372168696,0.8045053119640821,-0.07442834476211999,0.9328088535617508,-0.04399783290267848,-0.07803142862645208,-0.03771772603650626,-0.07470245851878236,0.8796495973473909,0.23891063909760826,0.48878572136647436,1.0,0.8590473335808398,-0.0242649673121973,0.8778954225303692,0.8989040348480315,0.27005413273545437,-0.04583184553753835,-0.002619076797188709,-0.010024816177321847,-0.1370171807042115,0.9326865479662885,-0.02721120500161506,-0.009097082404822819,-0.03809677702934329,-0.01892511842270073,0.0365637213137729,0.137160605938819,-0.14865216215389523,0.8947032102066106,0.9196511763407283,0.7231623780057551,-0.11369339386177471,0.8898576788466029,0.8755547449720161,0.09404214116193245,0.9071408488071275,0.3601236313499029,0.07147424968188994,0.9091952870727552,-0.08662607488786496,0.13055939194117133,0.8209904036612972,0.11859664214800526,0.022078628041691778,0.9063426186107707,0.9510586056550021,0.930135791789675,0.7863448780983547,0.928733006595175,0.9727624727663325,0.8455356576511665,0.9390421388549842,0.9830204756608812,0.0886049023727335,0.08640174421660987,0.9213514833458046,-0.16314934001958364,0.9111737115011778,0.8873585960255829,0.08183614602923696,0.07118812930263514,0.6588560973661929,0.01702500835422451,0.654044319460052,0.07674684432732018,0.4080128852233498,0.24504529368348682,0.6170087148485873,-0.05357841928892123,0.08640174421660987,0.12092610177714203,0.7231623780057551,-0.03235312713993339,0.05351596510326181,0.1631493400275871,0.4080128852233498,0.128354210632754,0.8826408461391794,0.049473103929496706,0.02374498985632424,0.19561442184364392,0.0011791665234975135,0.020648098331035283,-0.025506797841295184,-0.024664806029347716,0.8752930074528231
demand_lag_3,0.8913450224965752,0.7340864795714123,0.717099722450269,0.8931367711311735,0.8932055482061787,0.7324033952831394,0.008762649106923042,0.8888327876893207,0.7182470693684485,0.47365148825084463,0.23392947958910218,0.7229866072271235,0.8353559967583694,0.029550141851230134,0.8353048297588067,-0.11847326990852981,0.923571862893237,-0.15063865275986965,-0.06185318911412694,0.013963282740827608,-0.06394854147355118,0.9122335051861489,0.23048691301411128,0.3904820559641965,0.8590473335808398,1.0,-0.07207845388353971,0.9381130639620633,0.8932055482061788,0.00876264910692318,-0.16238989025627426,0.011297594722458983,-0.02396877267407981,-0.11129450287888094,0.8291864560440825,-0.14935950650125343,-0.0829094869871422,-0.060056558350163956,-0.025797690932345595,0.014546900547433857,-0.012007736273105214,-0.13122207991989732,0.9709546276662945,0.9448749974905036,0.6998290423249592,-0.10275088538928842,0.9730944450843813,0.9639162811317828,-0.033611830609461345,0.9310651648129592,0.3077367207657585,-0.05712344543114938,0.9696050643846064,-0.1908258410533914,0.039285615459336856,0.8439216586552442,0.05610883467411138,-0.08137009609221166,0.9569138362128662,0.9154794275159353,0.8736292257621837,0.8964365093524183,0.9453997386058457,0.9102904080404596,0.9364329515854207,0.9072612753602225,0.8816013526359799,-0.056423180979117096,-0.042752707011041766,0.9598185188233708,-0.10024387846776005,0.9743078407993409,0.9547648381040944,-0.06333403440313413,-0.06216525702416263,0.7907879721255956,0.0020435076344478167,0.7306819737692557,-0.06444573145767356,0.3729716145911172,0.20902621396093723,0.7565753634332705,-0.04369872272207761,-0.042752707011041766,0.11953912784432594,0.6998290423249592,-0.043918014931118236,-0.08644129032921857,0.1002438784744207,0.3729716145911172,0.12812956326256816,0.9549146735061059,0.003531388427627874,0.010458580593330331,0.2574320670671629,0.011179432993174716,0.019179288683735366,-0.03433002018218108,-0.007635612543893362,0.86951286938208
avg_freight,-0.02537939895252973,-0.1241411884274597,-0.12651866787965185,-0.10039476543090381,-0.10618705722025701,-0.1273966470339429,-0.07332306432579148,-0.10146081564372317,-0.06907636685049898,-0.016811299697267804,0.002710897565847673,-0.122874979363499,-0.07913128672065461,-0.03338980975095702,-0.08134927643766168,0.2741124875361035,-0.0907748141615283,0.2263043160824021,0.10155163100161131,0.006955480910206718,-0.0032530594557107777,-0.09059742803055452,0.021468067884852806,0.2454818337365275,-0.0242649673121973,-0.07207845388353971,1.0,-0.0816086785622612,-0.10618705722025701,-0.07332306432579161,0.2759979269560017,0.06342353684461102,-0.045430383381533206,0.004748050830836849,-0.022997577708153527,0.3034848904590506,-0.010111239759206123,-0.07859664070833593,0.21200105902559954,0.04147033112128838,0.32301062118813334,0.033564001901490156,-0.08266048261100417,-0.08793366270023054,-0.06998336561922705,0.002291264611397318,-0.07719186727176325,-0.07064792472465416,0.3288397881344345,-0.010892319231812511,0.024018004978411337,0.35088170166451044,-0.08179060392706468,0.31115467679897174,0.3485002402493602,-0.011263323821377184,0.29344408324029486,0.4377513081989521,-0.08457346964158384,-0.013381635579443493,-0.02038298043821453,-0.05832745836101789,-0.0887794111868082,-0.019593724428925874,-0.07075069554631874,0.00045397475049880503,-0.02302999751431883,0.35592880442060326,0.4638146361915462,-0.08601524691541035,-0.032773330179857556,-0.08422161238730465,-0.08020428479905953,0.3570710334250336,0.36139815316303503,-0.032305958007950046,-0.04937403591225989,-0.002872553239233477,0.3641107122550962,0.04033647744990147,0.08098465890531842,-0.014299708050561391,0.0041046382149718735,0.4638146361915462,-0.030633246864885236,-0.06998336561922705,-0.024265155922937844,0.43558680466959404,0.03277333033024225,0.04033647744990147,-0.029467753731896997,-0.07662947478085433,-0.012216318937145627,0.04569742286006975,0.07859043466563145,-1.2183978599406162e-05,0.013612465813824162,-0.08035825268997182,0.0004933165471591269,-0.10571996263412589
demand_lag_2,0.9222394842415869,0.766377909498068,0.7505410326488994,0.9255507004472562,0.9259566594060613,0.7638273483389552,0.2054624990844174,0.9173667432498089,0.7620748477323598,0.510504944945043,0.2440163144224329,0.7545776133757001,0.8534165294753042,0.19042432444218815,0.8658006152398283,-0.12320618388434369,0.940259425945271,-0.15363483148398188,-0.0632988031664931,0.02771643094447801,-0.0634285506310683,0.9350693919272506,0.24164085350319975,0.39389244820738734,0.8778954225303692,0.9381130639620633,-0.0816086785622612,1.0,0.9259566594060613,0.20546249908441724,-0.16449172686645777,0.0088293221092721,-0.02527041307435067,-0.12198655708916277,0.8633315082376798,-0.15121602255280875,-0.05387513963380914,-0.04890097916900164,-0.02837404001866326,-0.0034541104104091934,-0.008518304837190273,-0.1429578294016398,0.969826072667222,0.9843550222808901,0.7309587001025544,-0.1005840146360815,0.9697466114626206,0.9592342644021296,-0.03453369300170954,0.8812706550069193,0.3251836869280791,-0.05871396331326336,0.9773333436090256,-0.19673759455652653,0.03993768412407723,0.8309453512125167,0.049538506238713455,-0.08299530862596206,0.9720938084643189,0.9174679719699961,0.9318898494843935,0.8766808928913508,0.9664337769645608,0.9208768508107834,0.9248559615311541,0.9072388869578621,0.9204921717282077,-0.05588666940661371,-0.042063973274974166,0.9758434450645391,-0.1063351445039301,0.9812038466577107,0.9628101079674326,-0.06298027981318499,-0.06416590407964096,0.757599014361824,0.011114059734794037,0.6962299181890376,-0.06491979485464607,0.38966574843460056,0.19993126821558935,0.7240602019097381,-0.04798641633091614,-0.042063973274974166,0.11530694033392533,0.7309587001025544,-0.04075540930558499,-0.08888890689079573,0.10633514451007103,0.38966574843460056,0.12357438240151229,0.9615947845137444,0.014493630005441318,-0.004312275699145596,0.24365734223072374,-0.002730017083741364,0.03332199626359479,-0.023483246969712702,-0.031848638222452715,0.8955795482020017
unique_customers,0.9768922679035935,0.8258340362469622,0.8171458111800484,0.995800990321488,1.0,0.8207962286799318,0.44120962501492106,0.9694050646173703,0.7381763046117181,0.6019818489021856,0.28774543001542424,0.8117803688042895,0.8850198096405498,0.38726575911696737,0.8375813932947219,-0.13655657270239333,0.9443490189814147,-0.15520080117540608,-0.07121085834432989,0.003866377229111228,-0.05501548741250983,0.9217682818589066,0.25928822585750966,0.4221732292995166,0.8989040348480315,0.8932055482061788,-0.10618705722025701,0.9259566594060613,1.0,0.4412096250149217,-0.16917131255530826,-0.016807590092618934,-0.0256124805295899,-0.144739813985005,0.9437176794782541,-0.15302122826302322,0.01475620402528576,-0.0016329518107082472,-0.03373926458823358,0.01129852959404965,-0.010589175713692446,-0.16411947763010906,0.9285594949872352,0.9496248379037978,0.7682090692598468,-0.06343957816352694,0.9271258134566467,0.9131755003868295,-0.030030879672838108,0.8578837577837153,0.3734274765181143,-0.057247310594072585,0.9419303330074196,-0.20786436309919037,0.04980219905188726,0.7991971655908933,0.03791073017526695,-0.0873710698101244,0.9342394580010306,0.8969998502045265,0.8848563909958668,0.8270433419628297,0.9502849634739271,0.9051306760585647,0.8825033146944854,0.8833256603262093,0.9079758418547337,-0.050817744656617946,-0.04247171114923202,0.9487917650005749,-0.1253691913924151,0.9431660461162906,0.9199264845960814,-0.05917590367553044,-0.06052534691142091,0.6723927721169051,0.01917125531946725,0.6136266875840534,-0.06099183307442151,0.429623543368009,0.17471797785358606,0.6258262861863989,-0.05601357442501433,-0.04247171114923202,0.18852231508663153,0.7682090692598468,-0.00032367502040108674,-0.09092841745586368,0.1253691913960703,0.429623543368009,0.19502321913088863,0.9130300231158572,0.00373507331146829,0.005956408226782134,0.1739694500469318,0.06669892776703437,0.02113049318065868,0.0032369466905798456,-0.01781856536259738,0.943148539628126
demand_trend_3m,0.4193442847945159,0.34693490640559316,0.35308107191772675,0.4498146816615304,0.4412096250149217,0.3396822307953257,1.0000000000000009,0.3905624510012392,0.23607342593349576,0.38139299941118704,0.20186691400647086,0.33874384569768323,0.28703763028440504,0.8184858592957941,0.2191922172987885,-0.059429451807432206,0.26867479899933033,-0.03705554404575355,-0.032331925341008795,0.010953982718678429,-0.012082744423620857,0.24785907220512507,0.14508074338361035,0.12298190875128102,0.27005413273545437,0.00876264910692318,-0.07332306432579161,0.20546249908441724,0.4412096250149217,1.0,-0.04069493441120957,-0.019191159297351316,-0.010128389229185705,-0.12296889444565204,0.4292366905468076,-0.03035990449003014,0.21625871410021574,0.08806380335026708,-0.02620205020959399,0.0316064833970216,0.020252775610689618,-0.07175855486954973,0.13790161566564124,0.24112594844223192,0.3174488098491683,0.022568619087826366,0.1339548300125175,0.12396122898141969,0.0019055212582504979,0.04194343700133208,0.22650405900353573,-0.019893891543110474,0.17450864853285264,-0.07655922234254119,0.008624785761697288,0.08445195907330723,-0.016064527587558757,-0.03509780170807545,0.18674160204020834,0.15427058602178512,0.21601623129338468,0.06686013342760751,0.23984214862144726,0.18378662130148507,0.103248676724732,0.14209379097389113,0.24769893129282447,-0.006540629354005917,-0.007224407781956183,0.20840282447330088,-0.05628013502032096,0.16783489607490606,0.16085602233355423,-0.010466358134892351,-0.01629638595484837,-0.08238897019775475,0.011692176730281183,-0.10789160624575005,-0.012685424157394234,0.18265145266588273,-0.03624999975681978,-0.10911692499769794,-0.03526996587215996,-0.007224407781956183,0.21842406415301974,0.3174488098491683,0.08093808319862072,-0.03443989409119042,0.05628013501803179,0.18265145266588273,0.21566229743033782,0.1460829315335946,0.015283542915388847,0.02516336114302326,-0.10895640228188427,0.14145123264444426,0.01979410165593322,0.03750912578717635,-0.014445899403444352,0.364606673446726
price_std_6,-0.15457128476085777,-0.18167396680623654,-0.17059209508056,-0.16817238432998,-0.16917131255530826,-0.1808558184153646,-0.04069493441120957,-0.17427825349266823,-0.12656650356182705,0.05478337931920392,0.022516826203960807,-0.1782739258452983,-0.17387860917924441,-0.019638457774064148,-0.14519431091181464,0.3045739781751099,-0.16520042830032458,0.8498941874109941,0.038541943651775074,-0.021778909296834202,0.01009639727960439,-0.16001956336066062,0.017414217786312358,0.16542854431645954,-0.04583184553753835,-0.16238989025627426,0.2759979269560017,-0.16449172686645777,-0.16917131255530826,-0.04069493441120957,1.0,0.12102623189068068,0.05880500993784886,-0.05226538487581917,-0.05542328733869722,0.9136111286336934,0.1097307693244832,-0.019156267607072664,0.0008035632492384666,0.09235654097321937,0.7061605010085223,0.33974222200087056,-0.16811432792760947,-0.16804464595186513,-0.12134152864258055,0.08061114520596292,-0.1690902830030678,-0.16630590017868702,0.7747779788818843,-0.05932576840340997,0.12049360526067175,0.6602438461545175,-0.16941516123349162,0.6996643026589436,0.2660603528006999,-0.09978366948461934,0.4351019249501808,0.4514103962507569,-0.16628366256868335,-0.05991034428045713,-0.05341621279960815,-0.15456392348616263,-0.16775095966066686,-0.05494523096525699,-0.16284796417669015,-0.042776711543109164,-0.051256092033473206,0.7379128197613132,0.53691224694322,-0.1689379423003194,-0.08510500017026647,-0.1689550613803452,-0.166276311136075,0.7738863316165552,0.7273986939901195,-0.12912016267765689,-0.09361205485141141,-0.1187647839756494,0.7512529674464173,-0.002008307183226746,-0.047920461013202006,-0.12013453779509006,0.007845613435141043,0.53691224694322,-0.03629175053576553,-0.12134152864258055,0.02422272062402341,0.6584918093688923,0.08510500021190663,-0.002008307183226746,-0.03873360858750284,-0.16590746602932388,0.020613031873571577,0.08593815366563727,0.011944323012587861,0.03677345149568408,-0.000584154976200834,-0.09106122104247935,0.05067026313784501,-0.17172750949122434
demand_volatility_6m,-0.015483505414755811,-0.1317726107822419,-0.11463399626882807,-0.01647811324363836,-0.016807590092618934,-0.13471256283206276,-0.01919115929735142,-0.03149909402248168,0.06636861515895043,0.08180044063419507,0.33088924321548085,-0.11428829529358973,-0.03789189068134933,-0.0653167168226612,0.0835839299624881,-0.07115846079023333,0.011338330553880933,0.028811874096551685,-0.032331179784742994,0.018581252639712463,-0.05410236856674583,0.03250297364231436,0.13119061402187068,-0.016612796309890116,-0.002619076797188709,0.011297594722458983,0.06342353684461102,0.0088293221092721,-0.016807590092618934,-0.019191159297351316,0.12102623189068068,1.0,-0.04315920558969759,-0.03688722656905977,-0.03259954862943123,0.17457254060974683,-0.045142970097832504,0.009419957740109865,-0.07022232543406183,0.13046333221845838,0.17341136338423044,0.6594149223366113,-0.005391821332093837,0.009122160944971425,0.01159197248235897,-0.09126836105062827,-0.012769673876066196,-0.020747923462834005,0.1155120109678894,0.024028966267701634,0.17639220290143295,0.03224869229621988,-0.0032050072541823967,0.06591877682244007,0.025066402872873834,-0.010437963544963787,0.36719204373679243,-0.03321789619496469,0.02214101988357106,-0.010116692683639036,0.006042912806433002,-0.023724048201137656,0.009172762025321362,0.005321816200510098,-0.05400617578845607,-0.017376656187979237,0.00015433091605189593,0.05694319126874061,0.011065793812370871,0.0049075852235818404,0.004685518734143491,0.007821381479379356,0.02833957581672477,0.055857072811207706,0.04530768069630317,-0.058057030295550704,-0.10473658076444212,-0.030553415048779335,0.04968746549200818,0.18509273631361364,0.17336739298691636,-0.03244037662651809,-0.07035090171754686,0.011065793812370871,0.049353783024952996,0.01159197248235897,0.05843145908138642,0.019246357146547512,-0.004685518685026513,0.18509273631361364,0.05463062821962521,0.02437412826445655,0.11621637442019918,0.10354304531168151,0.37894999143048363,0.04398897003019121,-0.061639833581350244,-0.09251140034775444,0.02801618484074911,-0.028876457239844847
price_to_freight_ratio,-0.027755918059986392,-0.0244268876274758,-0.02305764142137861,-0.026435822162714766,-0.0256124805295899,-0.022867737794461718,-0.01012838922918572,-0.02772756816984381,-0.023571673630094676,-0.02491003718652751,-0.03546890935385172,-0.025251600441792216,-0.029784426849750863,0.008337378691838246,-0.027676190147943258,0.13186965188099312,-0.02586844684025576,0.04571708868705502,0.021775228021488843,0.0056696128334514555,0.0062138131505782915,-0.02755505380966067,-0.0694233725258374,0.0481968273787234,-0.010024816177321847,-0.02396877267407981,-0.045430383381533206,-0.02527041307435067,-0.0256124805295899,-0.010128389229185705,0.05880500993784886,-0.04315920558969759,1.0,-0.005790838044149945,-0.005691898157589599,0.05522846988401525,-0.006033955888997719,0.04618540869843361,0.08733344278458627,0.04058694113473276,0.042149518875911354,-0.025999932631175296,-0.024463192380832884,-0.02600974117950404,-0.01533236188248828,-0.005088172577309678,-0.02553274015003847,-0.025948275709461358,0.05210741747594246,-0.01332249917024521,-0.044116965883580966,0.07613453413629741,-0.02604177905258941,0.09935144715381795,0.05493956384200147,-0.013269991954858288,0.001287090525378658,0.14512722861892016,-0.02610020924890109,-0.012287679679043617,-0.011494096745668998,-0.02215081736213082,-0.02603369062611338,-0.011697785367272113,-0.02187545965417332,-0.011706242282874054,-0.0108336350828502,0.06720949142466882,0.11397720281974283,-0.026041742240040324,-0.1030510679810763,-0.02574083445508908,-0.02664363548378517,0.06931648839085089,0.07529703902778859,-0.01808661030550409,-0.023236873928418562,-0.013359290054075379,0.0726563088869967,-0.07790517533553168,-0.008978158818770036,-0.01773428287527989,-0.005678465390307827,0.11397720281974283,-0.00878621316974972,-0.01533236188248828,0.048087273565123184,0.10146455941151646,0.10305106796955227,-0.07790517533553168,-0.009501827142527184,-0.026831413850520167,-0.025722406572251697,0.04202348543498807,-0.028442907809836836,0.11778821830178582,-0.006211777530897974,0.0021594572794798976,-0.012634866219247325,-0.026294804478743394
product_diversity_index,-0.15321405786026357,-0.05096464452332596,-0.06140727332012867,-0.15192552054894795,-0.144739813985005,-0.040470468432156716,-0.12296889444565179,-0.05040146859512602,-0.13624296087102136,-0.269544705845478,-0.23623238173365277,-0.06532675948781286,-0.027965395302692268,-0.09623736754222874,-0.1376522461845479,-0.12260558549809207,-0.12441065618615771,-0.023320413500958887,0.031237045646871724,-0.03554319387151695,0.028295913841223135,-0.13044500290270472,-0.21581458749836785,0.01883686617437411,-0.1370171807042115,-0.11129450287888094,0.004748050830836849,-0.12198655708916277,-0.144739813985005,-0.12296889444565204,-0.05226538487581917,-0.03688722656905977,-0.005790838044149945,1.0,-0.1612009755696389,-0.07464352254553885,-0.03899749792684639,-0.0050668280904556315,0.14121596366954406,0.07516084687124303,-0.06788587269820821,0.06915733122484093,-0.1101859608822742,-0.12521522301585414,-0.13222181181693773,-0.020170142781924603,-0.11321222301264565,-0.1050107577012088,-0.07395284893508239,-0.1308980347863038,-0.6355340926921763,-0.0587982658926731,-0.1179514881369579,-0.10022582253958669,0.1785062251505184,-0.11795416847710763,-0.044756312255099004,-0.006209991002887063,-0.12959575951729407,-0.13721452193088304,-0.137899165792774,-0.09286484889298471,-0.12448388046216474,-0.13887223816851463,-0.0956860208384096,-0.13850490305425905,-0.13999194326020717,-0.11317125921568978,-0.05673436237879546,-0.1224870961928939,-0.09908771705471624,-0.12212065416875159,-0.12731603173164588,-0.09559148080645523,-0.0701242760393199,-0.0589207116181465,-0.08862743608811648,-0.08115763290200644,-0.07521010877117223,0.09865989954160569,0.00020398180514444024,-0.05795760941412136,0.04955377552939348,-0.05673436237879546,-0.0392372949883579,-0.13222181181693773,0.04477294474813788,-0.11227098519327389,0.09908771706137771,0.09865989954160569,-0.03935888681420433,-0.12445286470398506,-0.009599127525298002,0.08231865520430458,-0.10719728971659571,0.0014544278185937198,-0.032705272822882436,-0.07905905218824526,0.028742124992712757,-0.11432231178573564
total_sales,0.9302682175931223,0.7728207747487528,0.7765733914480741,0.9333878080425073,0.9437176794782541,0.7704763640001326,0.4292366905468073,0.8987409913463307,0.67381491452388,0.6316947490186055,0.28604547593483365,0.7635512687532223,0.8287877766850559,0.4715829939676796,0.7625220970979032,-0.0819459750981376,0.8801926479073382,-0.045961272792861683,-0.05894837369399486,-0.00504972166476178,-0.05011910920422622,0.8546148841125083,0.26364178689817214,0.5356373074471864,0.9326865479662885,0.8291864560440825,-0.022997577708153527,0.8633315082376798,0.9437176794782541,0.4292366905468076,-0.05542328733869722,-0.03259954862943123,-0.005691898157589599,-0.1612009755696389,1.0,-0.03360449181657662,0.028975035011021034,-0.012845357216059103,0.02072725126498306,0.012737582644773447,0.1175012067317081,-0.16316889119387165,0.8670376000124008,0.8852365031565791,0.7278271171499521,-0.04418912389122255,0.8635430929742619,0.8488146238686411,0.11137451084165603,0.8708348113868848,0.39790366172881686,0.0655632301885716,0.877057030300518,-0.08892146987286967,0.1724071062588416,0.8131957804289218,0.09765316483539133,0.04413267782407202,0.8669892598426904,0.9199401788632333,0.9095913571551973,0.773402814240365,0.88554897290232,0.9302173159595869,0.8270586933844799,0.9070933118556574,0.9379282512356081,0.09458335565903825,0.12142392269840797,0.8838812358349326,-0.18418819512110168,0.878087694355518,0.8506714954135848,0.08592211447138332,0.07781732780494176,0.6248423479121881,0.017901580556527873,0.6166918046593147,0.0829842628080673,0.4272866184975111,0.2151641278608755,0.5800705292984503,-0.05239259703612764,0.12142392269840797,0.15467300278251664,0.7278271171499521,-0.011197084302864068,0.055243183505827353,0.18418819512869308,0.4272866184975111,0.16092361386716977,0.8438838514286423,0.005544177667073182,0.007596266596111721,0.17203677272710197,0.06266211770675474,0.02941752745424818,-0.004002977315208922,-0.021352453552734192,0.8862686739560806
price_std_12,-0.14185741055399206,-0.17775602423485734,-0.1613365695851144,-0.15314665544011072,-0.15302122826302322,-0.17719431969225058,-0.030359904490030298,-0.16175297899482113,-0.1159603521302322,0.07597656448141017,0.056906805149218614,-0.1713948616326539,-0.16763794038510896,-0.009769725781431106,-0.13318037027711013,0.3120148927539256,-0.15146314297015764,0.7666723907929051,0.029608168987974685,-0.012136651395890976,0.002046947596591434,-0.1440326202582844,0.03513688900244415,0.22413193139482937,-0.02721120500161506,-0.14935950650125343,0.3034848904590506,-0.15121602255280875,-0.15302122826302322,-0.03035990449003014,0.9136111286336934,0.17457254060974683,0.05522846988401525,-0.07464352254553885,-0.03360449181657662,1.0,0.08558336128271962,-0.01669297120604536,-0.03678505897425103,0.08136971919270208,0.7087630629544176,0.33212982910385946,-0.1543293191990747,-0.15436586793572898,-0.10487327187693944,0.0618453333062711,-0.15714575631506153,-0.15898748292435913,0.7473159748680683,-0.03683405339283247,0.1473280235559877,0.6447653081190008,-0.15737200893309608,0.78807852981779,0.3323968635056169,-0.04687411086688428,0.5212254343613599,0.4733879300333667,-0.15237237935947837,-0.030535892759598875,-0.032540861991947695,-0.14425842735901695,-0.1540758389975526,-0.03402121162148041,-0.1519509715724093,-0.011637029799344134,-0.03122039885258024,0.7901313661369942,0.5800533881700001,-0.15567065675228023,-0.08701941865064626,-0.15545406224241273,-0.15224906314407527,0.7637552927438425,0.7039728502176814,-0.1343333200665571,-0.06930234007053064,-0.10543742151524386,0.7295517956685837,0.024374582896032018,0.07753962655922449,-0.12252104686906214,-0.01263389324566385,0.5800533881700001,-0.015532591714513246,-0.10487327187693944,0.017329093179386586,0.7368216945136417,0.08701941869650116,0.024374582896032018,-0.016917344975698054,-0.15178874830140496,0.02099304131207495,0.07499869730150104,0.08084038038003728,0.03874514722500411,0.000852309245149523,-0.07770034748230051,0.03429395860894613,-0.15614275001855032
demand_growth_3m,0.01582022464348699,0.0784538096482675,0.07673355897937184,0.018536579461113315,0.01475620402528576,0.07830433986585039,0.216258714100216,0.02280127803764531,0.052507013858689035,0.1265807954215117,0.060983655375736544,0.07617900849871245,0.01770760801586043,0.219704613189998,0.022793202669447704,0.004130058308048514,-0.02303618857126516,0.1437195709119016,-0.00840219370781926,-0.06597087201011466,0.00989949454856578,0.0003101529528199715,0.0930198174792707,0.025994905665708546,-0.009097082404822819,-0.0829094869871422,-0.010111239759206123,-0.05387513963380914,0.01475620402528576,0.21625871410021574,0.1097307693244832,-0.045142970097832504,-0.006033955888997719,-0.03899749792684639,0.028975035011021034,0.08558336128271962,1.0,0.051685634064249336,-0.007120190175375581,-0.05800467486249975,0.1345641437940007,-0.04866529698206008,-0.07842893443791221,-0.039007533003144836,-0.04339019227683345,0.05405661409010101,-0.05322751746277177,-0.04628554631905604,0.11623182060539285,-0.0827002479497734,0.1256711801796098,0.0424938025674603,-0.04559055254945322,0.029869080557922957,0.016335635417756816,-0.07464612121585691,-0.052410035296918366,0.036395784277096534,-0.03422944178030209,-0.04839872832566547,-0.05179975955983619,-0.07357841097082202,-0.03390323951046537,-0.04882691162534505,-0.07210059971487708,-0.04121655482673202,-0.030928286160033472,0.07936915395707059,0.06947068764688007,-0.04086679560600804,-0.032077257399598436,-0.05428641813397786,-0.03870138656485923,0.08558479280694796,0.07601822142932463,-0.05766565815903575,0.08464321583519993,-0.06154028585213778,0.08862336352090731,0.1112058585182909,-0.059722791951508654,-0.05972423554742701,-0.022164672489988636,0.06947068764688007,-0.010154129431376875,-0.04339019227683345,0.023101548106394393,0.04508091913178199,0.03207725740298542,0.1112058585182909,-0.01242126810286382,-0.04018307202732288,0.03601274901830476,-0.07313547352049983,-0.07036992679294221,0.02312035123713892,-0.025533769336213492,0.0925145823771412,-0.03143560145889267,0.019494744091282462
month_cos,-0.019049403804211308,0.021782400537961516,0.021573749893479564,-0.00012663108643966322,-0.0016329518107082472,0.02147670167198187,0.08806380335026727,-0.013974350744783837,0.038223630851705166,0.0017494112484247155,-0.08408635570756617,0.02206121561398315,-0.044865338418315,0.06165602163021761,-0.0668193584702146,0.02467333014702413,-0.02607170941436725,-0.05290329548168926,-0.012099434438979064,-0.025359262289738192,0.022913843909533303,-0.0423689751752709,-0.02417128203968023,-0.0536475761588571,-0.03809677702934329,-0.060056558350163956,-0.07859664070833593,-0.04890097916900164,-0.0016329518107082472,0.08806380335026708,-0.019156267607072664,0.009419957740109865,0.04618540869843361,-0.0050668280904556315,-0.012845357216059103,-0.01669297120604536,0.051685634064249336,1.0,0.0017946884672800994,0.06814249517839265,-0.04089956149961146,0.009886034810389223,-0.05520211492053049,-0.03681811871809864,0.09374599756291814,0.08268057644859413,-0.05244832592726969,-0.08610965407567511,-0.04639900549554489,-0.06554740185545116,0.005679724316543495,-0.02906763660423359,-0.050742717535633995,-0.0026898014376358936,-0.0467107546353183,-0.055810668151377835,0.01570567412484427,0.008767994383046354,-0.026271054100948262,-0.05911953816849397,-0.05885162826517263,-0.05155015555559255,-0.03332694283914979,-0.05245903768680652,-0.022582178715524703,-0.08740376648331756,-0.04776908543634028,-0.008920326100582451,-0.004071631412458747,-0.03995755233256548,-0.049212621014783846,-0.043402525614460216,-0.0483642685568771,-0.004443483145922873,-0.023411507574439792,-0.16283261686414868,0.027726565572867724,-0.17689905949474313,-0.01821621550545815,-0.028724253388354652,-0.10048985295125926,-0.1768293864746458,0.24715134308296263,-0.004071631412458747,0.10401915735862348,0.09374599756291814,0.7623422421138819,0.008919909536642253,0.04921262100314988,-0.028724253388354652,0.10024974621481947,-0.058269329098811905,-0.062234165462005685,0.08289325099352433,-0.20894210691954523,0.3278587131509621,-0.37245637800534814,0.5072913734809246,-0.13754009237616704,0.02052470224692189
price_vs_category_avg,-0.018733124046058466,0.001905326591147402,0.002501461059713201,-0.03315918603957027,-0.03373926458823358,0.0018097987564239773,-0.02620205020959389,-0.022172688328847275,-0.027706227999404018,-0.08414779696923075,-0.09854183772516084,0.0026327538452386927,-0.011500807637448584,0.09004536437431056,-0.03555107525714632,0.21330262704666814,-0.03112587271769622,0.032036026032180066,0.2665885027727395,0.012240181458487702,0.14334673517707736,-0.03390118459523353,-0.10391557024864594,0.3173074405063204,-0.01892511842270073,-0.025797690932345595,0.21200105902559954,-0.02837404001866326,-0.03373926458823358,-0.02620205020959399,0.0008035632492384666,-0.07022232543406183,0.08733344278458627,0.14121596366954406,0.02072725126498306,-0.03678505897425103,-0.007120190175375581,0.0017946884672800994,1.0,0.02059405961592046,-0.016590352795437302,-0.06065299219563504,-0.027669073911943814,-0.03028775413353405,-0.03439425802179465,-0.0037332633827289233,-0.02346120586800347,-0.01845816116709432,-0.013385496842927776,-0.03776015188528031,-0.12102019212155053,0.089332647557093,-0.026008117547090967,0.00602008376615379,0.5119808648629351,-0.032344974212697136,-0.07562996671256718,0.4757711515552946,-0.030258459194911755,-0.030306664988027553,-0.029191456502676703,-0.013591050859675338,-0.030393136048825344,-0.02858843322408254,-0.01653039059418727,-0.028678115402896494,-0.024183810343570387,-0.0003733980446070326,0.43001029892416903,-0.028925506440034415,-0.3856267932261429,-0.02906562428149529,-0.029641134431091953,0.02086327544757328,0.0554444902876354,0.0013176064203194717,0.003335632927334278,-0.01320442977449179,0.042043781186271376,-0.03025514022891604,-0.05960650274708415,0.00339203897040809,0.06393569002750076,0.43001029892416903,-0.026397888118423835,-0.03439425802179465,0.015613956084221796,0.012015546912479655,0.38562679324093774,-0.03025514022891604,-0.027354035692685425,-0.028690221079873537,-0.029167185466269226,0.02980722462591024,-0.0815611185154557,-6.203443254590916e-05,0.03510512955743636,0.0011844802870440273,-0.044919689097808226,-0.0274816812582659
month_num,0.013480050116236307,0.00025516886000979185,0.0006377784042658358,0.011921452703119367,0.01129852959404965,2.3343605125064643e-05,0.03160648339702164,0.021511796385726603,-0.03687299164923361,0.006237699058570107,-0.01615097074261729,-0.0003083239811862297,0.009678099203421659,0.01892508257713882,-0.027378119886106483,-0.012131382891576198,0.0326231626587125,0.04991063407025369,-0.014809060799594907,0.0023002575845279477,-0.024737128999039397,0.03226977307537886,-0.024197647533587593,-0.0356290756679434,0.0365637213137729,0.014546900547433857,0.04147033112128838,-0.0034541104104091934,0.01129852959404965,0.0316064833970216,0.09235654097321937,0.13046333221845838,0.04058694113473276,0.07516084687124303,0.012737582644773447,0.08136971919270208,-0.05800467486249975,0.06814249517839265,0.02059405961592046,1.0,0.09158418981864336,0.16410791231375038,0.026954304472161145,0.013959580744252315,-0.08856165024529168,-0.059490552453466905,0.011012177520198592,0.0001965130544379833,0.06908758543937925,0.022745972383682075,-0.04662893560145638,0.018467059788351763,0.013101446916318453,-0.0030838984925035985,-0.008203837350282656,0.03388089112885556,0.08218665599606606,-0.006277707492798419,0.005749150946215113,0.017047187620959723,0.006484575732144002,0.01959910784275924,0.023003889948450533,0.018823171547758602,0.010747790944293201,0.00811724141524579,0.020454014064883043,0.02896172429181836,0.005736679265718234,0.01760812158747021,-0.018555728674251305,0.0121861621483886,0.0015905588619411573,0.03220122336344006,0.01927809151078573,-0.0872362561080539,-0.7980326723433984,-0.10421075134777061,0.021210181168751327,-0.01335415590931321,-0.11506002528636552,-0.09427958297287624,0.3752165541137894,0.005736679265718234,0.08278475201340255,-0.08856165024529168,0.5304522485622247,-0.0019851667691589297,0.01855572867925225,-0.01335415590931321,0.07744067852521183,0.0037229208466169066,0.1587590444468284,0.9673826542317547,-0.47462995422537346,0.3818319656419458,-0.08670359449919687,-0.6593664975926349,0.15891733464732014,0.025932168077882258
price_lag_3,0.009702967088598956,-0.057206441003931054,-0.04997535829717732,-0.013053605035757358,-0.010589175713692446,-0.05491538757691969,0.02025277561068975,-0.02002521264982936,0.00572654842035636,0.17662073384798913,0.13142753855998968,-0.05543831307754953,-0.016511082667830263,0.049694792407980685,0.005285889295787821,0.22194305115028048,-0.00774207678287585,0.6791713589095394,0.03289814442501756,-0.08247962795216673,-0.018462316710549972,0.0017899164201253344,0.08824756225995026,0.2886296302133005,0.137160605938819,-0.012007736273105214,0.32301062118813334,-0.008518304837190273,-0.010589175713692446,0.020252775610689618,0.7061605010085223,0.17341136338423044,0.042149518875911354,-0.06788587269820821,0.1175012067317081,0.7087630629544176,0.1345641437940007,-0.04089956149961146,-0.016590352795437302,0.09158418981864336,1.0,0.19961600818862624,-0.015900894366605006,-0.008967243931251511,-0.00928200781051172,-0.05699660359561084,-0.013276697749095198,-0.011252461177649633,0.657957515352621,0.12100250336118551,0.22536976447891785,0.44477724906139954,-0.011150571646351729,0.5448926665069591,0.32790257531596423,0.05466513264456965,0.41718154394023144,0.4157366493086979,-0.008122584069917211,0.12071040258977883,0.11811132790597238,-0.015203829024484432,-0.009008080648199033,0.12692208813174902,-0.020472492625747206,0.13895007698608827,0.12923314567811328,0.6561512009585158,0.5326608932673075,-0.01017636051012211,-0.1705468174939852,-0.011413805270145579,-0.00786560763142967,0.6687656676215685,0.5512153905848457,-0.018994862336447982,-0.07923265450946429,0.007615720736843999,0.680616794491696,0.1547300392025076,0.07899280259707937,-0.015108569158536082,0.00739008200645563,0.5326608932673075,-0.0023600537118433473,-0.00928200781051172,0.013479676426801902,0.6171939233660388,0.1705468175225144,0.1547300392025076,-0.001327646822966265,-0.007573822867421803,0.03876221143959505,0.08725647624238185,0.126097503998682,0.008453305148073577,-0.00421045875305302,-0.09681617977702495,0.013982083925322224,-0.02083100743809073
price_volatility_6m,-0.16743311843727873,-0.24689488001517634,-0.24091692881254048,-0.16416992485186854,-0.16411947763010906,-0.24534652608765398,-0.07175855486954985,-0.1683127214121071,-0.13578818526447264,-0.09919772310797159,0.2078637597954298,-0.24739183660059721,-0.15941883438660293,-0.09219430555653423,-0.14614307677765775,-0.062428185478821036,-0.15179138030402173,0.22137327056265488,0.03534009259896066,0.03960680806332636,-0.015924864320296286,-0.15318713819241295,0.05028110341177466,-0.04942756893381967,-0.14865216215389523,-0.13122207991989732,0.033564001901490156,-0.1429578294016398,-0.16411947763010906,-0.07175855486954973,0.33974222200087056,0.6594149223366113,-0.025999932631175296,0.06915733122484093,-0.16316889119387165,0.33212982910385946,-0.04866529698206008,0.009886034810389223,-0.06065299219563504,0.16410791231375038,0.19961600818862624,1.0,-0.14129032790477677,-0.1506905269648253,-0.10032978315708395,-0.05977530970359929,-0.14933504308033205,-0.1529242521903269,0.13284484629128884,-0.11369182702170874,0.0064260822115508615,0.0655037711973927,-0.15181944283670035,0.20965135605976568,0.08718721520505766,-0.09813376354727125,0.34325221116090626,0.00811934983801513,-0.14998000314862617,-0.1385375533785087,-0.13613435979479865,-0.11789753540099458,-0.1516443005809648,-0.14006740758372332,-0.14226115523139238,-0.1447352928183346,-0.14635448746274635,0.08103021137504826,0.04945862219168921,-0.15137191365767658,0.07779169294743063,-0.14799919416792665,-0.14795330722093442,0.09511660422919976,0.07798990400561642,-0.12830794860537598,-0.17509974393531857,-0.11090612625997322,0.08838935475392756,0.045041868362292146,0.06266857014654922,-0.10427048813566701,0.009914696881302917,0.04945862219168921,0.010209651252814823,-0.10032978315708395,0.09029417471647652,0.05356935918602012,-0.07779169288482243,0.045041868362292146,0.012895474353463693,-0.14698627045942814,0.049055252113486596,0.15395296929102495,0.2671204398089568,0.07238892876576296,-0.054257871403203935,-0.14276646300180587,0.05671183865891102,-0.1738107324733576
demand_min_3,0.9222730197131831,0.763362787833909,0.745088269225275,0.9258118700316018,0.9285594949872352,0.7623688193454959,0.13790161566564085,0.9270469289137315,0.6759040343567616,0.4924482271837225,0.23801569205667136,0.7439552825863279,0.8640772823962843,0.13686210392593873,0.8230566842261385,-0.12097928647471469,0.9548412438323255,-0.15556972519452092,-0.06131726763314075,0.014013320597910136,-0.06387437929427525,0.9203858283373666,0.230538789165898,0.39717049644289454,0.8947032102066106,0.9709546276662945,-0.08266048261100417,0.969826072667222,0.9285594949872352,0.13790161566564124,-0.16811432792760947,-0.005391821332093837,-0.024463192380832884,-0.1101859608822742,0.8670376000124008,-0.1543293191990747,-0.07842893443791221,-0.05520211492053049,-0.027669073911943814,0.026954304472161145,-0.015900894366605006,-0.14129032790477677,1.0,0.9769781939399055,0.7226753858980798,-0.10213324494034737,0.9820410911259013,0.9724612612934427,-0.037292249955034766,0.9135521127024696,0.30571436032776667,-0.059156369890639146,0.9853180707947667,-0.1945578642826614,0.03963465130550224,0.8507754019647236,0.05029116567473551,-0.08266079313511179,0.9605842938034501,0.9302725319120653,0.9081648625423039,0.8998167361362868,0.9730572955328517,0.9295418359980177,0.9517450073017316,0.9201143118326596,0.9175096881932735,-0.05776513232059805,-0.044077964018648184,0.9817545853950184,-0.10369057299343765,0.9870229534090228,0.9559108666511674,-0.06454989501469514,-0.06406619592506653,0.7855786934264668,-0.0074344049972433,0.7175825195732634,-0.06577182736402065,0.3767772367841761,0.19947376884804469,0.7465214100756933,-0.04149556676266465,-0.044077964018648184,0.12667821344971986,0.7226753858980798,-0.037992014951652546,-0.08820101580278111,0.10369057299853089,0.3767772367841761,0.13485440032961252,0.9562522566062512,0.01538678555601151,0.022897517427105715,0.23474227790786922,0.011196638389847592,0.024588547067431396,-0.04213383726371577,-0.012886950501140932,0.9032708392485584
ma_2,0.9416569130036553,0.7957005605352857,0.7801274496780672,0.948501461343518,0.9496248379037978,0.7925293377382071,0.241125948442232,0.938738059229721,0.7938168301183102,0.5332575306321125,0.24714202559953596,0.783066114830565,0.8701144168608259,0.21814686925563184,0.8899335970879058,-0.12765837911938613,0.9854907671295867,-0.15594381672902036,-0.0656942872011462,-6.454096973117358e-05,-0.06791772056845176,0.9566230689431031,0.25014422071858644,0.4040659026596733,0.9196511763407283,0.9448749974905036,-0.08793366270023054,0.9843550222808901,0.9496248379037978,0.24112594844223192,-0.16804464595186513,0.009122160944971425,-0.02600974117950404,-0.12521522301585414,0.8852365031565791,-0.15436586793572898,-0.039007533003144836,-0.03681811871809864,-0.03028775413353405,0.013959580744252315,-0.008967243931251511,-0.1506905269648253,0.9769781939399055,1.0,0.7518627284117735,-0.10871047486144206,0.9774976046709604,0.9657942844245225,-0.034756524439450855,0.8897472505373881,0.3382491462941274,-0.06059966222045767,0.9917675173397816,-0.20341045557386736,0.04079583634410302,0.8267689054443501,0.046268542494628286,-0.08590342963662444,0.9892858430415006,0.9261019951592244,0.9197885495556571,0.8732421958702603,0.9963584504245555,0.9345902732731773,0.9273392266863484,0.9147252510901149,0.9361642364399924,-0.05603061065670224,-0.043212033120401346,0.9972250726732186,-0.11030220598963712,0.9942804079214845,0.9768009324529385,-0.0633834914805853,-0.06497703714816648,0.746472725790001,0.016709203080660595,0.6822500737201317,-0.06538799290365784,0.40320940153258183,0.197879266785586,0.7089773445954277,-0.05512174131431761,-0.043212033120401346,0.13393926104265663,0.7518627284117735,-0.03187135728692375,-0.09178333030557258,0.11030220599510832,0.40320940153258183,0.14196402968234523,0.974089020890434,0.03527517184943504,0.006237133225216353,0.22054226713267377,-0.0018641575865145244,0.020282603768896245,-0.020599325194269925,-0.02401846137201432,0.9264000986809059
demand_momentum_12m,0.7416436321985711,0.495262232309187,0.5061153663677438,0.7644074063961466,0.7682090692598468,0.48494836038409245,0.31744880984916796,0.7103672692736042,0.6531233617027853,0.40510087732891203,0.31824074033467115,0.4933405900418305,0.6424755806838374,0.26349000451173693,0.6262242217335103,-0.08273062858338058,0.7497314842768559,-0.10729017731614833,-0.043242011045709516,0.011572097175565541,-0.0395111286623257,0.6691687366802879,0.15732594132947345,0.2953088085094405,0.7231623780057551,0.6998290423249592,-0.06998336561922705,0.7309587001025544,0.7682090692598468,0.3174488098491683,-0.12134152864258055,0.01159197248235897,-0.01533236188248828,-0.13222181181693773,0.7278271171499521,-0.10487327187693944,-0.04339019227683345,0.09374599756291814,-0.03439425802179465,-0.08856165024529168,-0.00928200781051172,-0.10032978315708395,0.7226753858980798,0.7518627284117735,1.0,-0.05526492579884872,0.7306850218905214,0.6950861034946483,-0.024024876042045222,0.6844229079754348,0.26209604344282006,-0.040075607812248226,0.7379564758281414,-0.1109873275919845,0.024357557332631834,0.6530237035142952,0.035305731440137565,-0.05752753135190694,0.7553604126287725,0.7136837264217724,0.7094373563665602,0.6762675844739838,0.7525233916571542,0.7252382237562515,0.7374799469553598,0.6787701532084859,0.7292844310522774,-0.04056831475696147,-0.03182878922194206,0.7490862775574871,-0.06656242676888875,0.7440826539701317,0.7350362344185764,-0.046163517899518905,-0.04291173262135188,0.5376255677822372,0.14908699470429274,0.5236430735453138,-0.04385899372121368,0.2518424529345385,0.2851974291984611,0.5140011045602105,-0.09439760375523171,-0.03182878922194206,0.3761239778320054,1.0,-0.0018708642919683005,-0.053795092927707906,0.06656242677031701,0.2518424529345385,0.3851265248555447,0.7238484465851073,0.027032685457755553,-0.0945381992926939,0.28047541423641376,-0.005738921033632824,-0.012087871682639237,0.14120878185664823,-0.07638442694222512,0.7022415818417685
demand_growth_1m,-0.05943625878074704,0.021015176183303237,0.019334422318974018,-0.05822035128582933,-0.06343957816352694,0.02025870167309095,0.02256861908782634,-0.061181421766710764,-0.09759358258571542,0.04909742070863978,0.05023965123633901,0.021763404430347147,-0.059964328082362496,0.01466709059579816,-0.11219338623037187,0.011145297066572754,-0.1141466758504705,0.10376427760613229,0.06324565558029882,0.5105186593650565,0.5960660074305413,-0.11339141099606319,0.14527866212372392,-0.007348907092010195,-0.11369339386177471,-0.10275088538928842,0.002291264611397318,-0.1005840146360815,-0.06343957816352694,0.022568619087826366,0.08061114520596292,-0.09126836105062827,-0.005088172577309678,-0.020170142781924603,-0.04418912389122255,0.0618453333062711,0.05405661409010101,0.08268057644859413,-0.0037332633827289233,-0.059490552453466905,-0.05699660359561084,-0.05977530970359929,-0.10213324494034737,-0.10871047486144206,-0.05526492579884872,1.0,-0.10330853609075769,-0.10342674016325028,0.08463339678717113,-0.10225284123342428,0.08420785523984238,0.20052242284764488,-0.10737550862688564,0.05645917536554317,0.024923073512539546,-0.09113409819319634,-0.06537443044830459,0.03109494911869022,-0.10956636163083212,-0.10348511077553373,-0.10079232092485262,-0.08841294484499577,-0.11163455183601495,-0.10678689712237911,-0.08895985803780121,-0.10466140542753505,-0.10865265782611122,0.14730913656284575,0.06044066775305308,-0.1095975653464073,-0.017790690568992983,-0.10736670839000767,-0.10956121700478368,0.15651876524629052,0.16857330768163176,-0.0727439670198066,-0.008486460028991416,-0.07593948856475384,0.16596563157874536,0.08467727604245709,-0.05566504284552726,-0.07436846391339735,0.04783634574439633,0.06044066775305308,-0.009350443900638522,-0.05526492579884872,0.05810317853678202,0.06651516372397465,0.017790690583785677,0.08467727604245709,-0.012008562704673879,-0.11022471345420819,-0.09965212436615865,-0.03691741591810106,-0.10754785667990975,0.018075928067232544,-0.019263303345676615,0.05743661894617601,0.03262883357298099,-0.05240169968855517
ma_6,0.9264140403673624,0.7678386156628961,0.7490942666206964,0.9266025024133535,0.9271258134566467,0.7661937306123688,0.13395483001251707,0.9238228173605327,0.7431993159887217,0.49181633007647313,0.2371707618639565,0.7555272550690412,0.8675136940640089,0.13857968916479005,0.8571761703187204,-0.12394451271714288,0.9559946337223437,-0.15349429519676086,-0.06263800765301689,0.005335205209986478,-0.06488175342129017,0.9352952945604315,0.24050462836019948,0.4057590314084526,0.8898576788466029,0.9730944450843813,-0.07719186727176325,0.9697466114626206,0.9271258134566467,0.1339548300125175,-0.1690902830030678,-0.012769673876066196,-0.02553274015003847,-0.11321222301264565,0.8635430929742619,-0.15714575631506153,-0.05322751746277177,-0.05244832592726969,-0.02346120586800347,0.011012177520198592,-0.013276697749095198,-0.14933504308033205,0.9820410911259013,0.9774976046709604,0.7306850218905214,-0.10330853609075769,1.0,0.9927963004319994,-0.03527210324680737,0.9080814557927609,0.3167446529020179,-0.059302066649849654,0.9954569799088776,-0.20018526455663055,0.04321786263028907,0.8819255884958198,0.04690491333127782,-0.08328058160532903,0.973760205335795,0.9405943460316076,0.9026885856370027,0.939514242135695,0.9748490744576425,0.9241568829448309,0.9714948914136929,0.9336010392672248,0.9122097445522058,-0.05833211865028749,-0.042341261979037134,0.9864199270014359,-0.10601861128375735,0.988139269248215,0.9831222344259613,-0.06494022305552805,-0.06395476737861246,0.8223239020864155,0.014902999670019733,0.7593247683211316,-0.06534158222415505,0.38912252233697686,0.21018481915557272,0.790555700316044,-0.054321905285536,-0.042341261979037134,0.12292722245211817,0.7306850218905216,-0.03935000731299453,-0.09026744622910546,0.10601861129030854,0.38912252233697686,0.13174574224449642,0.9833692578616463,0.02291293401342368,0.0056200595652726995,0.256516829749561,0.005056523675399305,0.024849816621466847,-0.027290752827675003,-0.028469921433809747,0.9009613506494472
ma_12,0.9207977069697555,0.7727796246556892,0.7484438614172497,0.9143287181930504,0.9131755003868295,0.7724634365485676,0.12396122898142026,0.9172530510394374,0.7253956684547403,0.47866238314827486,0.21810042195469315,0.7573961485942553,0.8690674070164462,0.12721181491527572,0.8483740139004864,-0.12398257327067437,0.9434639483346297,-0.1511448690110382,-0.06290299420186103,0.003141293520603684,-0.06515273196820566,0.9186607528487508,0.24354354693714872,0.4049405742043176,0.8755547449720161,0.9639162811317828,-0.07064792472465416,0.9592342644021296,0.9131755003868295,0.12396122898141969,-0.16630590017868702,-0.020747923462834005,-0.025948275709461358,-0.1050107577012088,0.8488146238686411,-0.15898748292435913,-0.04628554631905604,-0.08610965407567511,-0.01845816116709432,0.0001965130544379833,-0.011252461177649633,-0.1529242521903269,0.9724612612934427,0.9657942844245225,0.6950861034946483,-0.10342674016325028,0.9927963004319994,1.0,-0.033010795053292644,0.8972048225170266,0.30945584074212173,-0.05742772921609678,0.9885122366646347,-0.2051754642078183,0.045225176104091415,0.8778159833024762,0.04326983336398748,-0.08198449403610397,0.9604171462168798,0.9309048584854298,0.8913484950726757,0.9393942094778384,0.9629652692225127,0.9116706005524019,0.9635325907754813,0.9363824774702709,0.8991460808022183,-0.05797486866102174,-0.03987793136327204,0.9758228189399709,-0.10632897184210846,0.9771670727992979,0.9728125416465162,-0.06292458583823343,-0.061836694772968125,0.8610372341341304,0.019052037278536754,0.7880719347702924,-0.06315589460031029,0.39149196949983417,0.19832480119793858,0.8282172725068627,-0.06259977527807241,-0.03987793136327204,0.10135145540396054,0.6950861034946483,-0.06597042667581315,-0.09118631359582018,0.10632897184977211,0.39149196949983417,0.11013484819693119,0.978600348875685,0.024648735925310514,-0.004986871599006694,0.258123965113593,-0.008993438558525161,0.03239032629833904,-0.037287257734839874,-0.030469590069140448,0.8888650533046639
price_lag_2,-0.007845043079917211,-0.06482569721171545,-0.05759703323644077,-0.03235344518038287,-0.030030879672838108,-0.06232193830598216,0.0019055212582505256,-0.039398588565659705,-0.01592209991499158,0.21528157267001694,0.105540028992037,-0.06331834109472985,-0.03623791133120909,0.06720245921531887,-0.020487235318273605,0.2549952896862781,-0.03243991640391137,0.7133849179314626,0.004807831964044169,-0.058390179557956355,-0.017085242899700495,-0.02414805620707174,0.08734314830496172,0.2642540597716819,0.09404214116193245,-0.033611830609461345,0.3288397881344345,-0.03453369300170954,-0.030030879672838108,0.0019055212582504979,0.7747779788818843,0.1155120109678894,0.05210741747594246,-0.07395284893508239,0.11137451084165603,0.7473159748680683,0.11623182060539285,-0.04639900549554489,-0.013385496842927776,0.06908758543937925,0.657957515352621,0.13284484629128884,-0.037292249955034766,-0.034756524439450855,-0.024024876042045222,0.08463339678717113,-0.03527210324680737,-0.033010795053292644,1.0,0.0743627906333629,0.22794747655512004,0.6532998850384563,-0.03458929689892565,0.5806963430931873,0.29088173367000647,0.02633183231065501,0.37345764732571174,0.43307172087645096,-0.03244312016836596,0.08401817386002318,0.09787530895511216,-0.03389600409574719,-0.033841762156146954,0.09133665039487616,-0.03752900550961611,0.10051269096047064,0.09670709973594671,0.7570359851656455,0.5496909552512322,-0.03446929954363203,-0.14434881013243345,-0.035226162915224714,-0.03239541774587821,0.7820681730379033,0.8347699351185359,-0.02971138667870343,-0.06110799554088132,-0.006780088653714,0.8190013628802616,0.12843540715411703,0.06449327081313375,-0.02709834587296851,-0.06268070745779805,0.5496909552512322,-0.0074686913926468625,-0.024024876042045222,-0.00996686369191106,0.657064267027345,0.14434881017469822,0.12843540715411703,-0.007423718918574726,-0.031970998346369545,0.05654235258859557,0.050793654802751616,0.09167217523762064,0.029032762359644106,0.00210108869053059,-0.08750762841092216,0.04274522794367378,-0.037788910966747795
sales_lag_3,0.8488044160553421,0.6846924921264188,0.6835974873590942,0.8457227757761329,0.8578837577837153,0.684813033289385,0.04194343700133188,0.827663319305432,0.6616612259644238,0.5061208818540183,0.23598397422377326,0.6782066066965153,0.791138542146475,-0.009841159643199388,0.7695299533402074,-0.07530150151547316,0.8718238566222237,-0.09073875123280553,-0.0665232368306651,0.015899345151280553,-0.06646626405368591,0.8513618406376922,0.21925395498915226,0.4463563682058447,0.9071408488071275,0.9310651648129592,-0.010892319231812511,0.8812706550069193,0.8578837577837153,0.04194343700133208,-0.05932576840340997,0.024028966267701634,-0.01332249917024521,-0.1308980347863038,0.8708348113868848,-0.03683405339283247,-0.0827002479497734,-0.06554740185545116,-0.03776015188528031,0.022745972383682075,0.12100250336118551,-0.11369182702170874,0.9135521127024696,0.8897472505373881,0.6844229079754348,-0.10225284123342428,0.9080814557927609,0.8972048225170266,0.0743627906333629,1.0,0.3335557586668449,0.03672758653169617,0.9079173638232817,-0.0808098672794308,0.10603764722150165,0.8653510229139786,0.18970320122077636,-0.005668460376546656,0.8954895166710449,0.9654676019350809,0.9294855922873726,0.8293957531326007,0.89039153317533,0.9691766411191602,0.8744784689968851,0.9563784831422792,0.9344497884217978,0.07029777828727335,0.049766502220135296,0.901743540399855,-0.14277964919506853,0.9139025017498198,0.8869901291382305,0.06106645685493763,0.041848242794527014,0.7275438429846328,-0.006849439942043352,0.7315706311351061,0.049080520579138046,0.3773519855850453,0.2619408919877154,0.6885018781780349,-0.05260021419731583,0.049766502220135296,0.10194323026735987,0.6844229079754348,-0.04192154428651329,0.050682524878351363,0.1427796492043911,0.3773519855850453,0.11032297372625123,0.8851057898354011,0.009330836134705686,0.01840279735713008,0.2572030734718499,0.008106457656080266,0.011764249590584575,-0.04754440918907888,-0.004045439118882089,0.8271044232504742
avg_items_per_product,0.3916499511946328,0.29197208785941053,0.3026171265807072,0.37912626410715067,0.3734274765181143,0.27739144510564084,0.2265040590035358,0.2809771803686567,0.3498404032902723,0.6068328531106427,0.5245385541223693,0.31851164825625705,0.28529584426818816,0.19981147941272562,0.37386654139591613,-0.07683397623476965,0.34081265624777557,0.0822362096625984,-0.09581537667442527,0.004713044076080061,-0.014960068351693974,0.36745022058959614,0.6075997385135903,0.2582436847862105,0.3601236313499029,0.3077367207657585,0.024018004978411337,0.3251836869280791,0.3734274765181143,0.22650405900353573,0.12049360526067175,0.17639220290143295,-0.044116965883580966,-0.6355340926921763,0.39790366172881686,0.1473280235559877,0.1256711801796098,0.005679724316543495,-0.12102019212155053,-0.04662893560145638,0.22536976447891785,0.0064260822115508615,0.30571436032776667,0.3382491462941274,0.26209604344282006,0.08420785523984238,0.3167446529020179,0.30945584074212173,0.22794747655512004,0.3335557586668449,1.0,0.13509408418787777,0.3284934913492456,0.05274032809387346,0.0756805250308793,0.29268412706178154,0.18078521622856847,0.015595393404297463,0.3482885044597083,0.3510721070788571,0.34430112917268185,0.26339555623115374,0.33965955715778373,0.3561194237137325,0.26857967332778815,0.3595522672069329,0.3587284697202405,0.2325163266023343,0.18554181999848662,0.3356255880281943,-0.12982702228136286,0.33265737536848566,0.3458106898562946,0.21619524110705193,0.1720047050274306,0.1871039936615251,0.07478228381926737,0.2070958047052301,0.18707720519046964,0.5895119856415205,0.1504026256500314,0.17833347606162478,-0.050055294676578675,0.18554181999848662,0.09804078607393775,0.26209604344282006,-0.025783288595614785,0.15339090754110427,0.12982702232938528,0.5895119856415205,0.10284836328162263,0.34286936100842547,0.0003174779167205227,-0.053026632524549575,0.20936134075597834,0.032363458075994035,0.03889529888520751,0.06119776400312092,-0.03927955881563339,0.3417429967734996
price_lag_1,-0.037761863329817125,-0.07433077132378992,-0.06739232303025906,-0.059348257777881705,-0.057247310594072585,-0.07155846930204095,-0.019893891543110487,-0.06445668030847639,-0.04931001072547562,0.12494285745904131,0.03820690245719682,-0.07349552037567304,-0.05944525697938816,0.0077524203363457545,-0.05715827752277574,0.4936398475064057,-0.060693413653426995,0.6041093063549682,-0.1042279995919479,0.11565991045958814,-0.04985336764423373,-0.05918926564133773,0.0407350280839612,0.2989190970333687,0.07147424968188994,-0.05712344543114938,0.35088170166451044,-0.05871396331326336,-0.057247310594072585,-0.019893891543110474,0.6602438461545175,0.03224869229621988,0.07613453413629741,-0.0587982658926731,0.0655632301885716,0.6447653081190008,0.0424938025674603,-0.02906763660423359,0.089332647557093,0.018467059788351763,0.44477724906139954,0.0655037711973927,-0.059156369890639146,-0.06059966222045767,-0.040075607812248226,0.20052242284764488,-0.059302066649849654,-0.05742772921609678,0.6532998850384563,0.03672758653169617,0.13509408418787777,1.0,-0.060076644810685795,0.6345857671713061,0.3169166604311018,0.009003065249901823,0.3000428521503615,0.6339949701848016,-0.06011783816831961,0.04933209760517982,0.04891963938324772,-0.05369431694049002,-0.06089537625884196,0.05732851219192287,-0.05480519804101462,0.06464882352687204,0.06284744660183313,0.8430661116950888,0.6345122914078613,-0.06071133648355919,-0.16392679487486006,-0.06027840226313623,-0.06028554056700354,0.8710412428827013,0.9365447007657484,-0.040846297545686326,-0.01539713503164702,-0.017277625608805882,0.9030287467112389,0.06875698744113158,0.051236500165301,-0.04021622260905676,-0.047734932505995774,0.6345122914078613,-0.01834059563293717,-0.04007560781224824,-0.016282559126050186,0.7090706909383278,0.16392679491425163,0.06875698744113158,-0.019154747579957554,-0.05981354451513144,-0.013650489060232102,0.015189312744585168,0.060416568039251876,0.018797128798730574,0.025074295796581558,-0.036839043685175626,0.05045829955937277,-0.059261455293377056
ema_0.3,0.939050573500833,0.7897535009610337,0.771253544571764,0.9414754911412192,0.9419303330074196,0.7876574620811699,0.1745086485328526,0.9365674673839218,0.7707703722281718,0.513593449038853,0.2387057951160171,0.7766614466651754,0.8753540719291697,0.16702819388649717,0.8790394203696131,-0.1268866591259487,0.9763140254378488,-0.15546411167812008,-0.06492188315618082,-0.0007293515001245277,-0.06729922396772346,0.951232271264517,0.24792351619200936,0.40880650094754584,0.9091952870727552,0.9696050643846064,-0.08179060392706468,0.9773333436090256,0.9419303330074196,0.17450864853285264,-0.16941516123349162,-0.0032050072541823967,-0.02604177905258941,-0.1179514881369579,0.877057030300518,-0.15737200893309608,-0.04559055254945322,-0.050742717535633995,-0.026008117547090967,0.013101446916318453,-0.011150571646351729,-0.15181944283670035,0.9853180707947667,0.9917675173397816,0.7379564758281414,-0.10737550862688564,0.9954569799088776,0.9885122366646347,-0.03458929689892565,0.9079173638232817,0.3284934913492456,-0.060076644810685795,1.0,-0.2046265178369066,0.042979341187776375,0.8588638712380738,0.04650866075909888,-0.08513265355035758,0.9865145788018254,0.9387611008559087,0.9112902101543181,0.9123554618175667,0.9905301246496669,0.9339393131050411,0.9551094934464477,0.9318657573308831,0.9265112789256171,-0.05755192215504997,-0.04277917199430286,0.9971360322764877,-0.10909676954820054,0.9967770855011068,0.9858673524502443,-0.06432131161393394,-0.06445547337211027,0.7967681984628558,0.016378966093432423,0.7309485515761325,-0.06544487363783691,0.40004480034419687,0.20354390070603412,0.7612278348192574,-0.05645729264579352,-0.04277917199430286,0.12755933689120272,0.7379564758281414,-0.03966107104905736,-0.0919973613966793,0.10909676955447883,0.40004480034419687,0.1360121767863397,0.9857039701738334,0.03172133901276393,0.005581328892673932,0.23878237073690056,0.0006533366946525927,0.021073640656469765,-0.025709209181862237,-0.025494552513998802,0.9188217451904732
category_avg_price_std,-0.2032412808879144,-0.2526419025511967,-0.23636665594282089,-0.21001426644017332,-0.20786436309919037,-0.2485754118823859,-0.07655922234254109,-0.22776082385168622,-0.17777006683362795,-0.014083361610855145,-0.0012166027692472044,-0.24951523006244,-0.23922245013739088,-0.05242960121715727,-0.1998672225310366,0.5669591356807695,-0.20326152128088043,0.5632474771136411,0.08650970026338223,0.015588309239528184,0.02437707252098995,-0.20756403008012128,-0.08910863310318284,0.23834023480439268,-0.08662607488786496,-0.1908258410533914,0.31115467679897174,-0.19673759455652653,-0.20786436309919037,-0.07655922234254119,0.6996643026589436,0.06591877682244007,0.09935144715381795,-0.10022582253958669,-0.08892146987286967,0.78807852981779,0.029869080557922957,-0.0026898014376358936,0.00602008376615379,-0.0030838984925035985,0.5448926665069591,0.20965135605976568,-0.1945578642826614,-0.20341045557386736,-0.1109873275919845,0.05645917536554317,-0.20018526455663055,-0.2051754642078183,0.5806963430931873,-0.0808098672794308,0.05274032809387346,0.6345857671713061,-0.2046265178369066,1.0,0.33817737613626314,-0.07364544690615192,0.43895880550256056,0.6809238358660251,-0.20402331458131318,-0.07830648141926849,-0.08366258121501063,-0.1725727444257037,-0.204232417222378,-0.08553564423559852,-0.1801732472851761,-0.06524039261120096,-0.0863366912844162,0.7431292899422065,0.6740222234480057,-0.2042385323488903,-0.10766590036409178,-0.2024372021187908,-0.2025685015404912,0.7187796095535681,0.6738621334073605,-0.15042665422816057,-0.008510036372650895,-0.10806325605768954,0.6911235458840245,-0.12056582859029814,0.06903103232436211,-0.1351759760142587,-0.024110402154189338,0.6740222234480057,-0.030752586722586458,-0.11098732759198451,-0.008360160190338368,0.8986944752693261,0.10766590038943553,-0.12056582859029814,-0.03258117861957637,-0.20165637646945878,-0.005358592618674052,-0.0031353512543789526,0.06286713748267264,0.001845584352532922,0.007663831189911359,-0.010917492258096257,0.010593994351141523,-0.21738713801377924
price_std,0.06403184481347741,0.07536320604099837,0.08837720324859333,0.04218938548283284,0.04980219905188726,0.07303543966340147,0.008624785761697252,0.04848266717939172,0.033947260731703,0.059017008588232396,0.03965971985895566,0.07983274793282383,0.08828155119282072,0.136627074781196,0.04384194403038781,0.0034931486832587844,0.04054052599919234,0.23546075553676898,0.13276560571051593,0.026550894151666397,0.1115949708465011,0.04965071610636518,0.12210619453795862,0.7671318218712725,0.13055939194117133,0.039285615459336856,0.3485002402493602,0.03993768412407723,0.04980219905188726,0.008624785761697288,0.2660603528006999,0.025066402872873834,0.05493956384200147,0.1785062251505184,0.1724071062588416,0.3323968635056169,0.016335635417756816,-0.0467107546353183,0.5119808648629351,-0.008203837350282656,0.32790257531596423,0.08718721520505766,0.03963465130550224,0.04079583634410302,0.024357557332631834,0.024923073512539546,0.04321786263028907,0.045225176104091415,0.29088173367000647,0.10603764722150165,0.0756805250308793,0.3169166604311018,0.042979341187776375,0.33817737613626314,1.0,0.10721600490755462,0.26729135699695467,0.5288220334682557,0.04086365020816331,0.12546094476572228,0.1187711957236352,0.03887701081805756,0.04108886548368811,0.12314650155478067,0.037599005957377106,0.14076551521696087,0.12731435690511525,0.32475979916390363,0.6436219296224917,0.04177905496991173,-0.3226784231346685,0.04117011913097661,0.04243307671895496,0.3152395725366112,0.3158375626276851,0.03585311064277012,0.025628010248145438,0.07006448743543996,0.32438915553061537,0.2834868484573175,0.13451214632462746,0.03626506389889806,0.008660171170846654,0.6436219296224917,0.002778345956926729,0.024357557332631834,-0.03834159855920336,0.38291139054401707,0.3226784231590695,0.2834868484573175,0.004326036460352371,0.04383271364869588,-0.026162335365051515,-0.0014918900243633987,0.07482415812157214,-0.007495841162838759,0.052653074731471315,-0.006584007895741947,-0.03840564425458486,0.04786096726380055
sales_lag_6,0.7937903372897557,0.5978644590866934,0.5921350883151848,0.7875905639298197,0.7991971655908933,0.5999651800069417,0.08445195907330731,0.7691587467117095,0.5715901913322293,0.42912766075720865,0.23815315859220249,0.5913700670052944,0.7442792467288466,0.11454792523281526,0.6696902777343255,-0.07376029853081034,0.7984126084249991,-0.10579084068319426,-0.055278869335695556,0.01888291430893773,-0.05741249352147229,0.7639572133268956,0.20066768902344526,0.4270105573508096,0.8209904036612972,0.8439216586552442,-0.011263323821377184,0.8309453512125167,0.7991971655908933,0.08445195907330723,-0.09978366948461934,-0.010437963544963787,-0.013269991954858288,-0.11795416847710763,0.8131957804289218,-0.04687411086688428,-0.07464612121585691,-0.055810668151377835,-0.032344974212697136,0.03388089112885556,0.05466513264456965,-0.09813376354727125,0.8507754019647236,0.8267689054443501,0.6530237035142952,-0.09113409819319634,0.8819255884958198,0.8778159833024762,0.02633183231065501,0.8653510229139786,0.29268412706178154,0.009003065249901823,0.8588638712380738,-0.07364544690615192,0.10721600490755462,1.0,0.1821411774346705,-0.00856847549776755,0.817599516620398,0.9242411591327819,0.8534366146202872,0.9282608293538899,0.8216834742196105,0.8684508488702575,0.8985029495259619,0.9202321292395929,0.8518490836473844,0.04379648975096424,0.050600369472697644,0.8395699814258373,-0.12436814996366094,0.8423296415018979,0.8443319850459876,0.020273161219807604,0.004675072941182167,0.7908172799021516,-0.015588983736574549,0.8096757293056747,0.004431431543341281,0.330976485369733,0.26463666991676943,0.7745109482873029,-0.04604793635121785,0.050600369472697644,0.09998327376960683,0.6530237035142952,-0.027346871035910297,0.045080983609959956,0.12436814997285588,0.330976485369733,0.10920888349504655,0.8466506087042626,-0.0054344275333628655,0.03264191653643134,0.3004231587413013,0.035368602983826714,0.0656398219650199,-0.051809007081158466,-0.03959687922945762,0.748023238925181
price_lag_6,0.05179074410169199,-0.031313345323195726,-0.023733791935985637,0.03396111406165608,0.03791073017526695,-0.02980851533907106,-0.016064527587558795,0.028450578657315883,0.028271484801612123,0.1316678236602493,0.16028890024249037,-0.02801539609201389,0.031881615129524046,-0.12201420067730964,0.04057366557422324,0.1151880967711454,0.04283003385717887,0.15534814210669398,-0.049055299631701584,0.014598677182967094,-0.04939324889491888,0.04949486481437327,0.1161359489735726,0.23747074218143338,0.11859664214800526,0.05610883467411138,0.29344408324029486,0.049538506238713455,0.03791073017526695,-0.016064527587558757,0.4351019249501808,0.36719204373679243,0.001287090525378658,-0.044756312255099004,0.09765316483539133,0.5212254343613599,-0.052410035296918366,0.01570567412484427,-0.07562996671256718,0.08218665599606606,0.41718154394023144,0.34325221116090626,0.05029116567473551,0.046268542494628286,0.035305731440137565,-0.06537443044830459,0.04690491333127782,0.04326983336398748,0.37345764732571174,0.18970320122077636,0.18078521622856847,0.3000428521503615,0.04650866075909888,0.43895880550256056,0.26729135699695467,0.1821411774346705,1.0,0.22565605200779779,0.04710838286184427,0.16794305297820378,0.14086478156914634,0.050308756895733414,0.045283428453798555,0.150997078971902,0.04066903448918671,0.17762098744208324,0.13117386239007844,0.4720502091511,0.31793694305640596,0.04649768192121089,-0.12823880378319236,0.04900277360312037,0.04951215830063723,0.44477833675371004,0.33288967236320594,0.019107252221313032,-0.0686401336653159,0.05321282383931009,0.34249814625325253,0.1828972401977564,0.1558467642477594,0.027889638772796863,-0.013830987700293822,0.31793694305640596,0.022360042196183157,0.03530573144013756,0.04530734340676061,0.5013208827623524,0.12823880381337965,0.1828972401977564,0.02536832689532033,0.05067335996210359,0.03968416096629608,0.07878657784134765,0.22545413845689413,0.03771657170403285,-0.0332865344409225,-0.05472270148442854,-0.010943729380149298,0.030015979645271702
avg_price,-0.06735296588009801,-0.08461368801524902,-0.0779693864261234,-0.08940584923116333,-0.0873710698101244,-0.08156676908472785,-0.035097801708075506,-0.09330549898838823,-0.07474754967224954,0.014813743604455273,-0.06586616247545972,-0.08433765329535249,-0.08812497825611611,0.06919383269055314,-0.08596661022400115,0.8043142970504833,-0.08590650353094725,0.39982058713767404,0.14939451386589445,0.0021148361963089627,0.04450259358848482,-0.08731773217897414,-0.07050045203094685,0.4665853750064699,0.022078628041691778,-0.08137009609221166,0.4377513081989521,-0.08299530862596206,-0.0873710698101244,-0.03509780170807545,0.4514103962507569,-0.03321789619496469,0.14512722861892016,-0.006209991002887063,0.04413267782407202,0.4733879300333667,0.036395784277096534,0.008767994383046354,0.4757711515552946,-0.006277707492798419,0.4157366493086979,0.00811934983801513,-0.08266079313511179,-0.08590342963662444,-0.05752753135190694,0.03109494911869022,-0.08328058160532903,-0.08198449403610397,0.43307172087645096,-0.005668460376546656,0.015595393404297463,0.6339949701848016,-0.08513265355035758,0.6809238358660251,0.5288220334682557,-0.00856847549776755,0.22565605200779779,1.0,-0.08647925181365892,0.010705608010213245,0.010325658436742616,-0.07103385562347214,-0.08625910641710662,0.011282249944573535,-0.07432232661502679,0.025483183089013896,0.017575966919090254,0.6342755154854015,0.8945472715716354,-0.08597505189384579,-0.3174626948263531,-0.08567411872832141,-0.08647900984420356,0.6395824934435633,0.640183710955435,-0.05623808375978039,0.0008274747691316662,-0.031316684001260364,0.6464173280469508,-0.034330676810565605,0.028571010832355047,-0.05117070261273284,0.014620067956346502,0.8945472715716354,-0.028494638805777794,-0.05752753135190694,-0.0017913415340121198,0.75852082490466,0.3174626948507569,-0.034330676810565605,-0.02975428705783369,-0.08556750496041671,-0.02941557876054296,-1.0547730725258023e-05,-0.0032595966200877576,0.0036656868851182626,0.016329612543847103,0.004702996240707778,-0.025862946553863543,-0.08797373458618951
demand_max_3,0.9282138493694683,0.7897347533750031,0.7750585790861423,0.9354375688551363,0.9342394580010306,0.786046136021254,0.1867416020402089,0.9204641728615324,0.8535342826501409,0.5332480933211142,0.24338287279371887,0.7835102814057121,0.8541035838224523,0.1693808554620129,0.9157500688336103,-0.1278913821429071,0.9766524318147193,-0.1544856896532555,-0.06654839534901018,-0.007977475269662849,-0.06843346661316209,0.9637365303519931,0.25585282182973473,0.40316959188639656,0.9063426186107707,0.9569138362128662,-0.08457346964158384,0.9720938084643189,0.9342394580010306,0.18674160204020834,-0.16628366256868335,0.02214101988357106,-0.02610020924890109,-0.12959575951729407,0.8669892598426904,-0.15237237935947837,-0.03422944178030209,-0.026271054100948262,-0.030258459194911755,0.005749150946215113,-0.008122584069917211,-0.14998000314862617,0.9605842938034501,0.9892858430415006,0.7553604126287725,-0.10956636163083212,0.973760205335795,0.9604171462168798,-0.03244312016836596,0.8954895166710449,0.3482885044597083,-0.06011783816831961,0.9865145788018254,-0.20402331458131318,0.04086365020816331,0.817599516620398,0.04710838286184427,-0.08647925181365892,1.0,0.9182945232612528,0.9029646276197123,0.8656817728120737,0.9880854689113708,0.9259147317214506,0.9163361280747221,0.9069663697904486,0.9208121264825548,-0.05478075778611908,-0.042647848368690344,0.9905229300354086,-0.11002718502817699,0.9908985483843455,0.9864848457310013,-0.0626468189001585,-0.06405217721399732,0.7370644340850633,0.02917434386975096,0.677879040551729,-0.06478780386909276,0.40790173773805305,0.20653432292179996,0.7020607829438638,-0.05986116335121779,-0.042647848368690344,0.14022619885004398,0.7553604126287724,-0.02911467990926689,-0.09187698577684836,0.11002718503435874,0.40790173773805305,0.14847076675962087,0.9823247269196798,0.039084014336219844,-0.003834150452358338,0.2263227928666892,-0.006734594884270065,0.01106125442517794,-0.0054869084782481516,-0.023813169830279805,0.9158517931492115
sales_ma_6,0.8881591252804173,0.7226740655316761,0.7208329908234216,0.8837175229537445,0.8969998502045265,0.722978521232132,0.15427058602178512,0.8657264221558091,0.6906989116012934,0.5345504159332424,0.24192869503237194,0.715813296509329,0.8265220544239369,0.1491943062070853,0.795548302134926,-0.07306868570265754,0.907018780430607,-0.07458794245032468,-0.06988188968830397,0.0018310953550870924,-0.06915168629707569,0.8800299589880629,0.23377171202579808,0.4858445660429663,0.9510586056550021,0.9154794275159353,-0.013381635579443493,0.9174679719699961,0.8969998502045265,0.15427058602178512,-0.05991034428045713,-0.010116692683639036,-0.012287679679043617,-0.13721452193088304,0.9199401788632333,-0.030535892759598875,-0.04839872832566547,-0.05911953816849397,-0.030306664988027553,0.017047187620959723,0.12071040258977883,-0.1385375533785087,0.9302725319120653,0.9261019951592244,0.7136837264217724,-0.10348511077553373,0.9405943460316076,0.9309048584854298,0.08401817386002318,0.9654676019350809,0.3510721070788571,0.04933209760517982,0.9387611008559087,-0.07830648141926849,0.12546094476572228,0.9242411591327819,0.16794305297820378,0.010705608010213245,0.9182945232612528,1.0,0.9647498381072218,0.877886202339543,0.9235829942884743,0.9862938679131835,0.914246689374122,0.9921189921289851,0.9750386458774069,0.08731413036630775,0.07405685277317167,0.9328508972327606,-0.15542032399883568,0.9340320065481287,0.9201874948912833,0.07433804372174194,0.05519186492232939,0.7629195222737143,0.007906746429959392,0.7671346596026661,0.06090951036194048,0.3986859224941358,0.26448564283442794,0.7262803444098757,-0.053862683237307155,0.07405685277317167,0.10151666237406813,0.7136837264217724,-0.04194596742727829,0.06283064783259952,0.15542032400808653,0.3986859224941358,0.11008070155608482,0.9183016571098491,0.0217999842095611,0.012127711384768758,0.25747019044057945,0.006662337639216054,0.028069603445135562,-0.036199089019306914,-0.027825775203352356,0.8609502731434233
sales_lag_2,0.8742543638260248,0.7125067923512162,0.7133702389545328,0.8722159924991916,0.8848563909958668,0.7121070875807504,0.21601623129338401,0.8521291506534422,0.6913778037128397,0.5367607783004794,0.24202153633643442,0.705789924277835,0.8054645383308566,0.19745911691743817,0.788083524731714,-0.07109592111824191,0.881123948216982,-0.07666274758946029,-0.06720927109190948,0.027812521508939456,-0.0665768660062413,0.8676664713114592,0.22935923474067543,0.4711319829974699,0.930135791789675,0.8736292257621837,-0.02038298043821453,0.9318898494843935,0.8848563909958668,0.21601623129338468,-0.05341621279960815,0.006042912806433002,-0.011494096745668998,-0.137899165792774,0.9095913571551973,-0.032540861991947695,-0.05179975955983619,-0.05885162826517263,-0.029191456502676703,0.006484575732144002,0.11811132790597238,-0.13613435979479865,0.9081648625423039,0.9197885495556571,0.7094373563665602,-0.10079232092485262,0.9026885856370027,0.8913484950726757,0.09787530895511216,0.9294855922873726,0.34430112917268185,0.04891963938324772,0.9112902101543181,-0.08366258121501063,0.1187711957236352,0.8534366146202872,0.14086478156914634,0.010325658436742616,0.9029646276197123,0.9647498381072218,1.0,0.8145859449747228,0.9039860003862024,0.9787734360616619,0.8646154296945625,0.9553786872269204,0.981624547306798,0.07790574953038798,0.07081846639922038,0.9114855282875745,-0.15422749748296574,0.9158087086973788,0.8891525316368655,0.07070524577863307,0.05965389887335339,0.6993164311528983,0.0032485850513272346,0.7046761875819199,0.060594097127554404,0.3916942236070957,0.25473152606007665,0.663972844913224,-0.052477730784490736,0.07081846639922038,0.10627935481085707,0.7094373563665604,-0.04233807899927749,0.051538062636305754,0.15422749749161854,0.3916942236070957,0.11429100909980827,0.887417514661344,0.01633474649849963,0.004688100119290836,0.24277456701445807,0.007526964435481156,0.03680792620770494,-0.03243687871938079,-0.032484385196318306,0.8440514726969394
demand_lag_6,0.8327764789114388,0.6408387311767338,0.6199565168738485,0.8271750793512963,0.8270433419628297,0.6418217883588839,0.06686013342760726,0.82706785410965,0.6099045828177663,0.39621690274151106,0.23288252642769205,0.6281454751859391,0.7874649230989672,0.09755777220977796,0.7148111486215128,-0.10591568474180092,0.8441432275405599,-0.13661211081424182,-0.05255746607668503,0.01858868861464259,-0.05514988711262462,0.8091910091067688,0.20259357708767486,0.3639721225926063,0.7863448780983547,0.8964365093524183,-0.05832745836101789,0.8766808928913508,0.8270433419628297,0.06686013342760751,-0.15456392348616263,-0.023724048201137656,-0.02215081736213082,-0.09286484889298471,0.773402814240365,-0.14425842735901695,-0.07357841097082202,-0.05155015555559255,-0.013591050859675338,0.01959910784275924,-0.015203829024484432,-0.11789753540099458,0.8998167361362868,0.8732421958702603,0.6762675844739838,-0.08841294484499577,0.939514242135695,0.9393942094778384,-0.03389600409574719,0.8293957531326007,0.26339555623115374,-0.05369431694049002,0.9123554618175667,-0.1725727444257037,0.03887701081805756,0.9282608293538899,0.050308756895733414,-0.07103385562347214,0.8656817728120737,0.877886202339543,0.8145859449747228,1.0,0.8688975484577763,0.8309951245248977,0.9613332447838608,0.8759961861962033,0.8144765855732781,-0.05743273538361439,-0.036000811787716074,0.8890710149280363,-0.08929465601424207,0.8914226621860095,0.9012170860182345,-0.062239769363747977,-0.05858447551603188,0.856678539148121,-0.004770185073867751,0.8055062500960074,-0.0606963850889163,0.3273852804514715,0.21715193947085779,0.8444580868394401,-0.055122258042071874,-0.036000811787716074,0.1242974459697164,0.6762675844739836,-0.029712814477712186,-0.07866190974964031,0.08929465602170106,0.3273852804514715,0.13387130086494986,0.90670161121474,-0.008603871169371356,0.019032964785077027,0.3010577569407723,0.030036762474174365,0.061460696704222204,-0.042172311087210236,-0.04059817430073984,0.7838835492340968
ema_0.7,0.9409973871582876,0.7994829128517573,0.7839514931341459,0.9488966105548985,0.9502849634739271,0.7961737201708106,0.2398421486214474,0.9390516696411805,0.7977448172279439,0.5356640807972208,0.24626259000115858,0.7866087302163828,0.8700185533485889,0.21660390261945858,0.8913235491686438,-0.12825993807025382,0.9957528594816432,-0.15502740245995159,-0.06633696064212642,-0.013287816484055838,-0.06928943445586287,0.9571874690781301,0.25095946359734994,0.4055932495626589,0.928733006595175,0.9453997386058457,-0.0887794111868082,0.9664337769645608,0.9502849634739271,0.23984214862144726,-0.16775095966066686,0.009172762025321362,-0.02603369062611338,-0.12448388046216474,0.88554897290232,-0.1540758389975526,-0.03390323951046537,-0.03332694283914979,-0.030393136048825344,0.023003889948450533,-0.009008080648199033,-0.1516443005809648,0.9730572955328517,0.9963584504245555,0.7525233916571542,-0.11163455183601495,0.9748490744576425,0.9629652692225127,-0.033841762156146954,0.89039153317533,0.33965955715778373,-0.06089537625884196,0.9905301246496669,-0.204232417222378,0.04108886548368811,0.8216834742196105,0.045283428453798555,-0.08625910641710662,0.9880854689113708,0.9235829942884743,0.9039860003862024,0.8688975484577763,1.0,0.9326458645551368,0.923886960556392,0.9120855649305554,0.9329572190741355,-0.05581117646808673,-0.043313241455051596,0.9978907988548418,-0.11078397804945066,0.992005600689361,0.9756530604876603,-0.06319193400865322,-0.06472793659451762,0.7409968627783896,0.018151009683182603,0.6763653532396636,-0.06510420049101497,0.40486166906320026,0.19673164263471532,0.7024885070872494,-0.057462992874694856,-0.043313241455051596,0.14070600291343605,0.7525233916571543,-0.02822743577411098,-0.09214087899116316,0.11078397805481152,0.40486166906320026,0.14862249206266703,0.9725015150430443,0.043835701695737334,0.012018482040028252,0.21144651229806427,-0.0003045105664898657,0.013886001383535698,-0.020641795085283854,-0.019347895764978005,0.9305370850955924
sales_ma_3,0.8927366426786679,0.7362154484872262,0.7368794478202856,0.8918634332191969,0.9051306760585647,0.7356568481439157,0.18378662130148518,0.8718372567040071,0.7122950663490721,0.5531909483167323,0.24549891565924306,0.7288900137991634,0.8252928712699762,0.16456146274239616,0.8088318428758681,-0.07427084622621355,0.9201921271416352,-0.07220857927382042,-0.07307021875183778,0.00029357075281166316,-0.07116175266391435,0.889698151867317,0.23620535487333236,0.48373069318718825,0.9727624727663325,0.9102904080404596,-0.019593724428925874,0.9208768508107834,0.9051306760585647,0.18378662130148507,-0.05494523096525699,0.005321816200510098,-0.011697785367272113,-0.13887223816851463,0.9302173159595869,-0.03402121162148041,-0.04882691162534505,-0.05245903768680652,-0.02858843322408254,0.018823171547758602,0.12692208813174902,-0.14006740758372332,0.9295418359980177,0.9345902732731773,0.7252382237562515,-0.10678689712237911,0.9241568829448309,0.9116706005524019,0.09133665039487616,0.9691766411191602,0.3561194237137325,0.05732851219192287,0.9339393131050411,-0.08553564423559852,0.12314650155478067,0.8684508488702575,0.150997078971902,0.011282249944573535,0.9259147317214506,0.9862938679131835,0.9787734360616619,0.8309951245248977,0.9326458645551368,1.0,0.8844979858587999,0.9759153579224196,0.993270089471988,0.08418782243637966,0.07279879754490323,0.9363045290817147,-0.1586534783318241,0.9381110096126274,0.911562801140226,0.07640161404518836,0.06266641146763015,0.7135438845132163,0.007601897810083215,0.7142968333770852,0.0673122017500121,0.40445552615237884,0.25937541547953696,0.6730132841602542,-0.05539266029438178,0.07279879754490323,0.1125797128285354,0.7252382237562515,-0.03944295932442051,0.054725590553003314,0.15865347834046573,0.40445552615237884,0.12067789827965146,0.9086555000170646,0.02488335253779396,0.012455640104659415,0.23532518736872254,0.0048105232110218586,0.02294503886251505,-0.032010677915677424,-0.02183498710729912,0.8731007808636799
demand_min_6,0.8822791409003538,0.6926558490766971,0.6698013372420424,0.8806499904819695,0.8825033146944854,0.6947086219292131,0.10324867672473155,0.8844485580359057,0.6480058926085821,0.42605181960270405,0.23272317894436848,0.6715069201034871,0.8291096962215813,0.12265607326013096,0.7286582021524485,-0.11037299237123403,0.9020304284376379,-0.14288277469145624,-0.05368609929709122,0.015372651157758379,-0.056073383262677384,0.8471606797710958,0.20547367517228243,0.37405553993743373,0.8455356576511665,0.9364329515854207,-0.07075069554631874,0.9248559615311541,0.8825033146944854,0.103248676724732,-0.16284796417669015,-0.05400617578845607,-0.02187545965417332,-0.0956860208384096,0.8270586933844799,-0.1519509715724093,-0.07210059971487708,-0.022582178715524703,-0.01653039059418727,0.010747790944293201,-0.020472492625747206,-0.14226115523139238,0.9517450073017316,0.9273392266863484,0.7374799469553598,-0.08895985803780121,0.9714948914136929,0.9635325907754813,-0.03752900550961611,0.8744784689968851,0.26857967332778815,-0.05480519804101462,0.9551094934464477,-0.1801732472851761,0.037599005957377106,0.8985029495259619,0.04066903448918671,-0.07432232661502679,0.9163361280747221,0.914246689374122,0.8646154296945625,0.9613332447838608,0.923886960556392,0.8844979858587999,1.0,0.9047997953848841,0.8703616849567033,-0.058814889640065274,-0.040438796692141205,0.9397361505267274,-0.09400742115238801,0.9418409583418195,0.9269494188878804,-0.06392197133251584,-0.05996918199858044,0.8433837168527905,0.008322046499262895,0.7784605887250646,-0.06215536692680464,0.33624636782051265,0.21148096285482923,0.813145932357611,-0.046514160291841945,-0.040438796692141205,0.11995887192347127,0.7374799469553598,-0.014054228488993433,-0.08280653242748759,0.09400742115752929,0.33624636782051265,0.1290459218264431,0.930706801910961,0.01129644730252082,0.008154397220920038,0.2734320033296966,0.022626893263843022,0.014210615355985126,-0.015905530913307202,-0.035749027047109076,0.8493872282899214
sales_ma_12,0.8813635493556816,0.7267301754772244,0.7203187013234816,0.8712400516645317,0.8833256603262093,0.7278404441804012,0.1420937909738909,0.8549838737510436,0.6791300735223864,0.5319044944210549,0.22389284513273144,0.7186742475450844,0.8222061664858115,0.13834320862933608,0.7929695429729164,-0.06298342849035944,0.8948497036940771,-0.06324285500976902,-0.07110315936888992,-0.0012205231800595285,-0.07057416394469322,0.8676505089158588,0.23829644382966098,0.498946250780503,0.9390421388549842,0.9072612753602225,0.00045397475049880503,0.9072388869578621,0.8833256603262093,0.14209379097389113,-0.042776711543109164,-0.017376656187979237,-0.011706242282874054,-0.13850490305425905,0.9070933118556574,-0.011637029799344134,-0.04121655482673202,-0.08740376648331756,-0.028678115402896494,0.00811724141524579,0.13895007698608827,-0.1447352928183346,0.9201143118326596,0.9147252510901149,0.6787701532084859,-0.10466140542753505,0.9336010392672248,0.9363824774702709,0.10051269096047064,0.9563784831422792,0.3595522672069329,0.06464882352687204,0.9318657573308831,-0.06524039261120096,0.14076551521696087,0.9202321292395929,0.17762098744208324,0.025483183089013896,0.9069663697904486,0.9921189921289851,0.9553786872269204,0.8759961861962033,0.9120855649305554,0.9759153579224196,0.9047997953848841,1.0,0.9641569858762442,0.11092457050946353,0.09288319575659638,0.9226176591889451,-0.15975071252957534,0.9235928917991428,0.9129475308946509,0.09481789294290192,0.07186843223287998,0.7944545575810348,0.011966231936403893,0.7968426994056238,0.07862222061467888,0.40614958695726555,0.2569863233657185,0.7577002028905429,-0.06209779420209473,0.09288319575659638,0.0804685712886425,0.6787701532084859,-0.06436574496140154,0.08375782478965861,0.15975071254010673,0.40614958695726555,0.08895558355561523,0.9153675186824722,0.02400346741905855,0.0032344430801885924,0.2582290440657144,-0.004170739957857842,0.033842428647746246,-0.04421134525093303,-0.030410956454639107,0.8477789525289908
sales_ma_2,0.894315851899136,0.7419685985948825,0.7435323727291614,0.8944694503196658,0.9079758418547337,0.7410423605775107,0.24769893129282433,0.8738290234387964,0.7210336527760013,0.5628873114346967,0.24753994254609613,0.7343712380504626,0.8233176294896698,0.2443063724752147,0.8103730733913841,-0.07312444011860557,0.9236244167061434,-0.06184851875825536,-0.07435256538583251,-0.005561677689761175,-0.07205607319228222,0.8891276329840089,0.23856439083908942,0.4891703842151563,0.9830204756608812,0.8816013526359799,-0.02302999751431883,0.9204921717282077,0.9079758418547337,0.24769893129282447,-0.051256092033473206,0.00015433091605189593,-0.0108336350828502,-0.13999194326020717,0.9379282512356081,-0.03122039885258024,-0.030928286160033472,-0.04776908543634028,-0.024183810343570387,0.020454014064883043,0.12923314567811328,-0.14635448746274635,0.9175096881932735,0.9361642364399924,0.7292844310522774,-0.10865265782611122,0.9122097445522058,0.8991460808022183,0.09670709973594671,0.9344497884217978,0.3587284697202405,0.06284744660183313,0.9265112789256171,-0.0863366912844162,0.12731435690511525,0.8518490836473844,0.13117386239007844,0.017575966919090254,0.9208121264825548,0.9750386458774069,0.981624547306798,0.8144765855732781,0.9329572190741355,0.993270089471988,0.8703616849567033,0.9641569858762442,1.0,0.08615881878680816,0.0808073202479123,0.9328935481700815,-0.16177463236794412,0.92979106294916,0.9040532732944262,0.07910499632217302,0.068125395502409,0.6912052258823226,0.011355717448876595,0.6910800609439178,0.07146520343344402,0.4072911908640901,0.2538327120971422,0.6515369702446766,-0.054429603309924,0.0808073202479123,0.11562402436691799,0.7292844310522774,-0.03776270002785304,0.05415659314388849,0.16177463237624456,0.4072911908640901,0.12346038454104058,0.9007379815113745,0.03304020301634681,0.013148250456014136,0.22195460060082342,0.004026618460601421,0.02872213725711137,-0.027857761527985483,-0.029316785191073117,0.8754850211170663
price_ma_12,-0.03295262925916476,-0.06698852505510529,-0.05373884575329587,-0.05356201305705877,-0.050817744656617946,-0.06394669356624881,-0.0065406293540059305,-0.0637192866529153,-0.037759547215434106,0.2099571387418533,0.056285524169909305,-0.061409986498753205,-0.067292683539023,0.018981243637457776,-0.0434126877367852,0.5099483087248627,-0.054510202451435875,0.6081818897264156,-0.04061724813865907,0.02884220240659907,-0.025491604871842457,-0.04795224189222429,0.0649116444430461,0.32756873067146375,0.0886049023727335,-0.056423180979117096,0.35592880442060326,-0.05588666940661371,-0.050817744656617946,-0.006540629354005917,0.7379128197613132,0.05694319126874061,0.06720949142466882,-0.11317125921568978,0.09458335565903825,0.7901313661369942,0.07936915395707059,-0.008920326100582451,-0.0003733980446070326,0.02896172429181836,0.6561512009585158,0.08103021137504826,-0.05776513232059805,-0.05603061065670224,-0.04056831475696147,0.14730913656284575,-0.05833211865028749,-0.05797486866102174,0.7570359851656455,0.07029777828727335,0.2325163266023343,0.8430661116950888,-0.05755192215504997,0.7431292899422065,0.32475979916390363,0.04379648975096424,0.4720502091511,0.6342755154854015,-0.05478075778611908,0.08731413036630775,0.07790574953038798,-0.05743273538361439,-0.05581117646808673,0.08418782243637966,-0.058814889640065274,0.11092457050946353,0.08615881878680816,1.0,0.6902474734969434,-0.056700653199520855,-0.17099906428812567,-0.05691626234442963,-0.05499673057777136,0.9815214876635997,0.9053755164587187,-0.05030107269233107,-0.029156172302732642,-0.02511207877628362,0.9380956935348433,0.10730614333927212,0.07088364184137427,-0.05087400905113962,-0.04571440988773506,0.6902474734969434,-0.015833747532448966,-0.04056831475696147,0.0010834281694131378,0.8398929683549081,0.17099906431840894,0.10730614333927212,-0.016627100465509494,-0.05483737878703955,0.004846112513530686,0.022904740132379996,0.06891435036855827,0.020289765584954513,0.003967804625031725,-0.04238398349874772,0.04238511402487151,-0.054281066143995214
sales_per_order,-0.00868827600228862,-0.03751971918725766,-0.03268381256096784,-0.040820764588592115,-0.04247171114923202,-0.034811652059326695,-0.007224407781956194,-0.04713716513085669,-0.030590914056806303,0.11276069484534008,0.05304783707401573,-0.036722585193668195,-0.03875323528567841,0.1258624661609182,-0.037180200455129986,0.5543832960727799,-0.04280725624336287,0.4521285956478682,0.12765923327548453,-0.006366931892510711,0.05500317046487653,-0.03811263738724911,0.16975171680117765,0.5362347349280063,0.08640174421660987,-0.042752707011041766,0.4638146361915462,-0.042063973274974166,-0.04247171114923202,-0.007224407781956183,0.53691224694322,0.011065793812370871,0.11397720281974283,-0.05673436237879546,0.12142392269840797,0.5800533881700001,0.06947068764688007,-0.004071631412458747,0.43001029892416903,0.005736679265718234,0.5326608932673075,0.04945862219168921,-0.044077964018648184,-0.043212033120401346,-0.03182878922194206,0.06044066775305308,-0.042341261979037134,-0.03987793136327204,0.5496909552512322,0.049766502220135296,0.18554181999848662,0.6345122914078613,-0.04277917199430286,0.6740222234480057,0.6436219296224917,0.050600369472697644,0.31793694305640596,0.8945472715716354,-0.042647848368690344,0.07405685277317167,0.07081846639922038,-0.036000811787716074,-0.043313241455051596,0.07279879754490323,-0.040438796692141205,0.09288319575659638,0.0808073202479123,0.6902474734969434,1.0,-0.043364759452419924,-0.34088534696519635,-0.04371091654168159,-0.042518722961507126,0.6867408450053769,0.6587671658886374,-0.030163326409165286,-0.006734395573667222,-0.004016834400032183,0.6721497360587793,0.137566860043506,0.06220913726334852,-0.027135304538914686,0.007333950900328903,1.0,-0.015176258412889282,-0.03182878922194205,-0.010814777214638534,0.7765791294923197,0.34088534699752443,0.137566860043506,-0.015479135043255116,-0.041362313914790165,-0.013619363794483705,0.0073238399174089235,0.04016087487194179,0.015997018486476507,0.028635207392114476,-0.008145713407763999,-0.031093476766478265,-0.042783941038097885
ema_0.5,0.9420001687977752,0.7955573112566966,0.7791090166932735,0.9477388267401518,0.9487917650005749,0.7926767834420527,0.20840282447330025,0.9396184465209562,0.788009615873807,0.5272587207744244,0.24464361209293975,0.7828191582397006,0.8736104375079723,0.1925603277531114,0.8881251058692524,-0.12775806233217885,0.9883334551750385,-0.15578511675064752,-0.06572423713133323,-0.006079782409840905,-0.06835086527818929,0.957126635026208,0.24965242473299268,0.40746720959710964,0.9213514833458046,0.9598185188233708,-0.08601524691541035,0.9758434450645391,0.9487917650005749,0.20840282447330088,-0.1689379423003194,0.0049075852235818404,-0.026041742240040324,-0.1224870961928939,0.8838812358349326,-0.15567065675228023,-0.04086679560600804,-0.03995755233256548,-0.028925506440034415,0.01760812158747021,-0.01017636051012211,-0.15137191365767658,0.9817545853950184,0.9972250726732186,0.7490862775574871,-0.1095975653464073,0.9864199270014359,0.9758228189399709,-0.03446929954363203,0.901743540399855,0.3356255880281943,-0.06071133648355919,0.9971360322764877,-0.2042385323488903,0.04177905496991173,0.8395699814258373,0.04649768192121089,-0.08597505189384579,0.9905229300354086,0.9328508972327606,0.9114855282875745,0.8890710149280363,0.9978907988548418,0.9363045290817147,0.9397361505267274,0.9226176591889451,0.9328935481700815,-0.056700653199520855,-0.043364759452419924,1.0,-0.11003265094229293,0.9973091009133798,0.9826059169800107,-0.06392457323369055,-0.06486530175722806,0.7656032121897749,0.017152598518074814,0.7009778821319822,-0.06554091679802684,0.4029404434520202,0.20103024410436476,0.7284465787196328,-0.05632184251348136,-0.04336475945241993,0.1348667135137532,0.7490862775574871,-0.032645494181774884,-0.09210190874066237,0.11003265094802034,0.4029404434520202,0.14305162277099723,0.9804632255306113,0.03718178497696456,0.008475713598819976,0.22526982908704027,0.0004595751627349215,0.017193740620980565,-0.022092495518711976,-0.022058423682085916,0.9269874389526966
freight_to_sales_ratio,-0.11812724917168482,-0.14301404382132846,-0.14977271418984453,-0.11857732642712848,-0.1253691913924151,-0.14112942168366888,-0.05628013502032107,-0.12376757906536831,-0.09731064134223152,-0.1524365209145905,-0.04609920864413081,-0.14596117858370541,-0.13855017892018145,-0.09933055087336727,-0.11011001818044278,-0.13150823329493053,-0.11090805553995584,-0.07839093221122084,-0.11992959186623842,-0.010403159450539046,-0.051352230992985436,-0.11947929606760721,-0.10332875012034318,-0.3246346981021851,-0.16314934001958364,-0.10024387846776005,-0.032773330179857556,-0.1063351445039301,-0.1253691913924151,-0.05628013502032096,-0.08510500017026647,0.004685518734143491,-0.1030510679810763,-0.09908771705471624,-0.18418819512110168,-0.08701941865064626,-0.032077257399598436,-0.049212621014783846,-0.3856267932261429,-0.018555728674251305,-0.1705468174939852,0.07779169294743063,-0.10369057299343765,-0.11030220598963712,-0.06656242676888875,-0.017790690568992983,-0.10601861128375735,-0.10632897184210846,-0.14434881013243345,-0.14277964919506853,-0.12982702228136286,-0.16392679487486006,-0.10909676954820054,-0.10766590036409178,-0.3226784231346685,-0.12436814996366094,-0.12823880378319236,-0.3174626948263531,-0.11002718502817699,-0.15542032399883568,-0.15422749748296574,-0.08929465601424207,-0.11078397804945066,-0.1586534783318241,-0.09400742115238801,-0.15975071252957534,-0.16177463236794412,-0.17099906428812567,-0.34088534696519635,-0.11003265094229293,1.0,-0.1086475971681088,-0.10831143780362343,-0.17768407240207737,-0.16422916323403888,-0.06891133336812215,-0.006115962496170141,-0.07910420509410611,-0.17270598751985342,-0.3006453983520325,-0.051919852849101535,-0.058282562748210844,-0.03738278897615031,-0.3408853469651963,-0.016069550836833955,-0.06656242676888875,-0.054361438329488525,-0.2173860874894124,-1.0000000000000022,-0.3006453983520325,-0.01716365387428357,-0.1073524621032913,0.014180697286908229,-0.021499687778236513,-0.00034990092702854534,-0.01833954568175865,-0.03872136785217861,-0.026068360391428926,0.04509324008135332,-0.12294031737841943
ma_3,0.9370700212738209,0.7873177147847394,0.7709896253888954,0.9423946965672424,0.9431660461162906,0.7845924320654079,0.16783489607490595,0.934380270491271,0.7791251197220954,0.5205857917453494,0.24436951338396526,0.775033115340511,0.8699724762735851,0.15888865735737598,0.8831392339834699,-0.1265385910259844,0.9774499013458137,-0.15661208556644404,-0.06492917471484685,0.002853743888732306,-0.06713899265252203,0.9539389292577019,0.24729536764153712,0.4054099951024065,0.9111737115011778,0.9743078407993409,-0.08422161238730465,0.9812038466577107,0.9431660461162906,0.16783489607490606,-0.1689550613803452,0.007821381479379356,-0.02574083445508908,-0.12212065416875159,0.878087694355518,-0.15545406224241273,-0.05428641813397786,-0.043402525614460216,-0.02906562428149529,0.0121861621483886,-0.011413805270145579,-0.14799919416792665,0.9870229534090228,0.9942804079214845,0.7440826539701317,-0.10736670839000767,0.988139269248215,0.9771670727992979,-0.035226162915224714,0.9139025017498198,0.33265737536848566,-0.06027840226313623,0.9967770855011068,-0.2024372021187908,0.04117011913097661,0.8423296415018979,0.04900277360312037,-0.08567411872832141,0.9908985483843455,0.9340320065481287,0.9158087086973788,0.8914226621860095,0.992005600689361,0.9381110096126274,0.9418409583418195,0.9235928917991428,0.92979106294916,-0.05691626234442963,-0.04371091654168159,0.9973091009133798,-0.1086475971681088,1.0,0.9816049897791457,-0.06419433231254235,-0.06487241367593806,0.7705050647790539,0.013836753255877913,0.7063951905836319,-0.06590968775018664,0.3989869267730227,0.2032535231419437,0.733226600255672,-0.052634072888422215,-0.0437109165416816,0.13067996105502946,0.744082653970132,-0.036064622737179836,-0.0913974316670126,0.10864759717391931,0.3989869267730227,0.13896426134668344,0.9797868051064746,0.02464868438501388,0.00562746250966116,0.23413795708644383,0.0018816281784902295,0.019686541666579366,-0.023138140000672477,-0.019379460967455322,0.9198728412557247
demand_max_6,0.9174225805442486,0.7770674395277322,0.7631344121022801,0.9217655797576689,0.9199264845960814,0.7729302742285703,0.16085602233355364,0.9077697549115358,0.8262172944119107,0.5206507078254101,0.23922409302994807,0.7766925045162668,0.8470346670793322,0.1517234924611562,0.9291908232291192,-0.1269264834591463,0.9614736445389956,-0.15388629284967992,-0.06644742190839739,-0.00474200828272116,-0.06855748248765633,0.9642535323487464,0.25531369375540064,0.40623723820885455,0.8873585960255829,0.9547648381040944,-0.08020428479905953,0.9628101079674326,0.9199264845960814,0.16085602233355423,-0.166276311136075,0.02833957581672477,-0.02664363548378517,-0.12731603173164588,0.8506714954135848,-0.15224906314407527,-0.03870138656485923,-0.0483642685568771,-0.029641134431091953,0.0015905588619411573,-0.00786560763142967,-0.14795330722093442,0.9559108666511674,0.9768009324529385,0.7350362344185764,-0.10956121700478368,0.9831222344259613,0.9728125416465162,-0.03239541774587821,0.8869901291382305,0.3458106898562946,-0.06028554056700354,0.9858673524502443,-0.2025685015404912,0.04243307671895496,0.8443319850459876,0.04951215830063723,-0.08647900984420356,0.9864848457310013,0.9201874948912833,0.8891525316368655,0.9012170860182345,0.9756530604876603,0.911562801140226,0.9269494188878804,0.9129475308946509,0.9040532732944262,-0.05499673057777136,-0.042518722961507126,0.9826059169800107,-0.10831143780362343,0.9816049897791457,1.0,-0.06324075890627656,-0.06423523406291028,0.772384959347331,0.03353606621482741,0.7198739661846401,-0.0650197283733947,0.4074348811024585,0.21595224693620083,0.7455744328985083,-0.06486631227486267,-0.04251872296150711,0.12848799632705152,0.7350362344185764,-0.045844412961161374,-0.09085768893467183,0.10831143781070539,0.4074348811024585,0.1372783942710497,0.9961342599377844,0.03705282956319254,-0.007031181255437539,0.24943701649729658,-0.010971498134575262,0.02404722167992447,-0.013383163226444669,-0.029576648997242425,0.898997049998931
price_ma_6,-0.038752708547563075,-0.0728736804006868,-0.061545404825898334,-0.061283844570577756,-0.05917590367553044,-0.06994867300401533,-0.010466358134892322,-0.0692645610376599,-0.04572904529225401,0.19406680402500182,0.05722494793919748,-0.06895458210240092,-0.06855762566146714,0.015997000228966295,-0.052728327702540954,0.5060227825761052,-0.061918775361179436,0.6398619631141048,-0.041101039019433426,0.029351965411540296,-0.02473261331390941,-0.05764977290772636,0.05984174223409813,0.31401058354477107,0.08183614602923696,-0.06333403440313413,0.3570710334250336,-0.06298027981318499,-0.05917590367553044,-0.010466358134892351,0.7738863316165552,0.055857072811207706,0.06931648839085089,-0.09559148080645523,0.08592211447138332,0.7637552927438425,0.08558479280694796,-0.004443483145922873,0.02086327544757328,0.03220122336344006,0.6687656676215685,0.09511660422919976,-0.06454989501469514,-0.0633834914805853,-0.046163517899518905,0.15651876524629052,-0.06494022305552805,-0.06292458583823343,0.7820681730379033,0.06106645685493763,0.21619524110705193,0.8710412428827013,-0.06432131161393394,0.7187796095535681,0.3152395725366112,0.020273161219807604,0.44477833675371004,0.6395824934435633,-0.0626468189001585,0.07433804372174194,0.07070524577863307,-0.062239769363747977,-0.06319193400865322,0.07640161404518836,-0.06392197133251584,0.09481789294290192,0.07910499632217302,0.9815214876635997,0.6867408450053769,-0.06392457323369055,-0.17768407240207737,-0.06419433231254235,-0.06324075890627656,1.0,0.9355102383679593,-0.04954243885389798,-0.03348375778527021,-0.02904344645631427,0.9662940585868429,0.10390232274466224,0.03643165224155975,-0.04972098264687538,-0.041568172870484234,0.6867408450053769,-0.01899398164060513,-0.04616351789951891,0.006883141010897831,0.8113949881739979,0.17768407243241685,0.10390232274466224,-0.019786602402922945,-0.06301956650001216,0.007323532946380569,0.025351147694397648,0.05869158556307799,0.022584838806073017,0.001421507923121227,-0.04192920992868766,0.04391116793089134,-0.06192402609528718
price_ma_2,-0.039165150851838845,-0.07719514938963015,-0.0687332767006538,-0.06254748306995415,-0.06052534691142091,-0.07433833128551463,-0.016296385954848384,-0.0691351389332101,-0.05014615819607695,0.16033300473646225,0.046479161990413895,-0.07544012467219784,-0.06520750725769119,0.032018985655159975,-0.058577663077509334,0.4972074692540106,-0.06389438302452907,0.6683921394434329,-0.05770245194906001,0.03172617314226584,-0.03487989936650519,-0.06172743071311338,0.050458391493823335,0.30537600794521785,0.07118812930263514,-0.06216525702416263,0.36139815316303503,-0.06416590407964096,-0.06052534691142091,-0.01629638595484837,0.7273986939901195,0.04530768069630317,0.07529703902778859,-0.0701242760393199,0.07781732780494176,0.7039728502176814,0.07601822142932463,-0.023411507574439792,0.0554444902876354,0.01927809151078573,0.5512153905848457,0.07798990400561642,-0.06406619592506653,-0.06497703714816648,-0.04291173262135188,0.16857330768163176,-0.06395476737861246,-0.061836694772968125,0.8347699351185359,0.041848242794527014,0.1720047050274306,0.9365447007657484,-0.06445547337211027,0.6738621334073605,0.3158375626276851,0.004675072941182167,0.33288967236320594,0.640183710955435,-0.06405217721399732,0.05519186492232939,0.05965389887335339,-0.05858447551603188,-0.06472793659451762,0.06266641146763015,-0.05996918199858044,0.07186843223287998,0.068125395502409,0.9053755164587187,0.6587671658886374,-0.06486530175722806,-0.16422916323403888,-0.06487241367593806,-0.06423523406291028,0.9355102383679593,1.0,-0.04477204397695832,-0.022548446115009876,-0.022339260395772463,0.9739924823519941,0.07942140739173538,0.04721689341027396,-0.04441029264274096,-0.06473554465124372,0.6587671658886373,-0.017970355698933453,-0.04291173262135188,-0.013221671557466222,0.7539918631174624,0.1642291632750926,0.07942140739173538,-0.0188240114206824,-0.06380012525430927,0.00861359602808371,0.010614603487626438,0.062386922204164995,0.017565711470576846,0.011324403640834887,-0.041948896764593735,0.04593869321301336,-0.063544536064129
demand_min_12,0.700760009177949,0.523346302056859,0.5007608478844513,0.6699451234306579,0.6723927721169051,0.5240007529205961,-0.08238897019775485,0.685789713438544,0.48103542343121897,0.2704304026851066,0.16636327422713143,0.5091653442275562,0.6895081354182797,-0.03267369866859673,0.5990451549778435,-0.08602585378501264,0.7131114585016561,-0.11061456273883198,-0.03882276697369489,0.00970602650582017,-0.044042888944264044,0.6222443273272136,0.1529875532254511,0.3127853004292115,0.6588560973661929,0.7907879721255956,-0.032305958007950046,0.757599014361824,0.6723927721169051,-0.08238897019775475,-0.12912016267765689,-0.058057030295550704,-0.01808661030550409,-0.0589207116181465,0.6248423479121881,-0.1343333200665571,-0.05766565815903575,-0.16283261686414868,0.0013176064203194717,-0.0872362561080539,-0.018994862336447982,-0.12830794860537598,0.7855786934264668,0.746472725790001,0.5376255677822372,-0.0727439670198066,0.8223239020864155,0.8610372341341304,-0.02971138667870343,0.7275438429846328,0.1871039936615251,-0.040846297545686326,0.7967681984628558,-0.15042665422816057,0.03585311064277012,0.7908172799021516,0.019107252221313032,-0.05623808375978039,0.7370644340850633,0.7629195222737143,0.6993164311528983,0.856678539148121,0.7409968627783896,0.7135438845132163,0.8433837168527905,0.7944545575810348,0.6912052258823226,-0.05030107269233107,-0.030163326409165286,0.7656032121897749,-0.06891133336812215,0.7705050647790539,0.772384959347331,-0.04954243885389798,-0.04477204397695832,1.0,0.08856957058405097,0.9089737658028844,-0.04671692222409428,0.25864611086043143,0.19129933484236264,0.978953563617455,-0.0874461935884951,-0.030163326409165286,-0.024075484245478812,0.5376255677822371,-0.1500853281351634,-0.06981958172530899,0.0689113333756007,0.25864611086043143,-0.0143530380195291,0.7898258963992937,0.008440201795170564,-0.08783938074096669,0.32588855534248407,-0.06563077684681581,0.07199354188798661,-0.009015025680187902,-0.06405073562860955,0.6293722442136542
month_sin,0.012920376684508746,-0.010837144327627,-0.011432849427420306,0.016939889962965173,0.01917125531946725,-0.01005744960758613,0.0116921767302812,0.005333999724288218,0.09370810297275026,0.01848526112879701,0.0648847944174526,-0.010263207646950568,0.010780850591335097,0.029121494031644882,0.07292081452097181,-0.0068638066176932855,0.020279198362076267,-0.07051751306498387,-0.0013727592137226677,-0.046068842540053695,-0.012289723645643857,0.0026943624967554853,0.017126903489687734,0.06711966966709952,0.01702500835422451,0.0020435076344478167,-0.04937403591225989,0.011114059734794037,0.01917125531946725,0.011692176730281183,-0.09361205485141141,-0.10473658076444212,-0.023236873928418562,-0.08862743608811648,0.017901580556527873,-0.06930234007053064,0.08464321583519993,0.027726565572867724,0.003335632927334278,-0.7980326723433984,-0.07923265450946429,-0.17509974393531857,-0.0074344049972433,0.016709203080660595,0.14908699470429274,-0.008486460028991416,0.014902999670019733,0.019052037278536754,-0.06110799554088132,-0.006849439942043352,0.07478228381926737,-0.01539713503164702,0.016378966093432423,-0.008510036372650895,0.025628010248145438,-0.015588983736574549,-0.0686401336653159,0.0008274747691316662,0.02917434386975096,0.007906746429959392,0.0032485850513272346,-0.004770185073867751,0.018151009683182603,0.007601897810083215,0.008322046499262895,0.011966231936403893,0.011355717448876595,-0.029156172302732642,-0.006734395573667222,0.017152598518074814,-0.006115962496170141,0.013836753255877913,0.03353606621482741,-0.03348375778527021,-0.022548446115009876,0.08856957058405097,1.0,0.11752744333939492,-0.02915933656772017,0.040359775484353655,0.16357575603558194,0.10007190090684846,-0.4169951894765347,-0.00673439557366722,-0.009534723552762909,0.1490869947042928,-0.4631553839331041,-0.014063472897651067,0.006115962482803704,0.040359775484353655,-0.0032312507913578327,0.027575634916389875,0.018791603084704397,-0.8202097536015905,0.4320490586721327,-0.21530928885723696,0.18576062382181455,0.7685315919756966,-0.33945945018463747,0.0017195005376773845
sales_lag_12,0.6311859689450627,0.4378702576340092,0.4291139710044856,0.6023059922093097,0.6136266875840534,0.43768325035664,-0.10789160624575014,0.5925751702430939,0.44807367947142496,0.2735950480125133,0.19549754709126207,0.4319650105616422,0.6134613317644485,-0.05153869322597752,0.5582099425354167,-0.08020755691725315,0.6485822922437131,-0.09711348307291244,-0.03992264109090036,0.010962075461564979,-0.044186296806789614,0.5764796146558068,0.1335412928157696,0.3305110065138722,0.654044319460052,0.7306819737692557,-0.002872553239233477,0.6962299181890376,0.6136266875840534,-0.10789160624575005,-0.1187647839756494,-0.030553415048779335,-0.013359290054075379,-0.08115763290200644,0.6166918046593147,-0.10543742151524386,-0.06154028585213778,-0.17689905949474313,-0.01320442977449179,-0.10421075134777061,0.007615720736843999,-0.11090612625997322,0.7175825195732634,0.6822500737201317,0.5236430735453138,-0.07593948856475384,0.7593247683211316,0.7880719347702924,-0.006780088653714,0.7315706311351061,0.2070958047052301,-0.017277625608805882,0.7309485515761325,-0.10806325605768954,0.07006448743543996,0.8096757293056747,0.05321282383931009,-0.031316684001260364,0.677879040551729,0.7671346596026661,0.7046761875819199,0.8055062500960074,0.6763653532396636,0.7142968333770852,0.7784605887250646,0.7968426994056238,0.6910800609439178,-0.02511207877628362,-0.004016834400032183,0.7009778821319822,-0.07910420509410611,0.7063951905836319,0.7198739661846401,-0.02904344645631427,-0.022339260395772463,0.9089737658028844,0.11752744333939492,1.0,-0.024723743694931084,0.24576223098847644,0.3540541530760835,0.9282606902135344,-0.09643056885204232,-0.004016834400032186,-0.014958870472644922,0.5236430735453138,-0.1714670375934665,-0.027335643682931888,0.07910420510508152,0.24576223098847644,-0.003570959861737433,0.7323954323532499,0.011025488781283666,-0.10616387203022894,0.38777500182856184,-0.07873246692044243,0.10136052268136125,0.005181325072548825,-0.07794009682314683,0.5550649745267834
price_ma_3,-0.03951290814555907,-0.07661646085566229,-0.06718224319555259,-0.0630661288988878,-0.06099183307442151,-0.07371131558756751,-0.01268542415739423,-0.07024948071803377,-0.04899143709053404,0.17259357514868004,0.05194221521099094,-0.07421021655681433,-0.0669278006738087,0.02980662119877184,-0.05759926974072447,0.498201055728757,-0.06395155482297672,0.7112702566046007,-0.03229168785419554,0.03330787663014136,-0.023776453663757805,-0.061575054937109755,0.04868219426184144,0.31354881369191606,0.07674684432732018,-0.06444573145767356,0.3641107122550962,-0.06491979485464607,-0.06099183307442151,-0.012685424157394234,0.7512529674464173,0.04968746549200818,0.0726563088869967,-0.07521010877117223,0.0829842628080673,0.7295517956685837,0.08862336352090731,-0.01821621550545815,0.042043781186271376,0.021210181168751327,0.680616794491696,0.08838935475392756,-0.06577182736402065,-0.06538799290365784,-0.04385899372121368,0.16596563157874536,-0.06534158222415505,-0.06315589460031029,0.8190013628802616,0.049080520579138046,0.18707720519046964,0.9030287467112389,-0.06544487363783691,0.6911235458840245,0.32438915553061537,0.004431431543341281,0.34249814625325253,0.6464173280469508,-0.06478780386909276,0.06090951036194048,0.060594097127554404,-0.0606963850889163,-0.06510420049101497,0.0673122017500121,-0.06215536692680464,0.07862222061467888,0.07146520343344402,0.9380956935348433,0.6721497360587793,-0.06554091679802684,-0.17270598751985342,-0.06590968775018664,-0.0650197283733947,0.9662940585868429,0.9739924823519941,-0.04671692222409428,-0.02915933656772017,-0.024723743694931084,1.0,0.08882410511608768,0.04203288600702979,-0.046634011059239776,-0.050027472251990585,0.6721497360587791,-0.018505124649142494,-0.043858993721213664,-0.0037922542737671627,0.7757610600239477,0.17270598755538707,0.08882410511608768,-0.01929473335767897,-0.06468169924328253,0.007339923625530478,0.014585423797218383,0.06210394611046365,0.0054379590628361235,0.0008246509045678483,-0.04492707335101451,0.05085473679642154,-0.0637197928992543
conversion_rate,0.43436555596755066,0.43101596655670216,0.4312170187642908,0.4239123879084092,0.429623543368009,0.4239203731997245,0.18265145266588273,0.4357670530503782,0.37632712216157016,0.5493315103759726,0.4575197924774123,0.44062409957045306,0.45837901845012424,0.17281540751247967,0.4276893555564551,-0.27755870421082474,0.40434397849796017,-0.01977814523543474,-0.12139020545562977,0.006825080620731078,-0.005208535408016295,0.44006440387142476,0.6042758049283351,0.3975230828188954,0.4080128852233498,0.3729716145911172,0.04033647744990147,0.38966574843460056,0.429623543368009,0.18265145266588273,-0.002008307183226746,0.18509273631361364,-0.07790517533553168,0.09865989954160569,0.4272866184975111,0.024374582896032018,0.1112058585182909,-0.028724253388354652,-0.03025514022891604,-0.01335415590931321,0.1547300392025076,0.045041868362292146,0.3767772367841761,0.40320940153258183,0.2518424529345385,0.08467727604245709,0.38912252233697686,0.39149196949983417,0.12843540715411703,0.3773519855850453,0.5895119856415205,0.06875698744113158,0.40004480034419687,-0.12056582859029814,0.2834868484573175,0.330976485369733,0.1828972401977564,-0.034330676810565605,0.40790173773805305,0.3986859224941358,0.3916942236070957,0.3273852804514715,0.40486166906320026,0.40445552615237884,0.33624636782051265,0.40614958695726555,0.4072911908640901,0.10730614333927212,0.137566860043506,0.4029404434520202,-0.3006453983520325,0.3989869267730227,0.4074348811024585,0.10390232274466224,0.07942140739173538,0.25864611086043143,0.040359775484353655,0.24576223098847644,0.08882410511608768,1.0,0.2157979023686062,0.23750821527217003,-0.05464890003079206,0.137566860043506,0.10757395508184142,0.2518424529345385,-0.023503627730195768,0.01941154332597292,0.3006453984299704,1.0,0.11430653624154073,0.4070073560300394,0.0005399236168585215,-0.01812273376416326,0.206270880216502,0.03576031522449156,0.03223308507358851,0.012927448488117747,-0.015666446438059117,0.42623550490017226
price_lag_12,0.17386668965015775,0.044924089839831004,0.05349919808838603,0.16411381844077094,0.17471797785358606,0.046189621237591356,-0.03624999975681983,0.1514044062212083,0.17324232268539877,0.14502298614275447,0.2969897360662666,0.05056862944137754,0.16829452040895984,-0.016460390986631827,0.17978293813692345,-0.07778222453903204,0.19075381455179435,-0.03218107232331164,-0.04573459139991088,0.01992491912375738,-0.04453895150128072,0.17658328707386117,0.10283932000603263,0.19228467146061015,0.24504529368348682,0.20902621396093723,0.08098465890531842,0.19993126821558935,0.17471797785358606,-0.03624999975681978,-0.047920461013202006,0.17336739298691636,-0.008978158818770036,0.00020398180514444024,0.2151641278608755,0.07753962655922449,-0.059722791951508654,-0.10048985295125926,-0.05960650274708415,-0.11506002528636552,0.07899280259707937,0.06266857014654922,0.19947376884804469,0.197879266785586,0.2851974291984611,-0.05566504284552726,0.21018481915557272,0.19832480119793858,0.06449327081313375,0.2619408919877154,0.1504026256500314,0.051236500165301,0.20354390070603412,0.06903103232436211,0.13451214632462746,0.26463666991676943,0.1558467642477594,0.028571010832355047,0.20653432292179996,0.26448564283442794,0.25473152606007665,0.21715193947085779,0.19673164263471532,0.25937541547953696,0.21148096285482923,0.2569863233657185,0.2538327120971422,0.07088364184137427,0.06220913726334852,0.20103024410436476,-0.051919852849101535,0.2032535231419437,0.21595224693620083,0.03643165224155975,0.04721689341027396,0.19129933484236264,0.16357575603558194,0.3540541530760835,0.04203288600702979,0.2157979023686062,1.0,0.22293103939882059,-0.12471750383036075,0.062209137263348493,0.1585919554004176,0.2851974291984611,-0.14562004941693749,0.07582483828223704,0.05191985289210901,0.2157979023686062,0.17234352484831114,0.21714166323290934,0.03444012901740502,-0.11836519954115333,0.4488371046162732,-0.09563311768950704,0.06018490128370807,0.05775725713147365,-0.09705419769577295,0.1446779719881385
demand_lag_12,0.6612667091876498,0.4655863772226498,0.4449717914119916,0.6252232338389418,0.6258262861863989,0.4656626105583339,-0.10911692499769794,0.6369802865084532,0.46046456350029735,0.2421397469639932,0.1816188410236215,0.45139829746798354,0.6482558594213156,-0.048832459878755334,0.5760292299055851,-0.07905106879005457,0.6734010224801813,-0.10365496576685088,-0.03708818919724773,0.010775666799259771,-0.042429845383566034,0.588247045709661,0.14227482435669866,0.29466864242517254,0.6170087148485873,0.7565753634332705,-0.014299708050561391,0.7240602019097381,0.6258262861863989,-0.10911692499769794,-0.12013453779509006,-0.03244037662651809,-0.01773428287527989,-0.05795760941412136,0.5800705292984503,-0.12252104686906214,-0.05972423554742701,-0.1768293864746458,0.00339203897040809,-0.09427958297287624,-0.015108569158536082,-0.10427048813566701,0.7465214100756933,0.7089773445954277,0.5140011045602105,-0.07436846391339735,0.790555700316044,0.8282172725068627,-0.02709834587296851,0.6885018781780349,0.17833347606162478,-0.04021622260905676,0.7612278348192574,-0.1351759760142587,0.03626506389889806,0.7745109482873029,0.027889638772796863,-0.05117070261273284,0.7020607829438638,0.7262803444098757,0.663972844913224,0.8444580868394401,0.7024885070872494,0.6730132841602542,0.813145932357611,0.7577002028905429,0.6515369702446766,-0.05087400905113962,-0.027135304538914686,0.7284465787196328,-0.058282562748210844,0.733226600255672,0.7455744328985083,-0.04972098264687538,-0.04441029264274096,0.978953563617455,0.10007190090684846,0.9282606902135344,-0.046634011059239776,0.23750821527217003,0.22293103939882059,1.0,-0.09288959637382752,-0.027135304538914693,-0.01911090799504519,0.5140011045602105,-0.15916252537818437,-0.06539462542065377,0.05828256275833264,0.23750821527216998,-0.008115356479551151,0.7623957014977497,0.009563115502626937,-0.09560001804064917,0.37432922686693976,-0.07529546223878508,0.0956328979993717,-0.0063924629110228386,-0.07511025427681499,0.5797913247957899
is_october,-0.055999646080442,0.03854519340211527,0.038118012210461405,-0.05258507080983485,-0.05601357442501433,0.03805006283883188,-0.03526996587215999,-0.05011567092140405,-0.08267255830578976,-0.05638639404822073,-0.15193084371894278,0.038066821893832786,-0.05249672144618968,-0.01636016234149852,-0.07967296405292623,-0.004924500804902434,-0.05981802376993991,0.010382100613028068,-0.027836311238633997,0.013775836627610314,0.016159444192753003,-0.05392853157218313,-0.03701031750037927,-0.051152793077271774,-0.05357841928892123,-0.04369872272207761,0.0041046382149718735,-0.04798641633091614,-0.05601357442501433,-0.03526996587215996,0.007845613435141043,-0.07035090171754686,-0.005678465390307827,0.04955377552939348,-0.05239259703612764,-0.01263389324566385,-0.022164672489988636,0.24715134308296263,0.06393569002750076,0.3752165541137894,0.00739008200645563,0.009914696881302917,-0.04149556676266465,-0.05512174131431761,-0.09439760375523171,0.04783634574439633,-0.054321905285536,-0.06259977527807241,-0.06268070745779805,-0.05260021419731583,-0.050055294676578675,-0.047734932505995774,-0.05645729264579352,-0.024110402154189338,0.008660171170846654,-0.04604793635121785,-0.013830987700293822,0.014620067956346502,-0.05986116335121779,-0.053862683237307155,-0.052477730784490736,-0.055122258042071874,-0.057462992874694856,-0.05539266029438178,-0.046514160291841945,-0.06209779420209473,-0.054429603309924,-0.04571440988773506,0.007333950900328903,-0.05632184251348136,-0.03738278897615031,-0.052634072888422215,-0.06486631227486267,-0.041568172870484234,-0.06473554465124372,-0.0874461935884951,-0.4169951894765347,-0.09643056885204232,-0.050027472251990585,-0.05464890003079206,-0.12471750383036075,-0.09288959637382752,1.0,0.007333950900328911,-0.044605123107516374,-0.09439760375523171,0.4743086810547984,-0.014621983307146815,0.037382788972697145,-0.054648900030792084,-0.049033130209757775,-0.06643921156838438,-0.1973182114263504,0.46259450645368266,-0.37244156182993,-0.07045801276007484,-0.09952468703704062,-0.03074510802929224,-0.069882847534304,0.01267465836132179
avg_order_value,-0.00868827600228862,-0.03751971918725766,-0.03268381256096784,-0.040820764588592115,-0.04247171114923202,-0.034811652059326695,-0.007224407781956194,-0.04713716513085669,-0.030590914056806303,0.11276069484534008,0.05304783707401573,-0.036722585193668195,-0.03875323528567841,0.1258624661609182,-0.037180200455129986,0.5543832960727799,-0.04280725624336287,0.4521285956478682,0.12765923327548453,-0.006366931892510711,0.05500317046487653,-0.03811263738724911,0.16975171680117765,0.5362347349280063,0.08640174421660987,-0.042752707011041766,0.4638146361915462,-0.042063973274974166,-0.04247171114923202,-0.007224407781956183,0.53691224694322,0.011065793812370871,0.11397720281974283,-0.05673436237879546,0.12142392269840797,0.5800533881700001,0.06947068764688007,-0.004071631412458747,0.43001029892416903,0.005736679265718234,0.5326608932673075,0.04945862219168921,-0.044077964018648184,-0.043212033120401346,-0.03182878922194206,0.06044066775305308,-0.042341261979037134,-0.03987793136327204,0.5496909552512322,0.049766502220135296,0.18554181999848662,0.6345122914078613,-0.04277917199430286,0.6740222234480057,0.6436219296224917,0.050600369472697644,0.31793694305640596,0.8945472715716354,-0.042647848368690344,0.07405685277317167,0.07081846639922038,-0.036000811787716074,-0.043313241455051596,0.07279879754490323,-0.040438796692141205,0.09288319575659638,0.0808073202479123,0.6902474734969434,1.0,-0.04336475945241993,-0.3408853469651963,-0.0437109165416816,-0.04251872296150711,0.6867408450053769,0.6587671658886373,-0.030163326409165286,-0.00673439557366722,-0.004016834400032186,0.6721497360587791,0.137566860043506,0.062209137263348493,-0.027135304538914693,0.007333950900328911,1.0,-0.015176258412889282,-0.03182878922194205,-0.010814777214638534,0.7765791294923197,0.34088534699752443,0.137566860043506,-0.015479135043255116,-0.041362313914790165,-0.013619363794483705,0.0073238399174089235,0.04016087487194179,0.015997018486476507,0.028635207392114476,-0.008145713407763999,-0.031093476766478265,-0.042783941038097885
demand_growth_12m,0.1825178398068903,0.10055917247988723,0.1058151261561632,0.20210068954407742,0.18852231508663153,0.09736337416604121,0.2184240641530196,0.18584146571257826,0.1351577193361276,0.14296633771869488,0.18522644834460908,0.10208490663758549,0.1412740687375017,0.13924862438605937,0.10753041892137856,-0.03645298801958069,0.14815674707207677,-0.03875643426284584,-0.021191973247605612,0.006608882867369122,-0.01481102307864511,0.14601127258503166,0.08696071597242404,0.06511996091126922,0.12092610177714203,0.11953912784432594,-0.030633246864885236,0.11530694033392533,0.18852231508663153,0.21842406415301974,-0.03629175053576553,0.049353783024952996,-0.00878621316974972,-0.0392372949883579,0.15467300278251664,-0.015532591714513246,-0.010154129431376875,0.10401915735862348,-0.026397888118423835,0.08278475201340255,-0.0023600537118433473,0.010209651252814823,0.12667821344971986,0.13393926104265663,0.3761239778320054,-0.009350443900638522,0.12292722245211817,0.10135145540396054,-0.0074686913926468625,0.10194323026735987,0.09804078607393775,-0.01834059563293717,0.12755933689120272,-0.030752586722586458,0.002778345956926729,0.09998327376960683,0.022360042196183157,-0.028494638805777794,0.14022619885004398,0.10151666237406813,0.10627935481085707,0.1242974459697164,0.14070600291343605,0.1125797128285354,0.11995887192347127,0.0804685712886425,0.11562402436691799,-0.015833747532448966,-0.015176258412889282,0.1348667135137532,-0.016069550836833955,0.13067996105502946,0.12848799632705152,-0.01899398164060513,-0.017970355698933453,-0.024075484245478812,-0.009534723552762909,-0.014958870472644922,-0.018505124649142494,0.10757395508184142,0.1585919554004176,-0.01911090799504519,-0.044605123107516374,-0.015176258412889282,1.0,0.3761239778320054,0.09414877307903512,-0.024752157505264764,0.016069550837028136,0.10757395508184141,0.9997397095900122,0.12491645041935134,0.0025861787949769737,0.07664041865814629,0.041407410184987135,0.15679897201153753,-0.01386040830282965,0.01979384519534576,-0.03600498375266067,0.1366771621973816
seasonal_difference_12m,0.7416436321985711,0.495262232309187,0.5061153663677438,0.7644074063961466,0.7682090692598468,0.48494836038409245,0.31744880984916796,0.7103672692736042,0.6531233617027853,0.40510087732891203,0.31824074033467115,0.4933405900418305,0.6424755806838374,0.26349000451173693,0.6262242217335103,-0.08273062858338058,0.7497314842768559,-0.10729017731614833,-0.043242011045709516,0.011572097175565541,-0.0395111286623257,0.6691687366802879,0.15732594132947345,0.2953088085094405,0.7231623780057551,0.6998290423249592,-0.06998336561922705,0.7309587001025544,0.7682090692598468,0.3174488098491683,-0.12134152864258055,0.01159197248235897,-0.01533236188248828,-0.13222181181693773,0.7278271171499521,-0.10487327187693944,-0.04339019227683345,0.09374599756291814,-0.03439425802179465,-0.08856165024529168,-0.00928200781051172,-0.10032978315708395,0.7226753858980798,0.7518627284117735,1.0,-0.05526492579884872,0.7306850218905216,0.6950861034946483,-0.024024876042045222,0.6844229079754348,0.26209604344282006,-0.04007560781224824,0.7379564758281414,-0.11098732759198451,0.024357557332631834,0.6530237035142952,0.03530573144013756,-0.05752753135190694,0.7553604126287724,0.7136837264217724,0.7094373563665604,0.6762675844739836,0.7525233916571543,0.7252382237562515,0.7374799469553598,0.6787701532084859,0.7292844310522774,-0.04056831475696147,-0.03182878922194205,0.7490862775574871,-0.06656242676888875,0.744082653970132,0.7350362344185764,-0.04616351789951891,-0.04291173262135188,0.5376255677822371,0.1490869947042928,0.5236430735453138,-0.043858993721213664,0.2518424529345385,0.2851974291984611,0.5140011045602105,-0.09439760375523171,-0.03182878922194205,0.3761239778320054,1.0,-0.0018708642919683005,-0.053795092927707906,0.06656242677031701,0.2518424529345385,0.3851265248555447,0.7238484465851073,0.027032685457755553,-0.0945381992926939,0.28047541423641376,-0.005738921033632824,-0.012087871682639237,0.14120878185664823,-0.07638442694222512,0.7022415818417685
quarter_cos,-0.007473449581444132,0.02012505706813257,0.020433341057175643,0.0015402739053684367,-0.00032367502040108674,0.019653408770309258,0.08093808319862068,-0.00265102770620737,-0.0042102381620667175,0.002448848426302705,-0.08160599542293256,0.02030063047980208,-0.029091003920579356,0.04221761897248124,-0.07860724062423881,0.006890640510633017,-0.022629439276615055,-0.009508768253584878,-0.003761506139926802,-0.0011506438006281255,0.023398804928774424,-0.02749194144225022,-0.03321025876233989,-0.06404914882318431,-0.03235312713993339,-0.043918014931118236,-0.024265155922937844,-0.04075540930558499,-0.00032367502040108674,0.08093808319862072,0.02422272062402341,0.05843145908138642,0.048087273565123184,0.04477294474813788,-0.011197084302864068,0.017329093179386586,0.023101548106394393,0.7623422421138819,0.015613956084221796,0.5304522485622247,0.013479676426801902,0.09029417471647652,-0.037992014951652546,-0.03187135728692375,-0.0018708642919683005,0.05810317853678202,-0.03935000731299453,-0.06597042667581315,-0.00996686369191106,-0.04192154428651329,-0.025783288595614785,-0.016282559126050186,-0.03966107104905736,-0.008360160190338368,-0.03834159855920336,-0.027346871035910297,0.04530734340676061,-0.0017913415340121198,-0.02911467990926689,-0.04194596742727829,-0.04233807899927749,-0.029712814477712186,-0.02822743577411098,-0.03944295932442051,-0.014054228488993433,-0.06436574496140154,-0.03776270002785304,0.0010834281694131378,-0.010814777214638534,-0.032645494181774884,-0.054361438329488525,-0.036064622737179836,-0.045844412961161374,0.006883141010897831,-0.013221671557466222,-0.1500853281351634,-0.4631553839331041,-0.1714670375934665,-0.0037922542737671627,-0.023503627730195768,-0.14562004941693749,-0.15916252537818437,0.4743086810547984,-0.010814777214638534,0.09414877307903512,-0.0018708642919683005,1.0,0.001345909740534433,0.054361438327160345,-0.0235036277301958,0.08873219953297742,-0.04903448948356983,-0.03434379763338883,0.5490019067365933,-0.3903192058004394,0.38929401677298286,-0.42888358099336654,0.0186910732279004,0.04248433342284628,0.024455886914615498
category_avg_price_mean,-0.07142810035368635,-0.11374253367252932,-0.10508383836467187,-0.09423777908628943,-0.09092841745586368,-0.10966355254446872,-0.03443989409119041,-0.10694672377508915,-0.07921091681457494,0.11130749288672576,0.0005983643348115051,-0.11363562609737068,-0.1075724349691304,-0.007912701660272128,-0.08759212333508444,0.626221811660625,-0.09168455508113237,0.5244950769827158,0.04225208382678596,0.008548177949702567,-0.005786614903252593,-0.08909903908307415,0.005258523306628815,0.36446569679135093,0.05351596510326181,-0.08644129032921857,0.43558680466959404,-0.08888890689079573,-0.09092841745586368,-0.03443989409119042,0.6584918093688923,0.019246357146547512,0.10146455941151646,-0.11227098519327389,0.055243183505827353,0.7368216945136417,0.04508091913178199,0.008919909536642253,0.012015546912479655,-0.0019851667691589297,0.6171939233660388,0.05356935918602012,-0.08820101580278111,-0.09178333030557258,-0.053795092927707906,0.06651516372397465,-0.09026744622910546,-0.09118631359582018,0.657064267027345,0.050682524878351363,0.15339090754110427,0.7090706909383278,-0.0919973613966793,0.8986944752693261,0.38291139054401707,0.045080983609959956,0.5013208827623524,0.75852082490466,-0.09187698577684836,0.06283064783259952,0.051538062636305754,-0.07866190974964031,-0.09214087899116316,0.054725590553003314,-0.08280653242748759,0.08375782478965861,0.05415659314388849,0.8398929683549081,0.7765791294923197,-0.09210190874066237,-0.2173860874894124,-0.0913974316670126,-0.09085768893467183,0.8113949881739979,0.7539918631174624,-0.06981958172530899,-0.014063472897651067,-0.027335643682931888,0.7757610600239477,0.01941154332597292,0.07582483828223704,-0.06539462542065377,-0.014621983307146815,0.7765791294923197,-0.024752157505264764,-0.053795092927707906,0.001345909740534433,1.0,0.21738608752014518,0.019411543325972936,-0.02599673145314551,-0.09007157529827885,-0.010875884656381254,-0.0005917698683463003,0.04046213574527146,0.0009223194210130632,0.002692110409486963,-0.007551533637385911,0.01446512165508468,-0.09773916847613483
profit_margin_estimate,0.11812724918732537,0.14301404382190488,0.14977271419026303,0.11857732643199037,0.1253691913960703,0.1411294216830542,0.0562801350180319,0.12376757907047306,0.0973106413491944,0.15243652093788881,0.04609920869162937,0.14596117858551982,0.13855017892928792,0.09933055087158141,0.11011001818818453,0.13150823330344966,0.11090805554493509,0.07839093224209828,0.11992959187006838,0.010403159458554677,0.0513522309910748,0.11947929607420918,0.10332875020020732,0.32463469812380813,0.1631493400275871,0.1002438784744207,0.03277333033024225,0.10633514451007103,0.1253691913960703,0.05628013501803179,0.08510500021190663,-0.004685518685026513,0.10305106796955227,0.09908771706137771,0.18418819512869308,0.08701941869650116,0.03207725740298542,0.04921262100314988,0.38562679324093774,0.01855572867925225,0.1705468175225144,-0.07779169288482243,0.10369057299853089,0.11030220599510832,0.06656242677031701,0.017790690583785677,0.10601861129030854,0.10632897184977211,0.14434881017469822,0.1427796492043911,0.12982702232938528,0.16392679491425163,0.10909676955447883,0.10766590038943553,0.3226784231590695,0.12436814997285588,0.12823880381337965,0.3174626948507569,0.11002718503435874,0.15542032400808653,0.15422749749161854,0.08929465602170106,0.11078397805481152,0.15865347834046573,0.09400742115752929,0.15975071254010673,0.16177463237624456,0.17099906431840894,0.34088534699752443,0.11003265094802034,-1.0000000000000022,0.10864759717391931,0.10831143781070539,0.17768407243241685,0.1642291632750926,0.0689113333756007,0.006115962482803704,0.07910420510508152,0.17270598755538707,0.3006453984299704,0.05191985289210901,0.05828256275833264,0.037382788972697145,0.34088534699752443,0.016069550837028136,0.06656242677031701,0.054361438327160345,0.21738608752014518,1.0,0.3006453984299705,0.017163653875196843,0.10735246211100673,-0.014180697296924531,0.02149968778490068,0.0003499009599864524,0.01833954568718637,0.03872136785209293,0.026068360373992492,-0.04509324007065529,0.1229403173820805
customer_loyalty_index,0.43436555596755066,0.43101596655670216,0.4312170187642908,0.4239123879084092,0.429623543368009,0.4239203731997245,0.18265145266588273,0.4357670530503782,0.37632712216157016,0.5493315103759726,0.4575197924774123,0.44062409957045306,0.45837901845012424,0.17281540751247967,0.4276893555564551,-0.27755870421082474,0.40434397849796017,-0.01977814523543474,-0.12139020545562977,0.006825080620731078,-0.005208535408016295,0.44006440387142476,0.6042758049283351,0.3975230828188954,0.4080128852233498,0.3729716145911172,0.04033647744990147,0.38966574843460056,0.429623543368009,0.18265145266588273,-0.002008307183226746,0.18509273631361364,-0.07790517533553168,0.09865989954160569,0.4272866184975111,0.024374582896032018,0.1112058585182909,-0.028724253388354652,-0.03025514022891604,-0.01335415590931321,0.1547300392025076,0.045041868362292146,0.3767772367841761,0.40320940153258183,0.2518424529345385,0.08467727604245709,0.38912252233697686,0.39149196949983417,0.12843540715411703,0.3773519855850453,0.5895119856415205,0.06875698744113158,0.40004480034419687,-0.12056582859029814,0.2834868484573175,0.330976485369733,0.1828972401977564,-0.034330676810565605,0.40790173773805305,0.3986859224941358,0.3916942236070957,0.3273852804514715,0.40486166906320026,0.40445552615237884,0.33624636782051265,0.40614958695726555,0.4072911908640901,0.10730614333927212,0.137566860043506,0.4029404434520202,-0.3006453983520325,0.3989869267730227,0.4074348811024585,0.10390232274466224,0.07942140739173538,0.25864611086043143,0.040359775484353655,0.24576223098847644,0.08882410511608768,1.0,0.2157979023686062,0.23750821527216998,-0.054648900030792084,0.137566860043506,0.10757395508184141,0.2518424529345385,-0.0235036277301958,0.019411543325972936,0.3006453984299705,1.0,0.11430653624154073,0.4070073560300394,0.0005399236168585215,-0.01812273376416326,0.206270880216502,0.03576031522449156,0.03223308507358851,0.012927448488117747,-0.015666446438059117,0.42623550490017226
seasonal_ratio_12m,0.18926315533431756,0.10276964579676595,0.10800915100495141,0.20831963495554845,0.19502321913088863,0.09953940823855295,0.215662297430338,0.19206261532220054,0.14169269530783177,0.14669425856949456,0.19412477188808758,0.10435488230901435,0.14843313125486676,0.1374837947062923,0.11458384221892813,-0.03925316779462577,0.15573399715536906,-0.04092353419179418,-0.022411004733293473,0.006997315797957325,-0.016524812049815343,0.15283390438102948,0.0909129604979132,0.06940104694833273,0.128354210632754,0.12812956326256816,-0.029467753731896997,0.12357438240151229,0.19502321913088863,0.21566229743033782,-0.03873360858750284,0.05463062821962521,-0.009501827142527184,-0.03935888681420433,0.16092361386716977,-0.016917344975698054,-0.01242126810286382,0.10024974621481947,-0.027354035692685425,0.07744067852521183,-0.001327646822966265,0.012895474353463693,0.13485440032961252,0.14196402968234523,0.3851265248555447,-0.012008562704673879,0.13174574224449642,0.11013484819693119,-0.007423718918574726,0.11032297372625123,0.10284836328162263,-0.019154747579957554,0.1360121767863397,-0.03258117861957637,0.004326036460352371,0.10920888349504655,0.02536832689532033,-0.02975428705783369,0.14847076675962087,0.11008070155608482,0.11429100909980827,0.13387130086494986,0.14862249206266703,0.12067789827965146,0.1290459218264431,0.08895558355561523,0.12346038454104058,-0.016627100465509494,-0.015479135043255116,0.14305162277099723,-0.01716365387428357,0.13896426134668344,0.1372783942710497,-0.019786602402922945,-0.0188240114206824,-0.0143530380195291,-0.0032312507913578327,-0.003570959861737433,-0.01929473335767897,0.11430653624154073,0.17234352484831114,-0.008115356479551151,-0.049033130209757775,-0.015479135043255116,0.9997397095900122,0.3851265248555447,0.08873219953297742,-0.02599673145314551,0.017163653875196843,0.11430653624154073,1.0,0.13388672307356728,0.0037010727602375874,0.07115780824856656,0.05815288890347843,0.1528472067479577,-0.012117379980943256,0.02257006239073931,-0.03942387507375688,0.14239702042322208
demand_max_12,0.9140718426220422,0.7737086574831477,0.758776323094989,0.9152596420265506,0.9130300231158572,0.7695301382576999,0.14608293153359395,0.9034249744501821,0.814860843718593,0.5133619261974457,0.2351142637135278,0.7743466725378956,0.8455971810620599,0.14129135859752986,0.9189398797372859,-0.12637575399320808,0.957403585221872,-0.15344657245135918,-0.06639137193582995,-0.004190111283516545,-0.0687190127504474,0.9610841092968339,0.2554068519885172,0.40466481019399975,0.8826408461391794,0.9549146735061059,-0.07662947478085433,0.9615947845137444,0.9130300231158572,0.1460829315335946,-0.16590746602932388,0.02437412826445655,-0.026831413850520167,-0.12445286470398506,0.8438838514286423,-0.15178874830140496,-0.04018307202732288,-0.058269329098811905,-0.028690221079873537,0.0037229208466169066,-0.007573822867421803,-0.14698627045942814,0.9562522566062512,0.974089020890434,0.7238484465851073,-0.11022471345420819,0.9833692578616463,0.978600348875685,-0.031970998346369545,0.8851057898354011,0.34286936100842547,-0.05981354451513144,0.9857039701738334,-0.20165637646945878,0.04383271364869588,0.8466506087042626,0.05067335996210359,-0.08556750496041671,0.9823247269196798,0.9183016571098491,0.887417514661344,0.90670161121474,0.9725015150430443,0.9086555000170646,0.930706801910961,0.9153675186824722,0.9007379815113745,-0.05483737878703955,-0.041362313914790165,0.9804632255306113,-0.1073524621032913,0.9797868051064746,0.9961342599377844,-0.06301956650001216,-0.06380012525430927,0.7898258963992937,0.027575634916389875,0.7323954323532499,-0.06468169924328253,0.4070073560300394,0.21714166323290934,0.7623957014977497,-0.06643921156838438,-0.041362313914790165,0.12491645041935134,0.7238484465851073,-0.04903448948356983,-0.09007157529827885,0.10735246211100673,0.4070073560300394,0.13388672307356728,1.0,0.03865453905125387,-0.004503402435438668,0.2569793610666479,-0.012834006434292469,0.02056738988359455,-0.02150446875688331,-0.03133271860931528,0.891896608265612
is_end_quarter,0.010100240795701224,-0.0032441689076473986,-0.0027924369689511326,0.0016729233016595628,0.00373507331146829,-0.0034848728766593523,0.01528354291538887,0.005113868200673819,0.07558862505833058,0.016668497486341964,-0.024479664188990596,-0.0032234300527289772,0.003406618087810358,0.01561127087444707,0.05310005349357614,-0.01931954801326466,0.055166001209677656,0.009762898948052821,0.028244462062609246,-0.08418220822656658,-0.009668060186745079,0.041042309436028684,0.012287600235954012,-0.024003670814636398,0.049473103929496706,0.003531388427627874,-0.012216318937145627,0.014493630005441318,0.00373507331146829,0.015283542915388847,0.020613031873571577,0.11621637442019918,-0.025722406572251697,-0.009599127525298002,0.005544177667073182,0.02099304131207495,0.03601274901830476,-0.062234165462005685,-0.029167185466269226,0.1587590444468284,0.03876221143959505,0.049055252113486596,0.01538678555601151,0.03527517184943504,0.027032685457755553,-0.09965212436615865,0.02291293401342368,0.024648735925310514,0.05654235258859557,0.009330836134705686,0.0003174779167205227,-0.013650489060232102,0.03172133901276393,-0.005358592618674052,-0.026162335365051515,-0.0054344275333628655,0.03968416096629608,-0.02941557876054296,0.039084014336219844,0.0217999842095611,0.01633474649849963,-0.008603871169371356,0.043835701695737334,0.02488335253779396,0.01129644730252082,0.02400346741905855,0.03304020301634681,0.004846112513530686,-0.013619363794483705,0.03718178497696456,0.014180697286908229,0.02464868438501388,0.03705282956319254,0.007323532946380569,0.00861359602808371,0.008440201795170564,0.018791603084704397,0.011025488781283666,0.007339923625530478,0.0005399236168585215,0.03444012901740502,0.009563115502626937,-0.1973182114263504,-0.013619363794483705,0.0025861787949769737,0.027032685457755553,-0.03434379763338883,-0.010875884656381254,-0.014180697296924531,0.0005399236168585215,0.0037010727602375874,0.03865453905125387,1.0,-0.06249408945267599,-0.020735784585090525,-0.16195107147901902,-0.22876219570865058,0.06316233328179433,-0.16062902703095636,0.009664776293547398
quarter,0.008224574104313861,0.0032005187861405627,0.0033833660992147515,0.0068934101091197185,0.005956408226782134,0.0030174736629504984,0.02516336114302326,0.0169678189741656,-0.05474703919135915,-0.003652494418130549,-0.019997606964591418,0.0025598693186965715,0.007278012448285928,0.013175998388767346,-0.0406189298665285,-0.00943185746768766,0.018215966862724902,0.04717797459713817,-0.024120175215548205,0.024598565467144926,-0.01969504780447517,0.022110669556587262,-0.03076089709455124,-0.03345903539078411,0.02374498985632424,0.010458580593330331,0.04569742286006975,-0.004312275699145596,0.005956408226782134,0.02516336114302326,0.08593815366563727,0.10354304531168151,0.04202348543498807,0.08231865520430458,0.007596266596111721,0.07499869730150104,-0.07313547352049983,0.08289325099352433,0.02980722462591024,0.9673826542317547,0.08725647624238185,0.15395296929102495,0.022897517427105715,0.006237133225216353,-0.0945381992926939,-0.03691741591810106,0.0056200595652726995,-0.004986871599006694,0.050793654802751616,0.01840279735713008,-0.053026632524549575,0.015189312744585168,0.005581328892673932,-0.0031353512543789526,-0.0014918900243633987,0.03264191653643134,0.07878657784134765,-1.0547730725258023e-05,-0.003834150452358338,0.012127711384768758,0.004688100119290836,0.019032964785077027,0.012018482040028252,0.012455640104659415,0.008154397220920038,0.0032344430801885924,0.013148250456014136,0.022904740132379996,0.0073238399174089235,0.008475713598819976,-0.021499687778236513,0.00562746250966116,-0.007031181255437539,0.025351147694397648,0.010614603487626438,-0.08783938074096669,-0.8202097536015905,-0.10616387203022894,0.014585423797218383,-0.01812273376416326,-0.11836519954115333,-0.09560001804064917,0.46259450645368266,0.0073238399174089235,0.07664041865814629,-0.0945381992926939,0.5490019067365933,-0.0005917698683463003,0.02149968778490068,-0.01812273376416326,0.07115780824856656,-0.004503402435438668,-0.06249408945267599,1.0,-0.4723720330137119,0.37967948036284144,-0.0944248718033432,-0.6912062387806455,0.1551390685780835,0.025916755051037944
year,0.18856993519387433,-0.06960047206870447,-0.06846554203054321,0.16758889197110918,0.1739694500469318,-0.0685501303279396,-0.1089564022818845,0.15982561467454368,0.15782784119021817,0.10315246131981502,0.4693900026134274,-0.06907712661191603,0.18689777869572424,-0.07816608672685199,0.18533042082125956,-0.057809986604493595,0.19300782362236388,0.0003194443902742942,-0.042068815620610184,0.04590513554578817,-0.07692505451717319,0.17349224145741513,0.13578528403139667,0.14251236574568094,0.19561442184364392,0.2574320670671629,0.07859043466563145,0.24365734223072374,0.1739694500469318,-0.10895640228188427,0.011944323012587861,0.37894999143048363,-0.028442907809836836,-0.10719728971659571,0.17203677272710197,0.08084038038003728,-0.07036992679294221,-0.20894210691954523,-0.0815611185154557,-0.47462995422537346,0.126097503998682,0.2671204398089568,0.23474227790786922,0.22054226713267377,0.28047541423641376,-0.10754785667990975,0.256516829749561,0.258123965113593,0.09167217523762064,0.2572030734718499,0.20936134075597834,0.060416568039251876,0.23878237073690056,0.06286713748267264,0.07482415812157214,0.3004231587413013,0.22545413845689413,-0.0032595966200877576,0.2263227928666892,0.25747019044057945,0.24277456701445807,0.3010577569407723,0.21144651229806427,0.23532518736872254,0.2734320033296966,0.2582290440657144,0.22195460060082342,0.06891435036855827,0.04016087487194179,0.22526982908704027,-0.00034990092702854534,0.23413795708644383,0.24943701649729658,0.05869158556307799,0.062386922204164995,0.32588855534248407,0.4320490586721327,0.38777500182856184,0.06210394611046365,0.206270880216502,0.4488371046162732,0.37432922686693976,-0.37244156182993,0.04016087487194179,0.041407410184987135,0.28047541423641376,-0.3903192058004394,0.04046213574527146,0.0003499009599864524,0.206270880216502,0.05815288890347843,0.2569793610666479,-0.020735784585090525,-0.4723720330137119,1.0,-0.15754314545430576,0.10762124401328689,0.23196032615051804,-0.14929554044083876,0.12377074091429123
is_november,0.06573148703619935,-0.013651895321396717,-0.013471816244244952,0.06906277865587251,0.06669892776703437,-0.013464962709169989,0.1414512326444442,0.06052066744162512,-0.039802958887345787,0.0506828556196894,0.11114935504009861,-0.013706684609863653,0.030994312815065175,0.1249436326946899,-0.04270032666462166,-0.0002669162300698886,-0.00045706165725039406,-0.009600449550317467,-0.023487760854587727,0.03955275894151813,-0.011359436789695171,0.00780166005746761,0.02366708755841065,0.013679715009297664,0.0011791665234975135,0.011179432993174716,-1.2183978599406162e-05,-0.002730017083741364,0.06669892776703437,0.14145123264444426,0.03677345149568408,0.04398897003019121,0.11778821830178582,0.0014544278185937198,0.06266211770675474,0.03874514722500411,0.02312035123713892,0.3278587131509621,-6.203443254590916e-05,0.3818319656419458,0.008453305148073577,0.07238892876576296,0.011196638389847592,-0.0018641575865145244,-0.005738921033632824,0.018075928067232544,0.005056523675399305,-0.008993438558525161,0.029032762359644106,0.008106457656080266,0.032363458075994035,0.018797128798730574,0.0006533366946525927,0.001845584352532922,-0.007495841162838759,0.035368602983826714,0.03771657170403285,0.0036656868851182626,-0.006734594884270065,0.006662337639216054,0.007526964435481156,0.030036762474174365,-0.0003045105664898657,0.0048105232110218586,0.022626893263843022,-0.004170739957857842,0.004026618460601421,0.020289765584954513,0.015997018486476507,0.0004595751627349215,-0.01833954568175865,0.0018816281784902295,-0.010971498134575262,0.022584838806073017,0.017565711470576846,-0.06563077684681581,-0.21530928885723696,-0.07873246692044243,0.0054379590628361235,0.03576031522449156,-0.09563311768950704,-0.07529546223878508,-0.07045801276007484,0.015997018486476507,0.15679897201153753,-0.005738921033632824,0.38929401677298286,0.0009223194210130632,0.01833954568718637,0.03576031522449156,0.1528472067479577,-0.012834006434292469,-0.16195107147901902,0.37967948036284144,-0.15754314545430576,1.0,-0.08168597104012833,-0.025234382331407887,-0.05735710837015083,0.002119833929092845
is_may,0.014248034644174234,-0.008379751862588132,-0.00814842037903714,0.02110341476702299,0.02113049318065868,-0.008306717494844103,0.019794101655933205,0.015094209493177649,-0.01892339917846119,0.024436157672276224,0.07643765761134483,-0.00821409349300425,0.021285467262860604,0.050003432079893564,0.0317717865748936,-0.0038154471259856716,0.0076922659619608705,0.003278226734217211,0.0061917961382928575,0.02995401375841674,-0.0017578226915750915,0.011531817120105897,0.007119219790586785,0.060075659598196635,0.020648098331035283,0.019179288683735366,0.013612465813824162,0.03332199626359479,0.02113049318065868,0.01979410165593322,-0.000584154976200834,-0.061639833581350244,-0.006211777530897974,-0.032705272822882436,0.02941752745424818,0.000852309245149523,-0.025533769336213492,-0.37245637800534814,0.03510512955743636,-0.08670359449919687,-0.00421045875305302,-0.054257871403203935,0.024588547067431396,0.020282603768896245,-0.012087871682639237,-0.019263303345676615,0.024849816621466847,0.03239032629833904,0.00210108869053059,0.011764249590584575,0.03889529888520751,0.025074295796581558,0.021073640656469765,0.007663831189911359,0.052653074731471315,0.0656398219650199,-0.0332865344409225,0.016329612543847103,0.01106125442517794,0.028069603445135562,0.03680792620770494,0.061460696704222204,0.013886001383535698,0.02294503886251505,0.014210615355985126,0.033842428647746246,0.02872213725711137,0.003967804625031725,0.028635207392114476,0.017193740620980565,-0.03872136785217861,0.019686541666579366,0.02404722167992447,0.001421507923121227,0.011324403640834887,0.07199354188798661,0.18576062382181455,0.10136052268136125,0.0008246509045678483,0.03223308507358851,0.06018490128370807,0.0956328979993717,-0.09952468703704062,0.028635207392114476,-0.01386040830282965,-0.012087871682639237,-0.42888358099336654,0.002692110409486963,0.03872136785209293,0.03223308507358851,-0.012117379980943256,0.02056738988359455,-0.22876219570865058,-0.0944248718033432,0.10762124401328689,-0.08168597104012833,1.0,-0.03564454780549081,-0.0810191493666932,-0.014677873117001371
quarter_sin,-0.007714813505203096,0.011879255014211026,0.011443935458785573,0.0035131755493989845,0.0032369466905798456,0.012125988761096109,0.0375091257871764,-0.014604889359282508,0.06789124611466868,0.008835963184370497,-0.020877759595949747,0.012707165154458265,-0.02609324336908749,0.041058772756588396,0.0059395151559721564,0.00915950951951619,-0.019418496585728588,-0.08505909394508918,-0.014523867301423184,-0.04169097465424919,0.010849667049652088,-0.03677293708747923,0.0063906033321204725,0.014751633674035048,-0.025506797841295184,-0.03433002018218108,-0.08035825268997182,-0.023483246969712702,0.0032369466905798456,0.03750912578717635,-0.09106122104247935,-0.09251140034775444,0.0021594572794798976,-0.07905905218824526,-0.004002977315208922,-0.07770034748230051,0.0925145823771412,0.5072913734809246,0.0011844802870440273,-0.6593664975926349,-0.09681617977702495,-0.14276646300180587,-0.04213383726371577,-0.020599325194269925,0.14120878185664823,0.05743661894617601,-0.027290752827675003,-0.037287257734839874,-0.08750762841092216,-0.04754440918907888,0.06119776400312092,-0.036839043685175626,-0.025709209181862237,-0.010917492258096257,-0.006584007895741947,-0.051809007081158466,-0.05472270148442854,0.004702996240707778,-0.0054869084782481516,-0.036199089019306914,-0.03243687871938079,-0.042172311087210236,-0.020641795085283854,-0.032010677915677424,-0.015905530913307202,-0.04421134525093303,-0.027857761527985483,-0.04238398349874772,-0.008145713407763999,-0.022092495518711976,-0.026068360391428926,-0.023138140000672477,-0.013383163226444669,-0.04192920992868766,-0.041948896764593735,-0.009015025680187902,0.7685315919756966,0.005181325072548825,-0.04492707335101451,0.012927448488117747,0.05775725713147365,-0.0063924629110228386,-0.03074510802929224,-0.008145713407763999,0.01979384519534576,0.14120878185664823,0.0186910732279004,-0.007551533637385911,0.026068360373992492,0.012927448488117747,0.02257006239073931,-0.02150446875688331,0.06316233328179433,-0.6912062387806455,0.23196032615051804,-0.025234382331407887,-0.03564454780549081,1.0,-0.36319604197561095,0.004128248747686371
is_august,-0.021943475172411187,-0.01111643377998108,-0.010883187723490147,-0.016556174968113267,-0.01781856536259738,-0.010960642109125776,-0.014445899403444373,-0.011242486282573712,-0.03937766171304175,0.004698801276434471,-0.0243914577537094,-0.011132968309784271,-0.01740255145234525,-0.040684589855777234,-0.023811547501113497,-0.004596252476642942,-0.015380559576849572,0.055811969523733414,-0.015507468650120083,0.029612984397666058,-0.013562966531369292,-0.00806247210450945,-0.01574048598114249,-0.047172925735767576,-0.024664806029347716,-0.007635612543893362,0.0004933165471591269,-0.031848638222452715,-0.01781856536259738,-0.014445899403444352,0.05067026313784501,0.02801618484074911,-0.012634866219247325,0.028742124992712757,-0.021352453552734192,0.03429395860894613,-0.03143560145889267,-0.13754009237616704,-0.044919689097808226,0.15891733464732014,0.013982083925322224,0.05671183865891102,-0.012886950501140932,-0.02401846137201432,-0.07638442694222512,0.03262883357298099,-0.028469921433809747,-0.030469590069140448,0.04274522794367378,-0.004045439118882089,-0.03927955881563339,0.05045829955937277,-0.025494552513998802,0.010593994351141523,-0.03840564425458486,-0.03959687922945762,-0.010943729380149298,-0.025862946553863543,-0.023813169830279805,-0.027825775203352356,-0.032484385196318306,-0.04059817430073984,-0.019347895764978005,-0.02183498710729912,-0.035749027047109076,-0.030410956454639107,-0.029316785191073117,0.04238511402487151,-0.031093476766478265,-0.022058423682085916,0.04509324008135332,-0.019379460967455322,-0.029576648997242425,0.04391116793089134,0.04593869321301336,-0.06405073562860955,-0.33945945018463747,-0.07794009682314683,0.05085473679642154,-0.015666446438059117,-0.09705419769577295,-0.07511025427681499,-0.069882847534304,-0.031093476766478265,-0.03600498375266067,-0.07638442694222512,0.04248433342284628,0.01446512165508468,-0.04509324007065529,-0.015666446438059117,-0.03942387507375688,-0.03133271860931528,-0.16062902703095636,0.1551390685780835,-0.14929554044083876,-0.05735710837015083,-0.0810191493666932,-0.36319604197561095,1.0,-0.02724265571091022
demand_next_month,0.9287736163589448,0.8622930209297847,0.8493568415635454,0.9448008629828204,0.943148539628126,0.8564639115471183,0.36460667344672504,0.9370286597345391,0.7386185281957866,0.5577977844189839,0.20566534381637167,0.8469810842890905,0.8632805454984063,0.31552788574903007,0.8294113130078837,-0.13397176881851286,0.9284476016153753,-0.15928893252006376,-0.07089892125379607,-0.020800267938653874,-0.04761441239089341,0.9118602705378052,0.27288256696510915,0.41262357319463067,0.8752930074528231,0.86951286938208,-0.10571996263412589,0.8955795482020017,0.943148539628126,0.364606673446726,-0.17172750949122434,-0.028876457239844847,-0.026294804478743394,-0.11432231178573564,0.8862686739560806,-0.15614275001855032,0.019494744091282462,0.02052470224692189,-0.0274816812582659,0.025932168077882258,-0.02083100743809073,-0.1738107324733576,0.9032708392485584,0.9264000986809059,0.7022415818417685,-0.05240169968855517,0.9009613506494472,0.8888650533046639,-0.037788910966747795,0.8271044232504742,0.3417429967734996,-0.059261455293377056,0.9188217451904732,-0.21738713801377924,0.04786096726380055,0.748023238925181,0.030015979645271702,-0.08797373458618951,0.9158517931492115,0.8609502731434233,0.8440514726969394,0.7838835492340968,0.9305370850955924,0.8731007808636799,0.8493872282899214,0.8477789525289908,0.8754850211170663,-0.054281066143995214,-0.042783941038097885,0.9269874389526966,-0.12294031737841943,0.9198728412557247,0.898997049998931,-0.06192402609528718,-0.063544536064129,0.6293722442136542,0.0017195005376773845,0.5550649745267834,-0.0637197928992543,0.42623550490017226,0.1446779719881385,0.5797913247957899,0.01267465836132179,-0.042783941038097885,0.1366771621973816,0.7022415818417685,0.024455886914615498,-0.09773916847613483,0.1229403173820805,0.42623550490017226,0.14239702042322208,0.891896608265612,0.009664776293547398,0.025916755051037944,0.12377074091429123,0.002119833929092845,-0.014677873117001371,0.004128248747686371,-0.02724265571091022,1.0
