order_id,payment_sequential,payment_type,payment_installments,payment_value
ORD2018OCT_9721,1,debit_card,1,39.6
ORD2018OCT_3755,1,credit_card,1,111.42
ORD2018OCT_4921,1,credit_card,1,37.37
ORD2018OCT_1860,1,credit_card,1,47.96
ORD2018OCT_8263,1,boleto,1,141.88
ORD2018OCT_8930,1,credit_card,1,31.1
ORD2018OCT_6238,1,boleto,1,92.9
ORD2018OCT_3889,1,boleto,1,251.29
ORD2018OCT_2077,1,credit_card,2,62.01
ORD2018OCT_1635,1,credit_card,1,494.47
ORD2018OCT_8897,1,boleto,1,66.1
ORD2018OCT_4243,1,credit_card,3,93.5
ORD2018OCT_9289,1,credit_card,8,235.59
ORD2018OCT_5665,1,voucher,1,48.78
ORD2018OCT_2325,1,credit_card,8,87.64
ORD2018OCT_1778,1,boleto,1,17.78
ORD2018OCT_2402,1,boleto,1,114.79
ORD2018OCT_4356,1,credit_card,1,51.1
ORD2018OCT_9860,1,boleto,1,273.98
ORD2018OCT_1805,1,credit_card,8,142.97
ORD2018OCT_9383,1,credit_card,1,42.62
ORD2018OCT_4009,1,credit_card,1,158.21
ORD2018OCT_9369,1,credit_card,8,368.6
ORD2018OCT_5637,1,boleto,1,85.24
ORD2018OCT_8107,1,boleto,1,151.7
ORD2018OCT_3862,1,credit_card,9,485.51
ORD2018OCT_3671,1,credit_card,5,167.92
ORD2018OCT_6316,1,credit_card,1,54.39
ORD2018OCT_5711,1,credit_card,8,400.36
ORD2018OCT_7841,1,credit_card,1,52.38
ORD2018OCT_2144,1,credit_card,2,137.2
ORD2018OCT_4759,1,credit_card,1,115.57
ORD2018OCT_9061,1,credit_card,10,527.12
ORD2018OCT_2428,2,voucher,1,15.63
ORD2018OCT_3341,1,boleto,1,80.87
ORD2018OCT_8676,1,boleto,1,273.62
ORD2018OCT_9580,1,credit_card,8,342.18
ORD2018OCT_6665,1,boleto,1,195.0
ORD2018OCT_6601,1,credit_card,1,77.42
ORD2018OCT_3381,1,boleto,1,58.85
ORD2018OCT_5348,1,boleto,1,82.98
ORD2018OCT_7647,1,credit_card,2,259.15
ORD2018OCT_2479,1,boleto,1,41.85
ORD2018OCT_9866,1,credit_card,3,33.01
ORD2018OCT_5275,1,credit_card,1,48.51
ORD2018OCT_2258,1,credit_card,9,181.91
ORD2018OCT_4828,1,credit_card,1,88.9
ORD2018OCT_2746,1,credit_card,3,117.57
ORD2018OCT_254,1,credit_card,5,145.01
ORD2018OCT_9779,1,credit_card,1,62.78
ORD2018OCT_7874,1,boleto,1,79.05
ORD2018OCT_2581,1,boleto,1,55.13
ORD2018OCT_8089,1,credit_card,4,111.1
ORD2018OCT_5102,1,credit_card,8,643.89
ORD2018OCT_3820,1,credit_card,1,107.41
ORD2018OCT_4452,1,credit_card,2,147.55
ORD2018OCT_1714,1,credit_card,1,33.09
ORD2018OCT_362,1,boleto,1,737.85
ORD2018OCT_2294,1,boleto,1,155.12
ORD2018OCT_7639,1,credit_card,3,299.7
ORD2018OCT_1374,1,credit_card,5,553.38
ORD2018OCT_3353,1,boleto,1,84.79
ORD2018OCT_3389,1,credit_card,3,162.89
ORD2018OCT_9425,1,credit_card,1,77.2
ORD2018OCT_2403,1,credit_card,1,93.89
ORD2018OCT_1032,1,credit_card,3,176.85
ORD2018OCT_9038,1,voucher,1,219.3
ORD2018OCT_3856,1,credit_card,5,54.36
ORD2018OCT_25,1,credit_card,4,389.31
ORD2018OCT_7573,1,credit_card,5,384.45
ORD2018OCT_1098,1,credit_card,10,927.87
ORD2018OCT_1409,1,boleto,1,99.91
ORD2018OCT_1478,1,credit_card,2,96.0
ORD2018OCT_1934,1,credit_card,2,98.65
ORD2018OCT_1299,2,voucher,1,45.88
ORD2018OCT_1606,1,credit_card,1,169.53
ORD2018OCT_1406,1,credit_card,1,81.43
ORD2018OCT_6376,1,credit_card,7,116.26
ORD2018OCT_3614,1,credit_card,2,106.31
ORD2018OCT_3417,1,debit_card,1,177.13
ORD2018OCT_310,1,credit_card,9,188.29
ORD2018OCT_2221,1,credit_card,2,45.86
ORD2018OCT_4397,1,credit_card,1,61.58
ORD2018OCT_8067,10,voucher,1,0.74
ORD2018OCT_6055,1,boleto,1,45.95
ORD2018OCT_3266,1,credit_card,5,274.45
ORD2018OCT_9484,1,credit_card,5,196.14
ORD2018OCT_9463,1,credit_card,2,165.96
ORD2018OCT_5684,2,voucher,1,33.6
ORD2018OCT_5977,1,credit_card,7,400.18
ORD2018OCT_6331,1,credit_card,3,88.67
ORD2018OCT_9531,1,credit_card,1,2.3
ORD2018OCT_5798,1,boleto,1,39.59
ORD2018OCT_5080,2,voucher,1,5.09
ORD2018OCT_1658,1,credit_card,3,112.09
ORD2018OCT_6608,1,credit_card,6,214.41
ORD2018OCT_1769,1,credit_card,2,172.84
ORD2018OCT_9808,1,boleto,1,232.81
ORD2018OCT_5970,1,credit_card,2,88.89
ORD2018OCT_2533,1,boleto,1,35.84
ORD2018OCT_246,1,credit_card,2,113.55
ORD2018OCT_6874,1,credit_card,2,80.67
ORD2018OCT_1895,1,voucher,1,25.68
ORD2018OCT_4696,2,voucher,1,36.23
ORD2018OCT_2871,1,credit_card,2,138.62
ORD2018OCT_7439,1,boleto,1,59.01
ORD2018OCT_6372,1,credit_card,3,104.28
ORD2018OCT_4353,1,credit_card,10,198.5
ORD2018OCT_5076,1,credit_card,1,55.37
ORD2018OCT_4793,1,credit_card,8,105.89
ORD2018OCT_918,1,credit_card,3,342.65
ORD2018OCT_2291,1,credit_card,2,62.38
ORD2018OCT_5261,1,credit_card,6,98.72
ORD2018OCT_6029,2,voucher,1,77.42
ORD2018OCT_3365,1,credit_card,1,52.98
ORD2018OCT_6553,1,credit_card,6,182.84
ORD2018OCT_3322,1,boleto,1,89.27
ORD2018OCT_9038,3,voucher,1,103.47
ORD2018OCT_8132,1,voucher,1,606.57
ORD2018OCT_4963,1,boleto,1,53.5
ORD2018OCT_2277,1,credit_card,2,57.87
ORD2018OCT_6873,1,boleto,1,33.24
ORD2018OCT_5960,1,credit_card,6,89.63
ORD2018OCT_7388,1,boleto,1,173.27
ORD2018OCT_8827,1,credit_card,2,139.27
ORD2018OCT_5410,1,credit_card,1,1.92
ORD2018OCT_9724,1,credit_card,8,87.8
ORD2018OCT_6712,1,credit_card,4,99.55
ORD2018OCT_2336,1,boleto,1,67.5
ORD2018OCT_7909,1,credit_card,6,1702.35
ORD2018OCT_5978,1,boleto,1,74.49
ORD2018OCT_5117,2,voucher,1,150.0
ORD2018OCT_2125,1,credit_card,1,44.0
ORD2018OCT_7617,1,credit_card,3,249.39
ORD2018OCT_5735,1,credit_card,1,90.62
ORD2018OCT_8442,1,credit_card,5,52.18
ORD2018OCT_2513,1,credit_card,1,200.11
ORD2018OCT_9261,1,credit_card,1,46.84
ORD2018OCT_5668,1,credit_card,3,241.82
ORD2018OCT_5648,1,credit_card,5,56.78
ORD2018OCT_9043,1,boleto,1,181.55
ORD2018OCT_309,1,credit_card,6,127.92
ORD2018OCT_7513,1,boleto,1,36.5
ORD2018OCT_5045,1,credit_card,3,369.0
ORD2018OCT_5978,1,credit_card,10,107.22
ORD2018OCT_756,1,credit_card,1,9.08
ORD2018OCT_4899,1,credit_card,10,107.19
ORD2018OCT_4439,1,credit_card,1,114.42
ORD2018OCT_3020,1,credit_card,3,155.22
ORD2018OCT_8881,1,credit_card,10,310.21
ORD2018OCT_7874,1,boleto,1,74.57
ORD2018OCT_4164,1,credit_card,4,178.03
ORD2018OCT_855,1,credit_card,2,128.02
ORD2018OCT_4689,1,boleto,1,45.13
ORD2018OCT_724,1,credit_card,1,66.67
ORD2018OCT_6607,1,credit_card,6,66.09
ORD2018OCT_4374,1,credit_card,4,243.4
ORD2018OCT_5087,1,credit_card,8,319.05
ORD2018OCT_3428,1,credit_card,5,119.93
ORD2018OCT_1628,1,credit_card,8,101.48
ORD2018OCT_507,1,credit_card,10,189.42
ORD2018OCT_9736,1,boleto,1,30.04
ORD2018OCT_3195,1,voucher,1,108.0
ORD2018OCT_2123,1,credit_card,2,124.27
ORD2018OCT_7210,1,credit_card,8,231.88
ORD2018OCT_169,1,credit_card,4,44.24
ORD2018OCT_7424,1,debit_card,1,32.44
ORD2018OCT_3220,1,boleto,1,74.16
ORD2018OCT_5934,1,credit_card,1,37.58
ORD2018OCT_5613,1,credit_card,5,54.1
ORD2018OCT_3064,1,boleto,1,101.14
ORD2018OCT_1709,1,debit_card,1,49.75
ORD2018OCT_1607,1,credit_card,1,52.26
ORD2018OCT_9775,1,credit_card,8,136.06
ORD2018OCT_1915,1,credit_card,8,253.68
ORD2018OCT_2111,2,voucher,1,24.67
ORD2018OCT_4502,1,credit_card,3,503.71
ORD2018OCT_7746,1,boleto,1,65.98
ORD2018OCT_6529,1,boleto,1,146.22
ORD2018OCT_8285,1,credit_card,3,39.09
ORD2018OCT_2443,1,credit_card,1,23.23
ORD2018OCT_6744,1,credit_card,1,258.9
ORD2018OCT_4511,1,credit_card,6,84.47
ORD2018OCT_304,1,credit_card,7,87.8
ORD2018OCT_8693,1,credit_card,6,67.28
ORD2018OCT_1937,1,boleto,1,128.22
ORD2018OCT_6930,1,credit_card,10,197.53
ORD2018OCT_2989,1,credit_card,2,178.99
ORD2018OCT_144,1,boleto,1,55.0
ORD2018OCT_1723,1,credit_card,6,139.61
ORD2018OCT_2430,1,credit_card,5,64.77
ORD2018OCT_1639,1,boleto,1,387.32
ORD2018OCT_8848,1,credit_card,1,72.48
ORD2018OCT_5319,1,credit_card,4,83.95
ORD2018OCT_4938,1,boleto,1,73.34
ORD2018OCT_9788,1,credit_card,8,82.12
ORD2018OCT_4556,1,credit_card,6,329.38
ORD2018OCT_6698,1,credit_card,2,44.24
ORD2018OCT_4300,1,boleto,1,31.28
ORD2018OCT_5151,1,credit_card,5,115.36
ORD2018OCT_5748,1,credit_card,4,49.76
ORD2018OCT_1443,1,credit_card,3,143.5
ORD2018OCT_7879,1,boleto,1,45.09
ORD2018OCT_7914,1,credit_card,3,91.19
ORD2018OCT_6232,1,credit_card,1,73.34
ORD2018OCT_2736,1,credit_card,2,56.37
ORD2018OCT_8691,1,credit_card,2,478.46
ORD2018OCT_3713,1,credit_card,3,193.98
ORD2018OCT_7674,1,boleto,1,91.86
ORD2018OCT_9543,1,boleto,1,68.63
ORD2018OCT_4976,2,voucher,1,250.0
ORD2018OCT_9145,1,credit_card,1,106.38
ORD2018OCT_3395,1,credit_card,1,44.13
ORD2018OCT_1908,1,credit_card,2,150.08
ORD2018OCT_6438,1,credit_card,8,117.85
ORD2018OCT_1011,1,credit_card,5,254.04
ORD2018OCT_282,1,credit_card,8,913.7
ORD2018OCT_9343,1,credit_card,4,43.62
ORD2018OCT_1811,1,boleto,1,45.95
ORD2018OCT_8573,1,credit_card,2,100.34
ORD2018OCT_3032,1,credit_card,5,194.92
ORD2018OCT_2381,1,boleto,1,95.21
ORD2018OCT_875,1,credit_card,3,161.77
ORD2018OCT_2006,1,credit_card,5,77.22
ORD2018OCT_1587,1,credit_card,3,328.35
ORD2018OCT_1909,1,credit_card,1,49.22
ORD2018OCT_5870,1,voucher,1,88.08
ORD2018OCT_7634,1,boleto,1,145.5
ORD2018OCT_914,2,voucher,1,20.0
ORD2018OCT_328,1,credit_card,1,75.07
ORD2018OCT_1334,1,credit_card,1,26.79
ORD2018OCT_6420,1,credit_card,2,105.44
ORD2018OCT_6664,1,boleto,1,48.69
ORD2018OCT_1145,1,credit_card,5,264.39
ORD2018OCT_4061,1,credit_card,3,35.04
ORD2018OCT_3311,1,credit_card,10,968.93
ORD2018OCT_7549,2,voucher,1,20.0
ORD2018OCT_8216,1,credit_card,2,35.78
ORD2018OCT_6138,1,boleto,1,80.98
ORD2018OCT_1966,1,credit_card,5,297.14
ORD2018OCT_5826,1,credit_card,1,98.33
ORD2018OCT_1101,1,credit_card,1,194.64
ORD2018OCT_3100,1,credit_card,8,108.19
ORD2018OCT_4346,1,credit_card,2,130.93
ORD2018OCT_3498,1,credit_card,3,80.11
ORD2018OCT_6756,1,credit_card,3,49.53
ORD2018OCT_5452,1,boleto,1,81.89
ORD2018OCT_1314,1,credit_card,10,674.33
ORD2018OCT_5791,1,credit_card,2,139.27
ORD2018OCT_4675,1,boleto,1,114.68
ORD2018OCT_8295,1,credit_card,2,25.88
ORD2018OCT_2077,5,voucher,1,2.61
ORD2018OCT_1920,1,credit_card,2,94.47
ORD2018OCT_5695,1,credit_card,6,189.26
ORD2018OCT_240,1,boleto,1,313.19
ORD2018OCT_5064,1,credit_card,4,127.92
ORD2018OCT_2097,1,credit_card,3,35.35
ORD2018OCT_4813,1,credit_card,1,33.12
ORD2018OCT_2957,1,credit_card,3,189.97
ORD2018OCT_1343,1,credit_card,5,223.78
ORD2018OCT_5063,1,credit_card,1,126.57
ORD2018OCT_8873,1,credit_card,1,152.76
ORD2018OCT_391,1,credit_card,2,203.52
ORD2018OCT_3049,1,credit_card,1,43.18
ORD2018OCT_5409,1,boleto,1,50.01
ORD2018OCT_333,1,boleto,1,147.34
ORD2018OCT_9037,3,voucher,1,50.0
ORD2018OCT_5323,1,credit_card,1,31.85
ORD2018OCT_3090,1,credit_card,3,34.09
ORD2018OCT_4971,1,credit_card,1,37.38
ORD2018OCT_985,2,voucher,1,20.78
ORD2018OCT_7106,1,credit_card,1,24.79
ORD2018OCT_1458,1,credit_card,4,117.48
ORD2018OCT_8516,1,credit_card,7,74.76
ORD2018OCT_1848,1,credit_card,2,137.08
ORD2018OCT_9481,1,credit_card,4,664.17
ORD2018OCT_2420,1,credit_card,4,204.07
ORD2018OCT_9499,1,voucher,1,25.24
ORD2018OCT_3781,1,credit_card,1,19.42
ORD2018OCT_3718,1,credit_card,8,86.15
ORD2018OCT_6001,1,boleto,1,79.56
ORD2018OCT_5842,1,credit_card,3,34.0
ORD2018OCT_4365,1,credit_card,2,72.14
ORD2018OCT_5191,1,boleto,1,37.53
ORD2018OCT_2108,1,credit_card,1,60.57
ORD2018OCT_2926,1,credit_card,4,173.23
ORD2018OCT_4691,1,credit_card,10,205.5
ORD2018OCT_5613,1,credit_card,1,53.01
ORD2018OCT_9745,1,credit_card,1,45.46
ORD2018OCT_3691,1,voucher,1,8.33
ORD2018OCT_7383,1,credit_card,4,91.12
ORD2018OCT_9064,1,credit_card,1,37.58
ORD2018OCT_6469,1,credit_card,1,42.4
ORD2018OCT_5210,1,credit_card,4,75.17
ORD2018OCT_8835,1,credit_card,8,154.29
ORD2018OCT_9583,1,credit_card,1,87.15
ORD2018OCT_6886,2,voucher,1,133.98
ORD2018OCT_1077,1,credit_card,1,8.33
ORD2018OCT_7151,1,credit_card,2,71.07
ORD2018OCT_6822,1,credit_card,1,36.75
ORD2018OCT_5920,1,credit_card,1,85.75
ORD2018OCT_5205,1,credit_card,1,95.22
ORD2018OCT_3557,1,credit_card,1,55.91
ORD2018OCT_7588,1,credit_card,1,132.1
ORD2018OCT_5701,1,credit_card,8,962.41
ORD2018OCT_6011,1,credit_card,8,195.91
ORD2018OCT_605,1,credit_card,1,75.18
ORD2018OCT_9260,1,boleto,1,192.66
ORD2018OCT_1519,1,credit_card,1,73.34
ORD2018OCT_1852,1,credit_card,1,40.28
ORD2018OCT_2871,1,debit_card,1,189.0
ORD2018OCT_1420,1,credit_card,1,35.77
ORD2018OCT_756,2,voucher,1,4.59
ORD2018OCT_2262,1,credit_card,3,139.24
ORD2018OCT_4997,1,credit_card,5,59.87
ORD2018OCT_6964,1,credit_card,8,664.63
ORD2018OCT_4731,1,credit_card,1,112.02
ORD2018OCT_2447,1,credit_card,7,72.43
ORD2018OCT_3037,1,boleto,1,52.3
ORD2018OCT_4570,1,boleto,1,143.28
ORD2018OCT_8174,1,credit_card,10,446.22
ORD2018OCT_7069,1,boleto,1,222.13
ORD2018OCT_6360,1,credit_card,2,155.2
ORD2018OCT_8334,1,credit_card,3,267.12
ORD2018OCT_8603,1,credit_card,1,119.77
ORD2018OCT_75,2,voucher,1,91.65
ORD2018OCT_788,1,credit_card,10,274.82
ORD2018OCT_8464,1,credit_card,2,60.44
ORD2018OCT_8214,1,credit_card,10,175.68
ORD2018OCT_9209,1,credit_card,6,126.22
ORD2018OCT_4956,1,credit_card,1,72.77
ORD2018OCT_1865,11,voucher,1,6.34
ORD2018OCT_2361,1,credit_card,1,87.82
ORD2018OCT_1156,1,credit_card,10,1384.73
ORD2018OCT_7468,1,credit_card,3,65.09
ORD2018OCT_1796,1,boleto,1,59.34
ORD2018OCT_9616,1,credit_card,8,351.48
ORD2018OCT_1919,1,boleto,1,72.14
ORD2018OCT_1149,1,boleto,1,150.74
ORD2018OCT_8950,1,boleto,1,81.42
ORD2018OCT_2662,1,boleto,1,41.0
ORD2018OCT_273,1,boleto,1,90.05
ORD2018OCT_3203,1,credit_card,8,167.18
ORD2018OCT_6739,1,credit_card,1,96.96
ORD2018OCT_9822,1,credit_card,1,45.54
ORD2018OCT_7480,1,credit_card,8,166.4
ORD2018OCT_1289,1,credit_card,3,39.27
ORD2018OCT_2630,1,boleto,1,155.39
ORD2018OCT_8564,1,credit_card,3,108.16
ORD2018OCT_5390,1,boleto,1,94.74
ORD2018OCT_5012,1,credit_card,1,200.21
ORD2018OCT_4190,1,credit_card,5,50.86
ORD2018OCT_8843,1,credit_card,1,130.22
ORD2018OCT_6348,1,credit_card,6,128.44
ORD2018OCT_4655,1,credit_card,6,882.92
ORD2018OCT_1353,1,credit_card,5,336.08
ORD2018OCT_8814,1,credit_card,1,76.66
ORD2018OCT_2240,1,credit_card,2,160.5
ORD2018OCT_1213,1,boleto,1,131.18
ORD2018OCT_4414,1,credit_card,3,93.94
ORD2018OCT_8545,1,credit_card,5,105.28
ORD2018OCT_1944,1,credit_card,1,8.39
ORD2018OCT_289,1,credit_card,6,462.54
ORD2018OCT_4424,1,credit_card,6,103.11
ORD2018OCT_5241,1,credit_card,2,144.76
ORD2018OCT_7690,1,credit_card,3,48.62
ORD2018OCT_1359,1,credit_card,5,74.51
ORD2018OCT_4153,1,credit_card,3,67.21
ORD2018OCT_6991,1,credit_card,5,126.92
ORD2018OCT_4550,1,boleto,1,48.0
ORD2018OCT_1189,1,boleto,1,102.74
ORD2018OCT_8397,1,boleto,1,155.96
ORD2018OCT_3943,1,credit_card,4,59.85
ORD2018OCT_1646,1,credit_card,3,48.3
ORD2018OCT_1078,1,credit_card,10,151.63
ORD2018OCT_2879,1,credit_card,3,147.59
ORD2018OCT_7232,1,credit_card,1,39.64
ORD2018OCT_483,1,boleto,1,200.44
ORD2018OCT_8496,1,boleto,1,130.47
ORD2018OCT_9199,1,credit_card,8,1260.76
ORD2018OCT_844,1,credit_card,1,235.28
ORD2018OCT_4137,1,boleto,1,114.79
ORD2018OCT_8042,1,credit_card,10,529.86
ORD2018OCT_8926,1,credit_card,4,99.65
ORD2018OCT_4451,1,credit_card,6,371.91
ORD2018OCT_7969,1,boleto,1,44.52
ORD2018OCT_3345,1,credit_card,1,69.73
ORD2018OCT_795,1,credit_card,1,254.58
ORD2018OCT_8784,1,voucher,1,51.75
ORD2018OCT_4804,1,credit_card,1,51.59
ORD2018OCT_3233,1,boleto,1,103.07
ORD2018OCT_6163,1,credit_card,2,144.99
ORD2018OCT_6749,1,boleto,1,68.45
ORD2018OCT_5784,1,credit_card,2,60.05
ORD2018OCT_3851,1,credit_card,2,26.85
ORD2018OCT_6314,1,boleto,1,61.32
ORD2018OCT_3155,1,credit_card,3,66.94
ORD2018OCT_2894,1,credit_card,8,363.2
ORD2018OCT_1191,1,boleto,1,213.2
ORD2018OCT_2774,1,boleto,1,52.39
ORD2018OCT_5251,1,credit_card,10,119.26
ORD2018OCT_5151,1,credit_card,1,2.67
ORD2018OCT_9733,1,voucher,1,136.41
ORD2018OCT_6440,1,credit_card,4,63.35
ORD2018OCT_6158,1,credit_card,5,135.49
ORD2018OCT_2344,2,voucher,1,18.65
ORD2018OCT_7387,1,credit_card,10,520.29
ORD2018OCT_4651,1,credit_card,2,181.33
ORD2018OCT_632,1,credit_card,2,106.87
ORD2018OCT_3064,1,credit_card,1,24.87
ORD2018OCT_606,1,credit_card,18,1232.85
ORD2018OCT_8360,1,credit_card,4,138.99
ORD2018OCT_4075,1,credit_card,10,166.59
ORD2018OCT_9027,1,credit_card,1,108.44
ORD2018OCT_3834,1,boleto,1,238.69
ORD2018OCT_1979,1,credit_card,2,102.03
ORD2018OCT_4901,1,credit_card,8,89.28
ORD2018OCT_6903,1,credit_card,1,97.04
ORD2018OCT_4279,1,credit_card,6,147.78
ORD2018OCT_2447,1,credit_card,10,410.69
ORD2018OCT_5683,1,credit_card,2,1228.03
ORD2018OCT_3074,1,credit_card,3,66.23
ORD2018OCT_2310,1,credit_card,4,108.44
ORD2018OCT_7594,1,credit_card,2,44.54
ORD2018OCT_7030,1,credit_card,5,188.34
ORD2018OCT_3902,1,credit_card,1,55.04
ORD2018OCT_240,1,credit_card,2,51.01
ORD2018OCT_7756,1,boleto,1,154.99
ORD2018OCT_9523,1,boleto,1,88.52
ORD2018OCT_8033,1,debit_card,1,95.22
ORD2018OCT_4996,1,credit_card,2,87.62
ORD2018OCT_6102,1,credit_card,5,62.41
ORD2018OCT_2743,1,boleto,1,147.13
ORD2018OCT_8737,1,credit_card,2,99.9
ORD2018OCT_1591,1,credit_card,1,197.58
ORD2018OCT_6400,1,credit_card,2,65.69
ORD2018OCT_8048,1,credit_card,1,4.03
ORD2018OCT_143,1,credit_card,3,161.54
ORD2018OCT_3775,1,credit_card,1,52.37
ORD2018OCT_5088,1,credit_card,1,99.74
ORD2018OCT_2382,1,credit_card,1,34.65
ORD2018OCT_3051,1,credit_card,6,528.78
ORD2018OCT_1766,1,credit_card,3,342.38
ORD2018OCT_984,1,credit_card,4,142.12
ORD2018OCT_2121,1,credit_card,4,233.29
ORD2018OCT_2834,1,credit_card,2,238.0
ORD2018OCT_9757,1,boleto,1,56.92
ORD2018OCT_7577,1,voucher,1,7.21
ORD2018OCT_1397,1,credit_card,1,63.27
ORD2018OCT_5082,2,voucher,1,100.0
ORD2018OCT_8115,1,credit_card,1,60.59
ORD2018OCT_2312,1,credit_card,1,45.52
ORD2018OCT_2605,1,boleto,1,50.09
ORD2018OCT_697,1,boleto,1,60.65
ORD2018OCT_903,1,boleto,1,122.98
ORD2018OCT_9646,1,voucher,1,94.01
ORD2018OCT_6953,1,credit_card,1,83.23
ORD2018OCT_8426,1,credit_card,3,177.14
ORD2018OCT_5871,2,voucher,1,77.94
ORD2018OCT_3261,1,boleto,1,130.01
ORD2018OCT_9347,1,boleto,1,82.43
ORD2018OCT_6069,1,credit_card,6,80.19
ORD2018OCT_9158,1,credit_card,5,175.99
ORD2018OCT_8953,1,credit_card,10,225.79
ORD2018OCT_2138,1,credit_card,8,85.89
ORD2018OCT_5984,1,boleto,1,350.59
ORD2018OCT_7187,1,credit_card,4,98.79
ORD2018OCT_6837,1,boleto,1,77.57
ORD2018OCT_6484,1,credit_card,1,74.74
ORD2018OCT_2403,1,boleto,1,56.69
ORD2018OCT_8321,1,credit_card,3,36.82
ORD2018OCT_1411,1,credit_card,3,148.5
ORD2018OCT_4000,2,voucher,1,35.29
ORD2018OCT_267,1,credit_card,6,125.56
ORD2018OCT_2555,1,credit_card,1,67.76
ORD2018OCT_36,1,credit_card,2,20.75
ORD2018OCT_5295,1,credit_card,7,193.9
ORD2018OCT_4685,2,debit_card,1,584.33
ORD2018OCT_4827,1,credit_card,2,64.62
ORD2018OCT_1636,1,boleto,1,322.94
ORD2018OCT_6094,1,credit_card,3,188.01
ORD2018OCT_7746,1,credit_card,1,126.37
ORD2018OCT_3077,1,credit_card,2,47.75
ORD2018OCT_5046,1,boleto,1,65.51
ORD2018OCT_4139,1,credit_card,1,162.26
ORD2018OCT_9434,1,credit_card,7,146.0
ORD2018OCT_2020,1,credit_card,8,342.02
ORD2018OCT_5847,1,credit_card,5,54.9
ORD2018OCT_3495,1,credit_card,5,63.82
ORD2018OCT_714,1,boleto,1,207.08
ORD2018OCT_6848,1,boleto,1,93.43
ORD2018OCT_3829,1,credit_card,4,40.09
ORD2018OCT_978,1,credit_card,8,95.29
ORD2018OCT_9863,1,credit_card,5,213.52
ORD2018OCT_9641,1,credit_card,8,105.38
ORD2018OCT_621,1,boleto,1,74.19
ORD2018OCT_9348,1,credit_card,1,45.3
ORD2018OCT_4305,1,credit_card,7,71.14
ORD2018OCT_8793,1,credit_card,10,197.19
ORD2018OCT_4320,1,credit_card,1,40.23
ORD2018OCT_720,1,boleto,1,47.09
ORD2018OCT_2414,1,credit_card,4,43.22
ORD2018OCT_5673,1,boleto,1,102.97
ORD2018OCT_6699,1,credit_card,8,298.65
ORD2018OCT_9263,1,credit_card,4,117.94
ORD2018OCT_6269,1,credit_card,10,154.42
ORD2018OCT_3544,1,credit_card,8,378.04
ORD2018OCT_2345,1,boleto,1,35.13
ORD2018OCT_7832,1,credit_card,1,62.42
ORD2018OCT_5025,1,boleto,1,22.79
ORD2018OCT_4213,1,credit_card,6,861.76
ORD2018OCT_1215,1,credit_card,3,91.18
ORD2018OCT_2281,2,voucher,1,270.46
ORD2018OCT_4728,2,voucher,1,47.01
ORD2018OCT_614,1,credit_card,3,135.77
ORD2018OCT_5174,1,credit_card,6,162.99
ORD2018OCT_8030,2,voucher,1,83.39
ORD2018OCT_6523,1,credit_card,2,42.68
ORD2018OCT_8833,1,credit_card,1,67.5
ORD2018OCT_6390,1,credit_card,10,212.52
ORD2018OCT_9405,1,credit_card,5,284.9
ORD2018OCT_4774,1,credit_card,10,254.42
ORD2018OCT_1941,1,credit_card,6,66.74
ORD2018OCT_9858,1,credit_card,1,149.57
ORD2018OCT_406,1,credit_card,1,77.06
ORD2018OCT_6651,1,credit_card,1,75.08
ORD2018OCT_1010,1,credit_card,3,170.17
ORD2018OCT_8272,2,voucher,1,42.36
ORD2018OCT_2761,1,credit_card,1,43.98
ORD2018OCT_3976,1,credit_card,4,47.69
ORD2018OCT_2684,1,boleto,1,69.4
ORD2018OCT_3277,1,credit_card,1,69.31
ORD2018OCT_2627,1,credit_card,5,386.35
ORD2018OCT_1082,1,credit_card,1,61.46
ORD2018OCT_2094,1,credit_card,1,86.94
ORD2018OCT_3559,1,credit_card,2,179.86
ORD2018OCT_7937,1,credit_card,4,49.27
ORD2018OCT_1069,1,boleto,1,109.67
ORD2018OCT_4907,1,credit_card,5,56.78
ORD2018OCT_104,1,credit_card,1,44.95
ORD2018OCT_7123,1,credit_card,4,56.77
ORD2018OCT_7549,1,credit_card,1,70.48
ORD2018OCT_167,2,voucher,1,18.0
ORD2018OCT_1477,1,credit_card,8,85.14
ORD2018OCT_7946,1,credit_card,12,128.17
ORD2018OCT_3914,1,boleto,1,117.04
ORD2018OCT_1332,1,credit_card,8,298.77
ORD2018OCT_5776,1,boleto,1,32.7
ORD2018OCT_8160,1,credit_card,1,57.53
ORD2018OCT_7335,1,credit_card,5,104.28
ORD2018OCT_2353,1,credit_card,10,577.92
ORD2018OCT_3877,1,credit_card,2,136.04
ORD2018OCT_5576,1,credit_card,1,27.19
ORD2018OCT_8689,1,credit_card,5,223.69
ORD2018OCT_9907,1,boleto,1,38.13
ORD2018OCT_2806,2,voucher,1,56.39
ORD2018OCT_5935,1,credit_card,2,678.82
ORD2018OCT_4300,1,credit_card,2,56.6
ORD2018OCT_290,1,credit_card,10,234.64
ORD2018OCT_4538,1,boleto,1,58.44
ORD2018OCT_5199,2,voucher,1,50.0
ORD2018OCT_6760,1,credit_card,1,252.83
ORD2018OCT_532,1,credit_card,6,70.31
ORD2018OCT_8940,1,credit_card,3,147.81
ORD2018OCT_482,1,credit_card,1,152.0
ORD2018OCT_3972,1,boleto,1,170.64
ORD2018OCT_3770,1,debit_card,1,248.71
ORD2018OCT_1879,1,credit_card,2,66.91
ORD2018OCT_748,1,credit_card,1,21.24
ORD2018OCT_1804,1,credit_card,5,163.58
ORD2018OCT_4439,1,credit_card,1,73.16
ORD2018OCT_3593,1,credit_card,1,63.44
ORD2018OCT_4302,1,boleto,1,78.42
ORD2018OCT_8037,1,credit_card,2,210.73
ORD2018OCT_149,1,credit_card,3,184.52
ORD2018OCT_8776,1,credit_card,1,52.77
ORD2018OCT_7283,2,credit_card,2,48.65
ORD2018OCT_4213,1,credit_card,1,339.31
ORD2018OCT_8654,1,boleto,1,69.4
ORD2018OCT_7595,1,credit_card,4,45.45
ORD2018OCT_3668,1,credit_card,6,104.34
ORD2018OCT_4756,1,boleto,1,77.72
ORD2018OCT_807,1,credit_card,1,51.73
ORD2018OCT_1001,1,credit_card,5,521.37
ORD2018OCT_9605,1,credit_card,2,137.44
ORD2018OCT_9280,1,boleto,1,96.19
ORD2018OCT_8148,1,credit_card,6,401.2
ORD2018OCT_3349,1,boleto,1,92.35
ORD2018OCT_5030,1,boleto,1,79.9
ORD2018OCT_8527,1,credit_card,7,389.95
ORD2018OCT_7381,2,voucher,1,238.98
ORD2018OCT_5694,1,credit_card,1,116.84
ORD2018OCT_6651,1,boleto,1,67.7
ORD2018OCT_3693,1,boleto,1,49.4
ORD2018OCT_704,1,credit_card,7,70.44
ORD2018OCT_786,1,credit_card,3,148.28
ORD2018OCT_7196,1,credit_card,1,55.69
ORD2018OCT_5254,1,voucher,1,194.42
ORD2018OCT_2707,1,credit_card,6,63.27
ORD2018OCT_804,1,credit_card,3,39.1
ORD2018OCT_2997,1,credit_card,8,403.81
ORD2018OCT_9569,1,credit_card,1,56.9
ORD2018OCT_1333,1,credit_card,1,67.53
ORD2018OCT_3181,1,credit_card,10,114.8
ORD2018OCT_7915,1,credit_card,3,370.59
ORD2018OCT_1403,1,credit_card,1,39.78
ORD2018OCT_1030,1,credit_card,2,114.19
ORD2018OCT_2801,1,credit_card,5,99.7
ORD2018OCT_232,1,credit_card,10,819.35
ORD2018OCT_2990,1,credit_card,10,258.9
ORD2018OCT_2486,1,credit_card,2,150.09
ORD2018OCT_8326,1,credit_card,2,129.11
ORD2018OCT_602,1,boleto,1,101.0
ORD2018OCT_4139,1,credit_card,1,32.63
ORD2018OCT_3364,1,credit_card,3,216.94
ORD2018OCT_1368,1,boleto,1,82.96
ORD2018OCT_1977,1,debit_card,1,44.66
ORD2018OCT_2700,1,credit_card,1,204.4
ORD2018OCT_4470,1,boleto,1,38.86
ORD2018OCT_140,1,credit_card,7,85.75
ORD2018OCT_2357,1,credit_card,5,227.75
ORD2018OCT_4662,1,boleto,1,147.98
ORD2018OCT_3226,1,boleto,1,89.52
ORD2018OCT_4891,1,credit_card,1,67.13
ORD2018OCT_7116,1,credit_card,2,161.05
ORD2018OCT_4836,1,credit_card,8,278.66
ORD2018OCT_3661,1,credit_card,1,83.73
ORD2018OCT_3783,1,credit_card,6,114.51
ORD2018OCT_8256,1,boleto,1,303.42
ORD2018OCT_4860,1,boleto,1,94.4
ORD2018OCT_3174,1,boleto,1,34.64
ORD2018OCT_4023,1,boleto,1,130.09
ORD2018OCT_7433,1,credit_card,6,212.46
ORD2018OCT_5490,1,credit_card,2,113.6
ORD2018OCT_6160,1,credit_card,1,154.73
ORD2018OCT_8413,1,credit_card,1,34.77
ORD2018OCT_6555,1,credit_card,3,33.59
ORD2018OCT_9415,1,credit_card,10,1158.99
ORD2018OCT_7260,1,credit_card,3,73.37
ORD2018OCT_6883,1,credit_card,10,1097.7
ORD2018OCT_5880,1,boleto,1,43.47
ORD2018OCT_9553,1,credit_card,1,144.13
ORD2018OCT_2994,1,credit_card,5,264.54
ORD2018OCT_8201,18,voucher,1,1.4
ORD2018OCT_4737,1,credit_card,12,1228.73
ORD2018OCT_3483,1,credit_card,2,163.7
ORD2018OCT_3187,1,credit_card,3,313.94
ORD2018OCT_2003,1,credit_card,1,180.77
ORD2018OCT_7776,1,credit_card,1,137.3
ORD2018OCT_6753,1,credit_card,2,71.07
ORD2018OCT_844,1,credit_card,1,77.57
ORD2018OCT_1573,1,credit_card,2,56.94
ORD2018OCT_2914,1,credit_card,8,290.86
ORD2018OCT_7947,1,credit_card,1,137.73
ORD2018OCT_2084,1,debit_card,1,55.28
ORD2018OCT_3659,1,credit_card,2,149.7
ORD2018OCT_2136,1,boleto,1,63.59
ORD2018OCT_9544,1,credit_card,1,105.28
ORD2018OCT_960,1,boleto,1,70.43
ORD2018OCT_4203,1,voucher,1,210.22
ORD2018OCT_7273,1,credit_card,3,34.01
ORD2018OCT_3775,1,credit_card,1,49.1
ORD2018OCT_7683,1,credit_card,4,40.52
ORD2018OCT_6193,1,credit_card,5,218.13
ORD2018OCT_2965,1,credit_card,4,163.81
ORD2018OCT_1903,1,credit_card,1,6.59
ORD2018OCT_5561,1,credit_card,6,68.8
ORD2018OCT_8544,1,credit_card,2,295.26
ORD2018OCT_534,1,credit_card,1,60.26
ORD2018OCT_1468,1,credit_card,3,66.69
ORD2018OCT_7668,1,credit_card,10,525.61
ORD2018OCT_2617,1,boleto,1,102.03
ORD2018OCT_7647,7,voucher,1,1.27
ORD2018OCT_9909,1,credit_card,4,41.84
ORD2018OCT_8847,1,credit_card,8,171.87
ORD2018OCT_8383,1,credit_card,5,56.43
ORD2018OCT_2374,1,credit_card,2,80.77
ORD2018OCT_769,1,credit_card,3,188.2
ORD2018OCT_7187,1,credit_card,2,195.89
ORD2018OCT_5810,1,credit_card,1,56.17
ORD2018OCT_5807,1,credit_card,8,517.59
ORD2018OCT_1098,1,credit_card,4,41.1
ORD2018OCT_8156,1,credit_card,3,206.2
ORD2018OCT_7072,1,debit_card,1,301.0
ORD2018OCT_6863,1,credit_card,5,89.18
ORD2018OCT_7803,1,credit_card,1,81.51
ORD2018OCT_343,1,credit_card,7,86.15
ORD2018OCT_6061,1,boleto,1,69.17
ORD2018OCT_7315,1,credit_card,1,162.9
ORD2018OCT_1205,1,credit_card,8,192.16
ORD2018OCT_6940,1,debit_card,1,25.41
ORD2018OCT_7954,2,voucher,1,67.62
ORD2018OCT_6649,1,credit_card,1,34.78
ORD2018OCT_835,1,boleto,1,124.4
ORD2018OCT_2100,1,boleto,1,71.71
ORD2018OCT_5274,2,voucher,1,96.94
ORD2018OCT_4364,1,credit_card,5,293.95
ORD2018OCT_1015,1,credit_card,6,66.6
ORD2018OCT_7106,1,boleto,1,141.66
ORD2018OCT_715,1,credit_card,3,66.01
ORD2018OCT_9365,1,boleto,1,135.08
ORD2018OCT_5010,1,credit_card,2,43.38
ORD2018OCT_4546,1,credit_card,1,97.71
ORD2018OCT_8305,1,boleto,1,66.93
ORD2018OCT_6194,1,credit_card,1,150.05
ORD2018OCT_2333,1,credit_card,4,183.79
ORD2018OCT_6436,1,credit_card,1,22.29
ORD2018OCT_5646,1,credit_card,1,87.16
ORD2018OCT_4264,1,boleto,1,611.68
ORD2018OCT_114,1,credit_card,7,156.33
ORD2018OCT_4881,1,credit_card,1,40.45
ORD2018OCT_4348,1,boleto,1,55.01
ORD2018OCT_8494,1,boleto,1,127.45
ORD2018OCT_6220,1,credit_card,1,139.86
ORD2018OCT_7914,1,credit_card,1,257.77
ORD2018OCT_8875,1,credit_card,1,30.75
ORD2018OCT_7885,1,credit_card,1,6.17
ORD2018OCT_2291,2,voucher,1,80.49
ORD2018OCT_4228,1,credit_card,2,127.92
ORD2018OCT_2620,1,credit_card,1,88.49
ORD2018OCT_962,1,credit_card,3,33.35
ORD2018OCT_8707,1,credit_card,5,169.99
ORD2018OCT_3783,1,credit_card,2,69.06
ORD2018OCT_8726,1,credit_card,6,159.11
ORD2018OCT_9820,1,credit_card,1,30.75
ORD2018OCT_1448,1,boleto,1,117.85
ORD2018OCT_3751,1,boleto,1,77.57
ORD2018OCT_8163,1,credit_card,2,235.13
ORD2018OCT_7011,1,credit_card,6,83.25
ORD2018OCT_4833,1,credit_card,1,117.06
ORD2018OCT_5848,1,credit_card,3,79.14
ORD2018OCT_7630,1,credit_card,1,144.82
ORD2018OCT_4160,1,credit_card,3,33.99
ORD2018OCT_6730,1,debit_card,1,162.25
ORD2018OCT_6596,1,credit_card,3,147.23
ORD2018OCT_3783,1,credit_card,1,192.11
ORD2018OCT_5711,1,credit_card,8,85.81
ORD2018OCT_7196,1,credit_card,8,329.97
ORD2018OCT_5538,1,credit_card,1,85.16
ORD2018OCT_6960,1,credit_card,4,153.24
ORD2018OCT_7659,2,voucher,1,46.68
ORD2018OCT_2869,1,credit_card,1,153.8
ORD2018OCT_1667,1,credit_card,3,177.59
ORD2018OCT_881,1,credit_card,2,116.0
ORD2018OCT_5020,1,credit_card,1,162.83
ORD2018OCT_2361,1,credit_card,1,19.33
ORD2018OCT_4649,1,credit_card,3,33.16
ORD2018OCT_8754,1,credit_card,10,189.61
ORD2018OCT_5211,1,boleto,1,274.15
ORD2018OCT_9762,1,boleto,1,540.08
ORD2018OCT_4624,1,credit_card,2,224.97
ORD2018OCT_9732,1,credit_card,4,71.63
ORD2018OCT_3134,4,voucher,1,50.0
ORD2018OCT_1869,1,credit_card,1,51.32
ORD2018OCT_8265,1,credit_card,2,65.94
ORD2018OCT_5515,1,boleto,1,198.59
ORD2018OCT_266,1,credit_card,2,72.67
ORD2018OCT_2679,1,credit_card,1,86.39
ORD2018OCT_3652,1,credit_card,1,29.0
ORD2018OCT_7359,1,credit_card,4,142.81
ORD2018OCT_3614,1,credit_card,5,77.57
ORD2018OCT_9071,1,boleto,1,40.39
ORD2018OCT_2158,1,credit_card,2,128.65
ORD2018OCT_4902,1,credit_card,1,115.13
ORD2018OCT_8542,1,credit_card,1,43.17
ORD2018OCT_3477,1,boleto,1,40.88
ORD2018OCT_9442,1,credit_card,4,166.3
ORD2018OCT_6621,1,credit_card,2,34.47
ORD2018OCT_5294,1,credit_card,3,172.66
ORD2018OCT_8323,1,credit_card,2,103.28
ORD2018OCT_2604,1,credit_card,1,55.13
ORD2018OCT_5383,1,credit_card,2,151.74
ORD2018OCT_3196,1,credit_card,10,654.82
ORD2018OCT_9780,1,credit_card,2,309.18
ORD2018OCT_9821,1,credit_card,7,73.58
ORD2018OCT_4295,1,boleto,1,276.18
ORD2018OCT_9648,1,credit_card,1,99.34
ORD2018OCT_5442,1,credit_card,4,43.22
ORD2018OCT_6251,1,credit_card,1,58.16
ORD2018OCT_7672,1,boleto,1,109.79
ORD2018OCT_5946,1,boleto,1,131.25
ORD2018OCT_2590,1,credit_card,1,50.1
ORD2018OCT_3661,1,credit_card,1,29.1
ORD2018OCT_2044,1,credit_card,1,37.77
ORD2018OCT_8160,1,credit_card,3,119.63
ORD2018OCT_487,1,credit_card,8,274.71
ORD2018OCT_1557,1,credit_card,2,66.69
ORD2018OCT_4564,1,credit_card,1,96.7
ORD2018OCT_9351,1,credit_card,1,203.93
ORD2018OCT_9639,1,credit_card,3,169.87
ORD2018OCT_4104,1,boleto,1,48.62
ORD2018OCT_7067,1,credit_card,3,34.89
ORD2018OCT_715,1,credit_card,5,133.2
ORD2018OCT_9,1,credit_card,1,22.39
ORD2018OCT_3348,1,boleto,1,40.6
ORD2018OCT_8338,1,credit_card,10,194.37
ORD2018OCT_9271,1,credit_card,3,149.86
ORD2018OCT_7468,1,credit_card,3,285.7
ORD2018OCT_8158,1,credit_card,3,38.09
ORD2018OCT_197,1,credit_card,3,271.38
ORD2018OCT_4865,1,credit_card,3,34.03
ORD2018OCT_672,1,credit_card,5,168.29
ORD2018OCT_6569,1,credit_card,1,83.03
ORD2018OCT_4614,1,credit_card,6,226.95
ORD2018OCT_7756,1,debit_card,1,25.84
ORD2018OCT_1448,1,credit_card,8,145.68
ORD2018OCT_4894,1,credit_card,3,32.93
ORD2018OCT_4095,1,credit_card,10,889.15
ORD2018OCT_3406,1,credit_card,6,186.62
ORD2018OCT_638,1,credit_card,1,79.95
ORD2018OCT_1822,1,credit_card,1,31.88
ORD2018OCT_7651,1,credit_card,1,102.97
ORD2018OCT_1703,1,credit_card,3,100.91
ORD2018OCT_7707,1,voucher,1,49.8
ORD2018OCT_1284,2,voucher,1,60.0
ORD2018OCT_1308,1,credit_card,10,156.49
ORD2018OCT_2018,1,credit_card,2,137.6
ORD2018OCT_9854,1,credit_card,6,447.0
ORD2018OCT_3618,1,debit_card,1,139.8
ORD2018OCT_2816,1,boleto,1,143.89
ORD2018OCT_4027,1,credit_card,5,52.97
ORD2018OCT_2815,1,credit_card,1,124.52
ORD2018OCT_815,1,credit_card,2,85.79
ORD2018OCT_6601,1,debit_card,1,171.34
ORD2018OCT_4213,1,credit_card,3,137.75
ORD2018OCT_5220,1,credit_card,1,78.9
ORD2018OCT_5702,1,boleto,1,377.46
ORD2018OCT_9775,1,credit_card,3,92.78
ORD2018OCT_8221,1,credit_card,2,150.15
ORD2018OCT_6193,1,credit_card,2,68.43
ORD2018OCT_3693,1,credit_card,2,223.31
ORD2018OCT_9819,1,credit_card,2,100.0
ORD2018OCT_2278,1,credit_card,3,157.3
ORD2018OCT_3368,1,credit_card,4,48.02
ORD2018OCT_1438,1,credit_card,2,82.16
ORD2018OCT_614,2,voucher,1,27.56
ORD2018OCT_7693,1,credit_card,8,367.11
ORD2018OCT_9091,1,credit_card,2,102.03
ORD2018OCT_1671,1,credit_card,4,296.24
ORD2018OCT_4469,1,credit_card,2,230.75
ORD2018OCT_203,1,credit_card,4,61.1
ORD2018OCT_4233,1,credit_card,4,322.89
ORD2018OCT_5309,1,credit_card,4,99.9
ORD2018OCT_5709,1,credit_card,10,106.44
ORD2018OCT_2342,1,credit_card,3,102.13
ORD2018OCT_2009,1,boleto,1,98.37
ORD2018OCT_7411,1,credit_card,3,91.28
ORD2018OCT_9010,1,credit_card,2,340.29
ORD2018OCT_5337,1,credit_card,1,174.74
ORD2018OCT_1671,1,credit_card,3,197.05
ORD2018OCT_7824,1,boleto,1,118.48
ORD2018OCT_9748,1,credit_card,3,285.76
ORD2018OCT_2446,1,credit_card,8,138.57
ORD2018OCT_851,1,credit_card,2,42.58
ORD2018OCT_4338,1,boleto,1,136.4
ORD2018OCT_6070,2,voucher,1,66.07
ORD2018OCT_5412,1,credit_card,3,33.17
ORD2018OCT_9789,1,credit_card,5,167.88
ORD2018OCT_5054,1,credit_card,8,163.32
ORD2018OCT_4835,1,credit_card,3,55.09
ORD2018OCT_3995,1,credit_card,1,66.05
ORD2018OCT_686,1,credit_card,3,70.82
ORD2018OCT_8795,1,credit_card,4,87.71
ORD2018OCT_8142,1,credit_card,1,111.02
ORD2018OCT_1850,1,credit_card,3,169.01
ORD2018OCT_8527,1,boleto,1,49.64
ORD2018OCT_3586,1,credit_card,1,1.43
ORD2018OCT_5713,1,credit_card,1,62.43
ORD2018OCT_2233,1,debit_card,1,27.75
ORD2018OCT_6425,1,credit_card,4,141.96
ORD2018OCT_4855,1,credit_card,1,39.01
ORD2018OCT_3051,1,boleto,1,217.06
ORD2018OCT_8429,1,credit_card,5,59.0
ORD2018OCT_6206,1,boleto,1,93.3
ORD2018OCT_2739,1,boleto,1,43.13
ORD2018OCT_1240,1,credit_card,7,213.04
ORD2018OCT_1115,1,credit_card,1,169.62
ORD2018OCT_6430,1,credit_card,5,76.66
ORD2018OCT_9767,1,credit_card,1,48.21
ORD2018OCT_7410,1,credit_card,7,314.64
ORD2018OCT_792,1,credit_card,2,215.14
ORD2018OCT_9503,2,voucher,1,61.37
ORD2018OCT_6201,1,credit_card,7,101.74
ORD2018OCT_1020,1,boleto,1,365.6
ORD2018OCT_9892,1,credit_card,7,143.77
ORD2018OCT_3565,1,boleto,1,278.64
ORD2018OCT_7161,1,credit_card,4,815.95
ORD2018OCT_591,1,debit_card,1,184.92
ORD2018OCT_7006,1,credit_card,6,88.34
ORD2018OCT_4446,1,credit_card,4,45.11
ORD2018OCT_7148,1,credit_card,3,183.4
ORD2018OCT_8906,1,credit_card,2,45.96
ORD2018OCT_445,1,credit_card,3,194.33
ORD2018OCT_3798,1,credit_card,1,224.98
ORD2018OCT_4627,1,credit_card,1,28.24
ORD2018OCT_9675,1,credit_card,7,71.79
ORD2018OCT_2805,1,credit_card,10,122.46
ORD2018OCT_5244,1,credit_card,3,101.2
ORD2018OCT_2980,1,boleto,1,31.22
ORD2018OCT_3111,1,credit_card,1,42.78
ORD2018OCT_1696,1,credit_card,4,50.24
ORD2018OCT_3598,1,credit_card,2,32.42
ORD2018OCT_5317,1,boleto,1,230.13
ORD2018OCT_1325,1,credit_card,4,89.17
ORD2018OCT_4987,1,boleto,1,46.58
ORD2018OCT_238,1,credit_card,5,122.48
ORD2018OCT_8654,1,credit_card,3,51.87
ORD2018OCT_9766,1,credit_card,3,64.34
ORD2018OCT_6272,1,credit_card,9,96.8
ORD2018OCT_1950,1,credit_card,1,137.23
ORD2018OCT_3787,1,boleto,1,116.94
ORD2018OCT_7912,2,voucher,1,19.51
ORD2018OCT_1050,1,boleto,1,173.34
ORD2018OCT_523,1,credit_card,3,194.24
ORD2018OCT_2671,1,credit_card,2,49.06
ORD2018OCT_7625,1,boleto,1,51.14
ORD2018OCT_998,1,credit_card,3,201.96
ORD2018OCT_1464,1,boleto,1,59.4
ORD2018OCT_99,1,credit_card,10,252.09
ORD2018OCT_2191,1,credit_card,2,29.22
ORD2018OCT_5735,1,boleto,1,21.04
ORD2018OCT_6973,1,credit_card,3,183.05
ORD2018OCT_8544,1,credit_card,3,88.27
ORD2018OCT_9612,1,credit_card,1,435.79
ORD2018OCT_8542,1,credit_card,5,123.75
ORD2018OCT_5725,1,credit_card,1,91.66
ORD2018OCT_439,1,credit_card,2,87.72
ORD2018OCT_660,1,credit_card,1,27.77
ORD2018OCT_7869,1,credit_card,5,384.08
ORD2018OCT_7356,1,credit_card,4,293.25
ORD2018OCT_1837,1,credit_card,10,163.55
ORD2018OCT_5394,1,credit_card,3,193.41
ORD2018OCT_205,1,credit_card,6,413.88
ORD2018OCT_7077,1,boleto,1,156.4
ORD2018OCT_1211,1,boleto,1,77.6
ORD2018OCT_8873,1,credit_card,5,56.78
ORD2018OCT_2825,1,boleto,1,157.22
ORD2018OCT_4709,1,credit_card,1,96.62
ORD2018OCT_8846,1,credit_card,1,24.02
ORD2018OCT_8316,2,voucher,1,50.31
ORD2018OCT_5504,1,credit_card,10,111.8
ORD2018OCT_9350,1,credit_card,10,425.24
ORD2018OCT_7092,1,credit_card,4,86.02
ORD2018OCT_2539,1,credit_card,2,135.82
ORD2018OCT_3937,1,credit_card,2,98.89
ORD2018OCT_3431,1,credit_card,1,66.72
ORD2018OCT_1968,1,credit_card,8,82.56
ORD2018OCT_1233,1,credit_card,4,205.28
ORD2018OCT_7782,1,debit_card,1,191.28
ORD2018OCT_7670,1,credit_card,10,162.15
ORD2018OCT_5960,1,credit_card,3,153.48
ORD2018OCT_7708,1,credit_card,4,288.53
ORD2018OCT_6187,1,credit_card,2,40.95
ORD2018OCT_844,1,boleto,1,596.27
ORD2018OCT_3187,1,credit_card,10,194.82
ORD2018OCT_1443,1,boleto,1,203.23
ORD2018OCT_2736,2,voucher,1,77.97
ORD2018OCT_3351,1,boleto,1,168.45
ORD2018OCT_8447,1,credit_card,2,142.3
ORD2018OCT_6698,1,credit_card,3,84.57
ORD2018OCT_3585,1,boleto,1,518.51
ORD2018OCT_9685,1,credit_card,2,569.82
ORD2018OCT_9649,1,credit_card,3,87.5
ORD2018OCT_355,1,boleto,1,55.6
ORD2018OCT_9657,1,credit_card,1,56.37
ORD2018OCT_1127,1,credit_card,3,70.15
ORD2018OCT_6009,1,credit_card,1,66.22
ORD2018OCT_2707,1,credit_card,5,96.35
ORD2018OCT_7136,1,debit_card,1,171.06
ORD2018OCT_5139,1,credit_card,4,48.01
ORD2018OCT_9932,1,boleto,1,70.49
ORD2018OCT_3358,1,boleto,1,158.3
ORD2018OCT_6044,1,boleto,1,55.09
ORD2018OCT_1310,1,credit_card,3,163.25
ORD2018OCT_5419,1,credit_card,6,61.74
ORD2018OCT_2681,1,boleto,1,21.71
ORD2018OCT_8711,1,credit_card,6,356.88
ORD2018OCT_9272,1,credit_card,1,33.23
ORD2018OCT_5466,1,credit_card,1,108.31
ORD2018OCT_6321,1,credit_card,2,66.85
ORD2018OCT_7821,1,boleto,1,137.93
ORD2018OCT_7139,1,boleto,1,123.4
ORD2018OCT_430,1,credit_card,1,36.69
ORD2018OCT_8814,1,credit_card,1,57.19
ORD2018OCT_2975,1,credit_card,2,173.84
ORD2018OCT_4689,1,credit_card,1,192.56
ORD2018OCT_1592,1,credit_card,2,115.92
ORD2018OCT_8078,1,credit_card,1,74.16
ORD2018OCT_4333,1,credit_card,2,109.55
ORD2018OCT_3467,1,credit_card,1,136.09
ORD2018OCT_8616,1,boleto,1,142.76
ORD2018OCT_6496,1,credit_card,2,28.5
ORD2018OCT_3942,1,credit_card,10,102.82
ORD2018OCT_1258,1,credit_card,1,82.33
ORD2018OCT_5815,1,credit_card,8,85.14
ORD2018OCT_4332,1,voucher,1,195.33
ORD2018OCT_7877,1,credit_card,5,201.05
ORD2018OCT_5316,1,credit_card,1,129.47
ORD2018OCT_6978,1,boleto,1,85.8
ORD2018OCT_7653,1,credit_card,6,178.27
ORD2018OCT_9099,1,credit_card,3,38.74
ORD2018OCT_8351,1,boleto,1,27.8
ORD2018OCT_5501,1,credit_card,1,57.98
ORD2018OCT_6446,1,boleto,1,85.15
ORD2018OCT_5328,1,credit_card,5,56.37
ORD2018OCT_5689,1,credit_card,3,156.74
ORD2018OCT_8960,1,credit_card,4,196.89
ORD2018OCT_1922,1,boleto,1,159.75
ORD2018OCT_4850,1,credit_card,10,115.44
ORD2018OCT_578,1,credit_card,10,362.39
ORD2018OCT_8797,1,credit_card,8,224.68
ORD2018OCT_8665,1,credit_card,1,23.68
ORD2018OCT_8688,1,credit_card,2,107.53
ORD2018OCT_1419,1,credit_card,1,26.79
ORD2018OCT_5803,1,boleto,1,45.86
ORD2018OCT_9005,1,credit_card,2,105.7
ORD2018OCT_1482,1,credit_card,1,2.11
ORD2018OCT_7110,1,credit_card,1,144.36
ORD2018OCT_2843,1,credit_card,4,167.6
ORD2018OCT_4984,1,credit_card,1,125.88
ORD2018OCT_5688,1,credit_card,1,28.05
ORD2018OCT_1776,1,credit_card,3,185.8
ORD2018OCT_5355,1,credit_card,6,64.4
ORD2018OCT_6287,1,credit_card,1,160.65
ORD2018OCT_2671,1,credit_card,3,87.3
ORD2018OCT_9821,1,credit_card,1,45.56
ORD2018OCT_877,1,credit_card,10,271.38
ORD2018OCT_1384,1,credit_card,3,135.59
ORD2018OCT_9371,1,credit_card,2,72.36
ORD2018OCT_8679,1,credit_card,2,93.66
ORD2018OCT_2028,1,credit_card,1,20.6
ORD2018OCT_7994,1,credit_card,1,52.13
ORD2018OCT_2886,4,voucher,1,22.15
ORD2018OCT_1539,1,credit_card,8,88.29
ORD2018OCT_8672,1,boleto,1,246.26
ORD2018OCT_9743,1,credit_card,1,152.66
ORD2018OCT_1646,1,credit_card,1,37.77
ORD2018OCT_2281,2,voucher,1,34.76
ORD2018OCT_4914,1,boleto,1,175.64
ORD2018OCT_9428,1,credit_card,4,94.76
ORD2018OCT_5096,1,credit_card,5,74.07
ORD2018OCT_8568,1,credit_card,2,106.28
ORD2018OCT_2577,2,voucher,1,21.09
ORD2018OCT_8907,1,credit_card,10,1233.65
ORD2018OCT_4069,1,boleto,1,40.09
ORD2018OCT_2333,1,credit_card,2,57.43
ORD2018OCT_3606,1,credit_card,3,104.37
ORD2018OCT_957,1,credit_card,2,95.65
ORD2018OCT_8325,1,credit_card,4,48.1
ORD2018OCT_4637,1,credit_card,2,145.88
ORD2018OCT_6700,1,credit_card,1,33.13
ORD2018OCT_6713,1,credit_card,7,516.28
ORD2018OCT_4561,1,credit_card,10,606.21
ORD2018OCT_8661,1,credit_card,5,159.4
ORD2018OCT_3699,1,boleto,1,137.6
ORD2018OCT_4549,1,credit_card,2,77.55
ORD2018OCT_1316,1,debit_card,1,34.68
ORD2018OCT_8648,1,credit_card,8,396.19
ORD2018OCT_6402,1,boleto,1,1605.14
ORD2018OCT_8038,1,credit_card,8,309.28
ORD2018OCT_1065,1,credit_card,10,165.04
ORD2018OCT_3563,1,credit_card,1,51.96
ORD2018OCT_114,1,credit_card,1,41.75
ORD2018OCT_696,1,credit_card,6,115.35
ORD2018OCT_7598,1,boleto,1,48.27
ORD2018OCT_2743,2,voucher,1,102.33
ORD2018OCT_2286,1,credit_card,1,215.55
ORD2018OCT_2091,1,credit_card,6,147.38
ORD2018OCT_9208,1,credit_card,1,545.6
ORD2018OCT_5554,1,credit_card,1,0.73
ORD2018OCT_4112,1,credit_card,8,176.76
ORD2018OCT_8874,1,credit_card,1,7.53
ORD2018OCT_7346,1,credit_card,4,45.88
ORD2018OCT_9877,1,credit_card,1,48.72
ORD2018OCT_4411,1,credit_card,8,216.09
ORD2018OCT_3655,1,credit_card,6,326.21
ORD2018OCT_7058,1,credit_card,5,65.27
ORD2018OCT_5491,1,credit_card,7,87.17
ORD2018OCT_9262,1,boleto,1,47.69
ORD2018OCT_5978,1,credit_card,6,178.03
ORD2018OCT_7382,1,credit_card,10,133.76
ORD2018OCT_8244,1,credit_card,2,224.1
ORD2018OCT_6397,1,credit_card,6,143.93
ORD2018OCT_5599,1,boleto,1,61.0
ORD2018OCT_1162,1,credit_card,1,39.42
ORD2018OCT_3373,1,credit_card,5,102.18
ORD2018OCT_9147,1,credit_card,3,164.12
ORD2018OCT_5204,1,boleto,1,41.75
ORD2018OCT_9027,1,credit_card,4,315.16
ORD2018OCT_5371,1,credit_card,8,184.09
ORD2018OCT_2168,1,credit_card,3,61.64
ORD2018OCT_5856,1,credit_card,7,667.99
ORD2018OCT_8208,1,credit_card,10,161.01
ORD2018OCT_7445,1,credit_card,1,36.0
ORD2018OCT_709,1,credit_card,1,29.1
ORD2018OCT_2950,1,boleto,1,91.02
ORD2018OCT_1863,1,credit_card,1,3.08
ORD2018OCT_6429,1,credit_card,3,83.41
ORD2018OCT_8594,1,credit_card,4,1025.05
ORD2018OCT_6818,1,credit_card,2,58.86
ORD2018OCT_5638,1,boleto,1,219.27
ORD2018OCT_269,1,credit_card,3,153.61
ORD2018OCT_5886,1,boleto,1,68.12
ORD2018OCT_2586,1,credit_card,1,25.53
ORD2018OCT_8968,1,boleto,1,32.83
ORD2018OCT_9831,1,boleto,1,53.0
ORD2018OCT_2748,1,credit_card,1,411.87
ORD2018OCT_2383,2,voucher,1,107.73
ORD2018OCT_9492,1,credit_card,1,134.1
ORD2018OCT_6849,1,boleto,1,72.1
ORD2018OCT_2614,1,credit_card,1,28.77
ORD2018OCT_6536,1,credit_card,1,20.6
ORD2018OCT_7286,1,credit_card,4,71.6
ORD2018OCT_6764,1,credit_card,4,48.16
ORD2018OCT_8918,1,credit_card,1,85.62
ORD2018OCT_2202,1,credit_card,1,26.29
ORD2018OCT_8467,1,credit_card,1,94.22
ORD2018OCT_4904,1,credit_card,2,115.45
ORD2018OCT_6733,1,credit_card,1,89.1
ORD2018OCT_6040,1,credit_card,2,198.67
ORD2018OCT_4422,1,credit_card,3,232.73
ORD2018OCT_3308,1,boleto,1,99.75
ORD2018OCT_4267,1,credit_card,2,86.54
ORD2018OCT_9272,1,credit_card,5,252.34
ORD2018OCT_5530,1,credit_card,1,87.3
ORD2018OCT_6654,2,voucher,1,50.0
ORD2018OCT_7337,1,credit_card,1,33.73
ORD2018OCT_6543,1,boleto,1,162.15
ORD2018OCT_818,1,boleto,1,130.33
ORD2018OCT_9000,1,boleto,1,161.86
ORD2018OCT_688,1,credit_card,9,464.98
ORD2018OCT_3841,1,credit_card,1,131.32
ORD2018OCT_1078,1,credit_card,2,146.49
ORD2018OCT_1196,1,credit_card,1,14.2
ORD2018OCT_951,1,credit_card,9,99.66
ORD2018OCT_6881,1,credit_card,5,58.64
ORD2018OCT_1454,1,credit_card,2,368.52
ORD2018OCT_4936,1,credit_card,3,105.83
ORD2018OCT_4947,1,credit_card,6,61.8
ORD2018OCT_2675,1,boleto,1,83.95
ORD2018OCT_4020,1,credit_card,2,169.51
ORD2018OCT_8228,1,credit_card,1,550.53
ORD2018OCT_4952,1,credit_card,10,137.99
ORD2018OCT_3885,1,credit_card,6,85.18
ORD2018OCT_5229,1,boleto,1,62.92
ORD2018OCT_4720,1,credit_card,1,385.42
ORD2018OCT_6072,1,credit_card,1,46.0
ORD2018OCT_3681,1,credit_card,2,113.38
ORD2018OCT_5889,1,credit_card,2,75.07
ORD2018OCT_4079,1,credit_card,3,34.62
ORD2018OCT_369,12,voucher,1,2.45
ORD2018OCT_7642,1,credit_card,2,114.77
ORD2018OCT_6325,1,credit_card,1,97.39
ORD2018OCT_2624,1,boleto,1,535.03
ORD2018OCT_811,1,credit_card,2,130.56
ORD2018OCT_8526,1,credit_card,1,87.54
ORD2018OCT_6992,1,credit_card,1,174.32
ORD2018OCT_7100,1,credit_card,2,23.0
ORD2018OCT_4302,1,boleto,1,116.94
ORD2018OCT_5446,1,credit_card,7,417.45
ORD2018OCT_6015,1,credit_card,3,101.73
ORD2018OCT_2603,2,voucher,1,1522.42
ORD2018OCT_4802,1,credit_card,9,94.04
ORD2018OCT_3665,1,credit_card,2,579.22
ORD2018OCT_4985,2,voucher,1,136.45
ORD2018OCT_8218,1,credit_card,4,112.83
ORD2018OCT_7789,1,credit_card,2,142.45
ORD2018OCT_8902,1,boleto,1,68.02
ORD2018OCT_8556,1,credit_card,2,244.24
ORD2018OCT_1998,1,credit_card,3,30.7
ORD2018OCT_4589,1,credit_card,5,57.34
ORD2018OCT_6633,1,credit_card,4,159.68
ORD2018OCT_2188,1,boleto,1,84.92
ORD2018OCT_346,1,credit_card,3,75.68
ORD2018OCT_7990,1,credit_card,6,334.77
ORD2018OCT_957,1,credit_card,1,46.05
ORD2018OCT_5523,1,credit_card,1,47.51
ORD2018OCT_5904,1,credit_card,4,356.1
ORD2018OCT_6849,1,credit_card,3,64.65
ORD2018OCT_9102,1,credit_card,10,405.31
ORD2018OCT_5477,1,credit_card,1,52.68
ORD2018OCT_6299,1,credit_card,8,410.51
ORD2018OCT_1562,5,voucher,1,23.15
ORD2018OCT_5238,1,credit_card,10,574.0
ORD2018OCT_1960,1,boleto,1,116.06
ORD2018OCT_4605,1,credit_card,2,50.16
ORD2018OCT_4712,1,credit_card,4,253.18
ORD2018OCT_9352,1,boleto,1,113.62
ORD2018OCT_5371,1,credit_card,4,155.05
ORD2018OCT_5729,1,boleto,1,39.84
ORD2018OCT_2591,1,boleto,1,255.42
ORD2018OCT_418,1,boleto,1,53.0
ORD2018OCT_1410,1,credit_card,1,37.38
ORD2018OCT_9669,1,credit_card,3,91.72
ORD2018OCT_9312,1,credit_card,9,466.67
ORD2018OCT_2176,1,credit_card,1,48.31
ORD2018OCT_3033,1,credit_card,1,184.93
ORD2018OCT_7425,1,credit_card,2,215.56
ORD2018OCT_9299,1,credit_card,1,57.51
ORD2018OCT_1551,1,credit_card,1,118.28
ORD2018OCT_2587,1,credit_card,1,41.84
ORD2018OCT_4779,1,credit_card,1,83.5
ORD2018OCT_1701,1,boleto,1,33.0
ORD2018OCT_1891,1,credit_card,7,73.34
ORD2018OCT_8793,1,credit_card,1,93.56
ORD2018OCT_9517,5,voucher,1,25.0
ORD2018OCT_2992,1,credit_card,2,73.03
ORD2018OCT_4107,1,boleto,1,41.96
ORD2018OCT_728,1,debit_card,1,59.34
ORD2018OCT_1069,1,boleto,1,228.25
ORD2018OCT_1044,1,credit_card,10,216.14
ORD2018OCT_8507,1,boleto,1,171.69
ORD2018OCT_7114,1,credit_card,3,114.53
ORD2018OCT_4265,1,credit_card,2,125.52
ORD2018OCT_3463,1,credit_card,3,314.95
ORD2018OCT_9935,1,credit_card,4,107.78
ORD2018OCT_7081,1,credit_card,4,187.28
ORD2018OCT_4478,1,credit_card,2,419.67
ORD2018OCT_5967,1,credit_card,1,137.6
ORD2018OCT_4052,1,credit_card,2,127.44
ORD2018OCT_6908,2,voucher,1,56.38
ORD2018OCT_6694,1,credit_card,5,59.09
ORD2018OCT_553,1,boleto,1,117.61
ORD2018OCT_5330,1,boleto,1,170.52
ORD2018OCT_4563,1,credit_card,3,194.2
ORD2018OCT_4100,1,credit_card,3,244.06
ORD2018OCT_2926,1,credit_card,1,84.56
ORD2018OCT_9500,1,debit_card,1,27.7
ORD2018OCT_7735,1,credit_card,1,64.11
ORD2018OCT_8001,1,credit_card,1,19.86
ORD2018OCT_4102,1,credit_card,3,37.09
ORD2018OCT_6956,1,credit_card,8,139.89
ORD2018OCT_650,1,credit_card,1,280.12
ORD2018OCT_4215,1,boleto,1,87.32
ORD2018OCT_3785,1,credit_card,3,118.1
ORD2018OCT_2460,1,boleto,1,34.53
ORD2018OCT_7711,9,voucher,1,12.97
ORD2018OCT_721,1,boleto,1,57.78
ORD2018OCT_4746,1,credit_card,2,60.43
ORD2018OCT_5600,1,credit_card,3,160.5
ORD2018OCT_590,1,credit_card,1,76.21
ORD2018OCT_2048,1,credit_card,1,115.32
ORD2018OCT_5516,1,credit_card,1,93.63
ORD2018OCT_6190,6,voucher,1,12.39
ORD2018OCT_8160,1,credit_card,1,54.99
ORD2018OCT_6626,1,credit_card,3,103.64
ORD2018OCT_4862,1,boleto,1,76.08
ORD2018OCT_4860,1,credit_card,3,157.41
ORD2018OCT_8663,1,credit_card,3,39.61
ORD2018OCT_6419,1,boleto,1,147.64
ORD2018OCT_5896,1,boleto,1,47.71
ORD2018OCT_1105,1,credit_card,1,57.21
ORD2018OCT_4532,1,credit_card,2,45.22
ORD2018OCT_7769,1,credit_card,8,307.9
ORD2018OCT_5427,1,credit_card,3,155.22
ORD2018OCT_742,1,credit_card,8,166.62
ORD2018OCT_9615,1,boleto,1,348.24
ORD2018OCT_5660,1,credit_card,1,119.84
ORD2018OCT_4812,1,credit_card,5,249.55
ORD2018OCT_347,1,credit_card,7,149.36
ORD2018OCT_1267,1,credit_card,8,123.27
ORD2018OCT_249,1,credit_card,6,148.64
ORD2018OCT_9247,1,boleto,1,125.44
ORD2018OCT_5796,1,credit_card,8,865.38
ORD2018OCT_9835,1,boleto,1,213.9
ORD2018OCT_1133,1,credit_card,8,88.01
ORD2018OCT_9599,1,credit_card,5,105.22
ORD2018OCT_1508,1,credit_card,1,143.77
ORD2018OCT_2400,1,boleto,1,95.31
ORD2018OCT_221,1,credit_card,2,258.67
ORD2018OCT_6744,1,credit_card,2,136.6
ORD2018OCT_446,1,credit_card,1,61.1
ORD2018OCT_762,1,credit_card,2,144.99
ORD2018OCT_5322,1,credit_card,3,261.07
ORD2018OCT_5767,1,credit_card,4,46.78
ORD2018OCT_8287,1,credit_card,6,69.03
ORD2018OCT_9901,1,credit_card,6,135.18
ORD2018OCT_7716,1,credit_card,1,41.0
ORD2018OCT_6983,1,credit_card,10,137.87
ORD2018OCT_3288,1,credit_card,1,51.13
ORD2018OCT_4508,1,credit_card,4,93.39
ORD2018OCT_7016,1,boleto,1,44.24
ORD2018OCT_6848,1,credit_card,4,134.94
ORD2018OCT_8511,1,credit_card,4,136.88
ORD2018OCT_2837,1,credit_card,3,75.17
ORD2018OCT_4991,1,credit_card,8,390.63
ORD2018OCT_3843,1,debit_card,1,40.27
ORD2018OCT_5369,1,credit_card,1,108.82
ORD2018OCT_8556,1,credit_card,8,86.15
ORD2018OCT_358,1,credit_card,1,39.28
ORD2018OCT_6693,1,credit_card,5,283.2
ORD2018OCT_7345,1,boleto,1,70.0
ORD2018OCT_8394,1,credit_card,1,367.56
ORD2018OCT_2131,1,credit_card,5,271.01
ORD2018OCT_1813,1,credit_card,4,89.58
ORD2018OCT_3800,1,credit_card,2,116.36
ORD2018OCT_2201,1,credit_card,4,47.75
ORD2018OCT_9103,1,credit_card,1,97.8
ORD2018OCT_5707,1,credit_card,8,295.83
ORD2018OCT_1965,1,credit_card,8,309.89
ORD2018OCT_5127,1,credit_card,2,108.89
ORD2018OCT_9496,1,boleto,1,139.8
ORD2018OCT_9594,1,credit_card,5,51.69
ORD2018OCT_2482,1,credit_card,1,75.42
ORD2018OCT_1210,1,credit_card,5,248.84
ORD2018OCT_5697,1,credit_card,1,42.06
ORD2018OCT_6216,1,credit_card,5,319.89
ORD2018OCT_6633,1,credit_card,8,219.19
ORD2018OCT_2268,1,credit_card,1,95.51
ORD2018OCT_4229,1,credit_card,1,85.6
ORD2018OCT_2210,1,credit_card,2,349.49
ORD2018OCT_4351,1,boleto,1,414.08
ORD2018OCT_3571,1,credit_card,1,37.45
ORD2018OCT_6510,1,credit_card,4,215.14
ORD2018OCT_1602,1,credit_card,1,161.77
ORD2018OCT_6065,7,voucher,1,36.38
ORD2018OCT_1123,1,credit_card,10,137.51
ORD2018OCT_5496,1,credit_card,3,63.86
ORD2018OCT_4037,1,credit_card,4,59.14
ORD2018OCT_5218,1,boleto,1,28.8
ORD2018OCT_6156,1,credit_card,5,69.33
ORD2018OCT_8945,1,credit_card,1,39.03
ORD2018OCT_8407,1,credit_card,4,140.79
ORD2018OCT_9542,3,voucher,1,23.87
ORD2018OCT_1082,1,credit_card,1,168.8
ORD2018OCT_6693,1,credit_card,2,51.96
ORD2018OCT_2742,1,credit_card,1,35.71
ORD2018OCT_9701,1,credit_card,1,86.15
ORD2018OCT_4269,1,debit_card,1,81.43
ORD2018OCT_4150,1,credit_card,5,59.43
ORD2018OCT_3981,1,credit_card,1,85.49
ORD2018OCT_5248,1,credit_card,5,720.98
ORD2018OCT_8618,1,credit_card,5,52.07
ORD2018OCT_1049,1,credit_card,4,107.77
ORD2018OCT_6643,1,credit_card,3,35.07
ORD2018OCT_7212,1,boleto,1,27.51
ORD2018OCT_3102,1,boleto,1,58.36
ORD2018OCT_2725,1,credit_card,1,67.28
ORD2018OCT_4384,1,credit_card,1,42.44
ORD2018OCT_8483,1,credit_card,1,22.38
ORD2018OCT_9843,1,credit_card,5,332.33
ORD2018OCT_3906,2,credit_card,2,70.0
ORD2018OCT_1443,1,credit_card,2,35.09
ORD2018OCT_1402,2,voucher,1,30.0
ORD2018OCT_6238,1,credit_card,8,229.47
ORD2018OCT_1101,1,credit_card,7,163.07
ORD2018OCT_683,1,boleto,1,65.35
ORD2018OCT_7338,1,boleto,1,378.74
ORD2018OCT_2567,1,credit_card,2,48.62
ORD2018OCT_2948,1,credit_card,1,127.92
ORD2018OCT_9328,1,boleto,1,26.38
ORD2018OCT_7144,1,credit_card,1,36.69
ORD2018OCT_2900,1,boleto,1,55.13
ORD2018OCT_559,1,credit_card,2,467.8
ORD2018OCT_8787,1,credit_card,3,79.1
ORD2018OCT_6888,1,boleto,1,49.34
ORD2018OCT_9042,1,credit_card,2,118.7
ORD2018OCT_8343,3,voucher,1,16.81
ORD2018OCT_8669,2,voucher,1,38.14
ORD2018OCT_1253,1,credit_card,3,204.92
ORD2018OCT_6701,1,credit_card,1,244.95
ORD2018OCT_9909,1,credit_card,2,116.94
ORD2018OCT_5440,1,credit_card,3,134.12
ORD2018OCT_43,1,credit_card,6,665.59
ORD2018OCT_7102,1,boleto,1,41.78
ORD2018OCT_391,1,credit_card,5,109.42
ORD2018OCT_5592,1,credit_card,4,125.53
ORD2018OCT_4123,1,credit_card,4,781.51
ORD2018OCT_5040,1,credit_card,9,98.13
ORD2018OCT_4857,1,credit_card,4,145.94
ORD2018OCT_9259,1,credit_card,8,340.0
ORD2018OCT_11,1,credit_card,1,71.04
ORD2018OCT_6783,1,credit_card,2,55.85
ORD2018OCT_1720,1,credit_card,3,353.76
ORD2018OCT_8813,1,credit_card,1,166.39
ORD2018OCT_310,1,credit_card,2,45.0
ORD2018OCT_2459,1,credit_card,2,36.78
ORD2018OCT_3659,1,boleto,1,110.02
ORD2018OCT_6641,1,boleto,1,73.43
ORD2018OCT_1278,1,boleto,1,47.87
ORD2018OCT_3716,1,credit_card,2,138.14
ORD2018OCT_8031,1,credit_card,1,84.49
ORD2018OCT_9110,1,credit_card,3,68.52
ORD2018OCT_3349,1,boleto,1,630.44
ORD2018OCT_9521,1,credit_card,3,36.78
ORD2018OCT_1432,1,credit_card,6,60.63
ORD2018OCT_6501,1,credit_card,4,79.66
ORD2018OCT_1513,1,credit_card,1,27.81
ORD2018OCT_1843,1,credit_card,6,114.35
ORD2018OCT_6777,1,credit_card,10,192.61
ORD2018OCT_2968,1,boleto,1,72.15
ORD2018OCT_8549,1,credit_card,3,61.63
ORD2018OCT_6337,1,credit_card,1,44.69
ORD2018OCT_3802,1,credit_card,4,320.87
ORD2018OCT_8427,1,boleto,1,57.62
ORD2018OCT_4097,1,credit_card,4,76.08
ORD2018OCT_7067,1,boleto,1,126.67
ORD2018OCT_4544,1,credit_card,4,88.72
ORD2018OCT_6606,1,boleto,1,22.7
ORD2018OCT_6966,1,credit_card,6,168.29
ORD2018OCT_876,1,credit_card,3,102.96
ORD2018OCT_8742,1,boleto,1,28.75
ORD2018OCT_2751,1,credit_card,1,37.15
ORD2018OCT_6571,1,credit_card,6,400.64
ORD2018OCT_3858,1,credit_card,1,37.9
ORD2018OCT_8663,1,credit_card,1,252.38
ORD2018OCT_9178,1,credit_card,2,51.95
ORD2018OCT_4161,1,credit_card,1,123.57
ORD2018OCT_3757,1,boleto,1,42.58
ORD2018OCT_5394,1,credit_card,1,474.99
ORD2018OCT_3643,1,credit_card,4,411.6
ORD2018OCT_4533,1,credit_card,1,63.51
ORD2018OCT_1258,1,boleto,1,349.01
ORD2018OCT_2737,1,credit_card,3,72.85
ORD2018OCT_7948,1,credit_card,1,26.38
ORD2018OCT_6679,1,credit_card,2,55.63
ORD2018OCT_7707,1,credit_card,7,1077.41
ORD2018OCT_9088,1,credit_card,2,132.04
ORD2018OCT_1393,1,credit_card,5,215.14
ORD2018OCT_5145,1,credit_card,2,220.04
ORD2018OCT_3336,2,voucher,1,20.0
ORD2018OCT_9633,1,boleto,1,298.99
ORD2018OCT_3418,1,credit_card,4,172.55
ORD2018OCT_409,1,credit_card,3,330.13
ORD2018OCT_8860,1,boleto,1,67.95
ORD2018OCT_9293,4,voucher,1,9.12
ORD2018OCT_4660,1,credit_card,2,24.35
ORD2018OCT_7780,1,credit_card,4,101.26
ORD2018OCT_2333,1,credit_card,1,86.18
ORD2018OCT_3813,1,credit_card,4,92.62
ORD2018OCT_7412,1,credit_card,5,110.0
ORD2018OCT_1879,1,boleto,1,69.77
ORD2018OCT_6797,1,credit_card,1,102.08
ORD2018OCT_607,1,credit_card,3,112.49
ORD2018OCT_1413,1,boleto,1,45.09
ORD2018OCT_9667,1,voucher,1,65.77
ORD2018OCT_6687,1,credit_card,4,45.12
ORD2018OCT_4001,5,voucher,1,18.75
ORD2018OCT_6216,1,credit_card,3,392.02
ORD2018OCT_2472,1,credit_card,1,74.16
ORD2018OCT_3082,1,credit_card,1,0.07
ORD2018OCT_209,1,credit_card,8,141.9
ORD2018OCT_4571,1,credit_card,6,354.76
ORD2018OCT_8337,1,credit_card,1,93.78
ORD2018OCT_4425,1,credit_card,10,218.66
ORD2018OCT_4511,1,boleto,1,52.37
ORD2018OCT_9045,1,credit_card,8,388.25
ORD2018OCT_3308,1,credit_card,2,80.6
ORD2018OCT_3295,1,credit_card,2,104.76
ORD2018OCT_2590,1,credit_card,2,144.01
ORD2018OCT_6917,1,credit_card,4,197.22
ORD2018OCT_3769,1,credit_card,2,125.5
ORD2018OCT_6830,1,credit_card,3,163.61
ORD2018OCT_5679,1,credit_card,1,1.48
ORD2018OCT_8845,1,credit_card,2,62.16
ORD2018OCT_3586,2,voucher,1,50.0
ORD2018OCT_8522,1,boleto,1,218.28
ORD2018OCT_5923,1,credit_card,1,81.6
ORD2018OCT_7569,1,credit_card,4,130.68
ORD2018OCT_6173,1,credit_card,1,33.01
ORD2018OCT_1178,1,credit_card,8,186.85
ORD2018OCT_4074,1,boleto,1,56.39
ORD2018OCT_7931,1,credit_card,8,921.05
ORD2018OCT_3488,1,credit_card,6,159.62
ORD2018OCT_641,1,credit_card,1,43.07
ORD2018OCT_1762,1,credit_card,1,62.82
ORD2018OCT_6596,1,boleto,1,27.8
ORD2018OCT_5924,1,credit_card,3,129.22
ORD2018OCT_1983,1,credit_card,5,69.41
ORD2018OCT_4482,1,boleto,1,363.74
ORD2018OCT_3854,1,boleto,1,64.59
ORD2018OCT_3143,1,credit_card,4,185.69
ORD2018OCT_2462,1,credit_card,10,227.27
ORD2018OCT_5148,1,credit_card,1,44.29
ORD2018OCT_9331,1,credit_card,3,80.94
ORD2018OCT_1303,1,boleto,1,92.4
ORD2018OCT_2875,1,credit_card,3,264.84
ORD2018OCT_1617,1,credit_card,8,732.85
ORD2018OCT_9524,1,credit_card,8,168.6
ORD2018OCT_9494,1,boleto,1,67.72
ORD2018OCT_1145,1,credit_card,1,59.41
ORD2018OCT_4358,1,boleto,1,67.36
ORD2018OCT_9582,1,boleto,1,360.36
ORD2018OCT_748,1,credit_card,1,63.0
ORD2018OCT_1241,1,credit_card,2,145.9
ORD2018OCT_9028,1,credit_card,2,41.87
ORD2018OCT_2632,1,boleto,1,42.4
ORD2018OCT_6395,1,credit_card,2,140.24
ORD2018OCT_4475,1,credit_card,2,138.6
ORD2018OCT_667,1,credit_card,1,20.29
ORD2018OCT_6598,1,boleto,1,54.0
ORD2018OCT_6067,1,credit_card,2,135.08
ORD2018OCT_117,1,boleto,1,73.86
ORD2018OCT_9821,1,credit_card,1,98.29
ORD2018OCT_7557,1,credit_card,1,177.44
ORD2018OCT_9099,1,boleto,1,85.81
ORD2018OCT_9015,1,boleto,1,86.78
ORD2018OCT_8435,1,boleto,1,93.28
ORD2018OCT_8747,1,credit_card,8,232.54
ORD2018OCT_8868,1,credit_card,3,52.29
ORD2018OCT_5226,1,credit_card,2,47.77
ORD2018OCT_8664,1,credit_card,4,135.2
ORD2018OCT_5667,1,credit_card,2,303.87
ORD2018OCT_8985,1,credit_card,1,44.09
ORD2018OCT_9735,1,credit_card,4,48.72
ORD2018OCT_3602,1,credit_card,8,490.1
ORD2018OCT_4760,1,credit_card,5,74.49
ORD2018OCT_2201,8,voucher,1,0.85
ORD2018OCT_9888,1,credit_card,1,57.69
ORD2018OCT_2455,1,credit_card,1,32.69
ORD2018OCT_1035,1,credit_card,1,77.89
ORD2018OCT_3134,1,boleto,1,166.73
ORD2018OCT_6190,1,boleto,1,218.35
ORD2018OCT_7964,2,credit_card,1,18.27
ORD2018OCT_3977,1,credit_card,1,144.49
ORD2018OCT_1990,1,boleto,1,73.4
ORD2018OCT_7378,1,credit_card,2,125.58
ORD2018OCT_8429,1,boleto,1,81.63
ORD2018OCT_4745,1,boleto,1,71.49
ORD2018OCT_1980,1,credit_card,5,76.69
ORD2018OCT_721,1,credit_card,1,100.54
ORD2018OCT_7787,1,credit_card,2,79.16
ORD2018OCT_272,1,credit_card,7,164.79
ORD2018OCT_8570,1,credit_card,1,2384.5
ORD2018OCT_1081,1,credit_card,6,65.71
ORD2018OCT_7803,1,credit_card,2,58.09
ORD2018OCT_1849,1,credit_card,7,73.64
ORD2018OCT_2060,1,credit_card,1,75.38
ORD2018OCT_6595,1,boleto,1,202.56
ORD2018OCT_7433,1,credit_card,2,66.1
ORD2018OCT_1866,1,boleto,1,63.6
ORD2018OCT_4217,1,credit_card,1,132.46
ORD2018OCT_2641,1,boleto,1,33.34
ORD2018OCT_8819,1,debit_card,1,75.46
ORD2018OCT_7504,1,boleto,1,187.2
ORD2018OCT_662,1,credit_card,7,74.49
ORD2018OCT_7931,1,credit_card,3,46.23
ORD2018OCT_2751,1,credit_card,3,126.45
ORD2018OCT_9809,1,credit_card,6,126.43
ORD2018OCT_8888,1,credit_card,10,123.38
ORD2018OCT_9034,1,credit_card,3,133.14
ORD2018OCT_9381,1,boleto,1,197.95
ORD2018OCT_1154,1,credit_card,6,105.28
ORD2018OCT_4128,1,credit_card,1,52.91
ORD2018OCT_649,1,credit_card,2,47.6
ORD2018OCT_3457,1,credit_card,2,48.17
ORD2018OCT_9155,1,boleto,1,121.84
ORD2018OCT_7801,1,boleto,1,39.22
ORD2018OCT_8823,1,credit_card,2,141.0
ORD2018OCT_3203,1,credit_card,3,237.98
ORD2018OCT_8874,1,boleto,1,70.16
ORD2018OCT_7268,1,credit_card,1,29.44
ORD2018OCT_3815,1,voucher,1,49.42
ORD2018OCT_7023,1,credit_card,1,40.15
ORD2018OCT_7747,1,credit_card,1,66.1
ORD2018OCT_6239,1,credit_card,1,33.22
ORD2018OCT_5807,1,credit_card,8,188.5
ORD2018OCT_9379,1,boleto,1,68.96
ORD2018OCT_2169,1,boleto,1,139.91
ORD2018OCT_7916,1,credit_card,10,249.84
ORD2018OCT_4414,1,credit_card,2,196.61
ORD2018OCT_4904,1,credit_card,3,178.36
ORD2018OCT_9044,1,credit_card,2,101.12
ORD2018OCT_2978,1,credit_card,1,325.41
ORD2018OCT_4901,1,boleto,1,91.23
ORD2018OCT_9822,2,voucher,1,44.2
ORD2018OCT_5580,1,credit_card,10,644.54
ORD2018OCT_4657,1,credit_card,6,77.69
ORD2018OCT_3227,1,credit_card,3,32.05
ORD2018OCT_6857,1,credit_card,2,72.05
ORD2018OCT_2128,1,credit_card,5,51.84
ORD2018OCT_4098,1,boleto,1,323.44
ORD2018OCT_1891,1,credit_card,8,240.6
ORD2018OCT_7111,4,voucher,1,0.0
ORD2018OCT_9744,1,boleto,1,129.98
ORD2018OCT_8881,1,credit_card,1,73.15
ORD2018OCT_2416,1,credit_card,1,631.41
ORD2018OCT_4874,1,credit_card,1,37.77
ORD2018OCT_9678,1,credit_card,6,62.06
ORD2018OCT_858,1,credit_card,3,174.11
ORD2018OCT_1497,1,credit_card,1,114.27
ORD2018OCT_4276,1,boleto,1,128.89
ORD2018OCT_13,1,credit_card,1,33.51
ORD2018OCT_7543,1,credit_card,6,232.54
ORD2018OCT_9114,1,credit_card,7,154.12
ORD2018OCT_7430,1,credit_card,6,62.7
ORD2018OCT_7650,1,credit_card,10,811.7
ORD2018OCT_76,1,credit_card,1,28.22
ORD2018OCT_3085,1,credit_card,3,114.66
ORD2018OCT_9627,1,credit_card,1,81.61
ORD2018OCT_5398,1,boleto,1,335.61
ORD2018OCT_9320,1,boleto,1,805.95
ORD2018OCT_6367,1,credit_card,2,208.51
ORD2018OCT_4350,1,credit_card,1,172.0
ORD2018OCT_9889,1,credit_card,8,158.36
ORD2018OCT_462,1,credit_card,5,56.39
ORD2018OCT_5746,1,credit_card,4,233.93
ORD2018OCT_3395,1,credit_card,4,84.87
ORD2018OCT_3837,1,credit_card,9,92.57
ORD2018OCT_4245,1,boleto,1,19.26
ORD2018OCT_2540,1,credit_card,5,163.34
ORD2018OCT_2022,1,credit_card,1,237.3
ORD2018OCT_3939,1,credit_card,1,27.15
ORD2018OCT_3813,1,credit_card,2,160.81
ORD2018OCT_4142,1,credit_card,8,149.26
ORD2018OCT_6195,1,credit_card,2,93.61
ORD2018OCT_4711,1,credit_card,2,185.55
ORD2018OCT_4060,1,credit_card,4,219.44
ORD2018OCT_9608,1,credit_card,3,108.7
ORD2018OCT_8585,1,boleto,1,167.02
ORD2018OCT_7992,1,credit_card,8,301.77
ORD2018OCT_750,1,credit_card,2,35.19
ORD2018OCT_6430,1,boleto,1,118.68
ORD2018OCT_2386,1,credit_card,10,241.18
ORD2018OCT_6684,1,boleto,1,257.37
ORD2018OCT_56,1,credit_card,2,147.15
ORD2018OCT_9139,1,credit_card,5,50.68
ORD2018OCT_9905,1,credit_card,1,33.71
ORD2018OCT_4864,1,credit_card,3,186.49
ORD2018OCT_9244,1,credit_card,2,53.58
ORD2018OCT_6937,1,boleto,1,47.0
ORD2018OCT_1530,1,credit_card,2,110.7
ORD2018OCT_1491,1,credit_card,1,29.77
ORD2018OCT_1756,1,credit_card,8,150.44
ORD2018OCT_8981,1,credit_card,7,73.2
ORD2018OCT_7664,1,credit_card,3,171.32
ORD2018OCT_2825,1,credit_card,5,82.43
ORD2018OCT_4270,1,credit_card,4,107.08
ORD2018OCT_4746,1,credit_card,2,68.13
ORD2018OCT_7380,4,voucher,1,16.72
ORD2018OCT_4398,1,credit_card,1,54.0
ORD2018OCT_7707,1,credit_card,2,142.27
ORD2018OCT_6736,1,credit_card,10,530.17
ORD2018OCT_6369,1,credit_card,1,32.79
ORD2018OCT_8752,1,credit_card,1,148.72
ORD2018OCT_8581,1,boleto,1,202.12
ORD2018OCT_8686,1,voucher,1,88.33
ORD2018OCT_9315,1,credit_card,5,95.45
ORD2018OCT_8199,1,credit_card,2,58.98
ORD2018OCT_1461,1,credit_card,1,169.98
ORD2018OCT_430,1,credit_card,6,470.42
ORD2018OCT_6554,1,boleto,1,158.2
ORD2018OCT_9211,1,credit_card,4,212.38
ORD2018OCT_6305,1,credit_card,1,140.22
ORD2018OCT_3340,1,boleto,1,105.28
ORD2018OCT_6225,1,boleto,1,49.4
ORD2018OCT_6799,1,credit_card,4,80.89
ORD2018OCT_5531,1,boleto,1,51.24
ORD2018OCT_5130,1,credit_card,8,83.57
ORD2018OCT_3552,1,credit_card,3,348.98
ORD2018OCT_4786,1,credit_card,1,141.23
ORD2018OCT_7428,1,credit_card,8,222.1
ORD2018OCT_3337,1,credit_card,1,57.29
ORD2018OCT_9602,1,boleto,1,336.56
ORD2018OCT_2099,1,boleto,1,61.16
ORD2018OCT_5442,1,credit_card,5,275.56
ORD2018OCT_3054,1,credit_card,1,56.09
ORD2018OCT_6945,1,credit_card,1,69.73
ORD2018OCT_3082,1,credit_card,5,59.51
ORD2018OCT_9113,1,credit_card,5,55.0
ORD2018OCT_3929,1,boleto,1,87.38
ORD2018OCT_5818,2,voucher,1,15.6
ORD2018OCT_9365,1,credit_card,1,77.99
ORD2018OCT_4601,1,credit_card,1,24.94
ORD2018OCT_6441,1,credit_card,4,49.77
ORD2018OCT_5220,1,credit_card,1,120.09
ORD2018OCT_61,1,credit_card,1,288.08
ORD2018OCT_7838,1,boleto,1,263.47
ORD2018OCT_4753,1,credit_card,6,236.65
ORD2018OCT_9841,1,boleto,1,270.55
ORD2018OCT_5994,1,credit_card,1,57.68
ORD2018OCT_3695,1,credit_card,2,143.49
ORD2018OCT_5781,1,credit_card,1,174.19
ORD2018OCT_8197,1,credit_card,1,61.11
ORD2018OCT_4638,1,debit_card,1,85.45
ORD2018OCT_3522,1,boleto,1,216.07
ORD2018OCT_1852,1,credit_card,1,189.37
ORD2018OCT_6860,1,credit_card,1,76.19
ORD2018OCT_3305,1,credit_card,1,69.93
ORD2018OCT_3942,1,boleto,1,69.9
ORD2018OCT_3419,1,credit_card,1,5.42
ORD2018OCT_3491,1,credit_card,1,188.04
ORD2018OCT_8695,1,credit_card,1,111.61
ORD2018OCT_8212,1,credit_card,1,128.88
ORD2018OCT_849,1,credit_card,1,230.64
ORD2018OCT_3077,1,boleto,1,473.83
ORD2018OCT_745,1,credit_card,3,71.53
ORD2018OCT_12,1,debit_card,1,64.62
ORD2018OCT_3195,1,credit_card,1,62.33
ORD2018OCT_6888,1,credit_card,1,97.36
ORD2018OCT_1868,1,credit_card,3,40.1
ORD2018OCT_6743,1,credit_card,1,24.14
ORD2018OCT_8105,1,boleto,1,160.37
ORD2018OCT_8086,1,credit_card,1,32.63
ORD2018OCT_4515,1,credit_card,1,90.05
ORD2018OCT_7926,1,boleto,1,69.12
ORD2018OCT_5359,1,boleto,1,80.89
ORD2018OCT_604,1,credit_card,10,201.96
ORD2018OCT_7620,1,credit_card,10,188.72
ORD2018OCT_6903,1,credit_card,10,448.32
ORD2018OCT_2070,1,credit_card,3,89.65
ORD2018OCT_6780,1,boleto,1,88.91
ORD2018OCT_4151,2,voucher,1,42.72
ORD2018OCT_3280,1,credit_card,1,21.77
ORD2018OCT_3062,1,credit_card,10,119.57
ORD2018OCT_5963,1,credit_card,4,103.07
ORD2018OCT_8077,1,boleto,1,206.07
ORD2018OCT_9032,1,credit_card,2,134.8
ORD2018OCT_5074,1,credit_card,2,51.01
ORD2018OCT_8416,1,boleto,1,233.66
ORD2018OCT_9630,1,credit_card,6,1978.18
ORD2018OCT_7867,1,credit_card,7,265.04
ORD2018OCT_7093,1,credit_card,6,192.35
ORD2018OCT_4011,1,credit_card,3,165.96
ORD2018OCT_1742,1,boleto,1,179.83
ORD2018OCT_5186,1,credit_card,1,46.29
ORD2018OCT_8955,1,voucher,1,52.24
ORD2018OCT_9343,1,voucher,1,126.92
ORD2018OCT_1570,1,credit_card,8,105.87
ORD2018OCT_4051,1,boleto,1,203.08
ORD2018OCT_7322,1,credit_card,10,2818.74
ORD2018OCT_8002,1,credit_card,4,203.69
ORD2018OCT_2421,1,credit_card,3,72.34
ORD2018OCT_7193,1,credit_card,3,32.38
ORD2018OCT_9270,1,credit_card,1,278.91
ORD2018OCT_5,1,credit_card,1,82.09
ORD2018OCT_8705,1,credit_card,2,29.33
ORD2018OCT_2853,1,credit_card,8,2028.65
ORD2018OCT_722,1,credit_card,1,58.69
ORD2018OCT_8708,1,credit_card,3,166.9
ORD2018OCT_4328,1,credit_card,1,74.1
ORD2018OCT_9385,2,voucher,1,9.78
ORD2018OCT_8733,1,credit_card,1,60.23
ORD2018OCT_2123,3,voucher,1,30.0
ORD2018OCT_7638,1,credit_card,2,106.97
ORD2018OCT_8211,1,credit_card,3,37.28
ORD2018OCT_6759,1,credit_card,2,94.74
ORD2018OCT_2202,1,credit_card,1,96.47
ORD2018OCT_6674,1,credit_card,1,163.68
ORD2018OCT_8671,1,boleto,1,220.04
ORD2018OCT_1380,1,credit_card,4,203.81
ORD2018OCT_4126,1,boleto,1,55.0
ORD2018OCT_6516,1,credit_card,1,24.38
ORD2018OCT_240,1,credit_card,1,45.01
ORD2018OCT_4219,1,boleto,1,55.82
ORD2018OCT_5600,1,boleto,1,47.0
ORD2018OCT_2708,1,debit_card,1,69.44
ORD2018OCT_5994,1,credit_card,8,323.91
ORD2018OCT_9471,1,credit_card,1,285.68
ORD2018OCT_3234,1,credit_card,1,48.19
ORD2018OCT_7792,1,credit_card,1,27.29
ORD2018OCT_6349,1,credit_card,1,13.87
ORD2018OCT_8742,1,credit_card,1,80.98
ORD2018OCT_5450,1,credit_card,3,108.81
ORD2018OCT_8247,1,credit_card,2,29.84
ORD2018OCT_4482,12,voucher,1,1.47
ORD2018OCT_5674,1,credit_card,8,1755.21
ORD2018OCT_158,1,credit_card,8,570.94
ORD2018OCT_1747,1,boleto,1,63.39
ORD2018OCT_4030,1,credit_card,1,86.37
ORD2018OCT_6278,1,voucher,1,309.98
ORD2018OCT_768,1,credit_card,2,312.06
ORD2018OCT_1257,1,credit_card,1,133.06
ORD2018OCT_6754,1,credit_card,6,144.12
ORD2018OCT_6745,1,credit_card,7,234.46
ORD2018OCT_2228,1,credit_card,2,61.23
ORD2018OCT_4041,4,voucher,1,8.46
ORD2018OCT_9192,1,credit_card,1,200.0
ORD2018OCT_771,1,credit_card,4,89.08
ORD2018OCT_6335,1,credit_card,2,48.01
ORD2018OCT_4892,1,debit_card,1,203.53
ORD2018OCT_3482,1,credit_card,2,148.39
ORD2018OCT_300,1,credit_card,10,227.27
ORD2018OCT_6764,1,boleto,1,43.0
ORD2018OCT_2587,1,credit_card,2,114.7
ORD2018OCT_4863,1,debit_card,1,285.98
ORD2018OCT_399,1,credit_card,2,200.82
ORD2018OCT_9556,2,voucher,1,207.45
ORD2018OCT_1903,1,boleto,1,113.03
ORD2018OCT_665,1,credit_card,10,523.72
ORD2018OCT_7520,1,boleto,1,133.69
ORD2018OCT_2794,6,voucher,1,50.0
ORD2018OCT_2917,1,credit_card,5,127.53
ORD2018OCT_879,1,boleto,1,67.13
ORD2018OCT_9162,1,credit_card,6,159.02
ORD2018OCT_324,1,boleto,1,123.03
ORD2018OCT_4689,1,credit_card,1,49.22
ORD2018OCT_4217,1,credit_card,2,191.68
ORD2018OCT_7753,1,credit_card,1,118.67
ORD2018OCT_605,1,credit_card,1,32.69
ORD2018OCT_2418,1,voucher,1,145.65
ORD2018OCT_1431,1,credit_card,4,114.04
ORD2018OCT_3744,1,boleto,1,56.78
ORD2018OCT_9146,1,credit_card,10,152.72
ORD2018OCT_3972,1,credit_card,3,300.49
ORD2018OCT_829,1,credit_card,1,56.78
ORD2018OCT_822,1,boleto,1,186.47
ORD2018OCT_8890,1,credit_card,3,96.57
ORD2018OCT_9238,1,credit_card,1,60.09
ORD2018OCT_8260,1,debit_card,1,52.58
ORD2018OCT_9540,1,boleto,1,205.68
ORD2018OCT_3616,1,credit_card,2,170.19
ORD2018OCT_1648,1,voucher,1,207.2
ORD2018OCT_7424,1,boleto,1,134.6
ORD2018OCT_1181,1,credit_card,1,72.14
ORD2018OCT_450,1,credit_card,3,96.22
ORD2018OCT_4014,1,boleto,1,160.3
ORD2018OCT_4330,1,credit_card,10,380.94
ORD2018OCT_3110,1,credit_card,1,63.13
ORD2018OCT_6566,1,credit_card,4,116.58
ORD2018OCT_37,1,credit_card,2,106.9
ORD2018OCT_4234,1,boleto,1,25.17
ORD2018OCT_3040,1,boleto,1,116.45
ORD2018OCT_9450,1,boleto,1,147.8
ORD2018OCT_7054,1,credit_card,8,115.36
ORD2018OCT_791,1,debit_card,1,24.77
ORD2018OCT_2643,1,credit_card,2,189.37
ORD2018OCT_9446,1,credit_card,1,31.38
ORD2018OCT_943,1,credit_card,2,305.3
ORD2018OCT_7812,1,boleto,1,55.28
ORD2018OCT_3655,1,boleto,1,105.37
ORD2018OCT_7715,1,credit_card,2,35.45
ORD2018OCT_4106,1,credit_card,1,42.66
ORD2018OCT_3230,1,credit_card,4,208.81
ORD2018OCT_3694,2,voucher,1,21.66
ORD2018OCT_8095,1,credit_card,1,116.36
ORD2018OCT_6620,1,credit_card,1,35.36
ORD2018OCT_2338,1,boleto,1,187.47
ORD2018OCT_1057,1,credit_card,2,275.97
ORD2018OCT_6869,1,boleto,1,62.53
ORD2018OCT_7001,1,credit_card,1,24.09
ORD2018OCT_8696,1,boleto,1,42.68
ORD2018OCT_562,1,credit_card,5,121.78
ORD2018OCT_4126,1,credit_card,2,116.61
ORD2018OCT_4830,1,credit_card,1,77.82
ORD2018OCT_6294,1,credit_card,3,124.99
ORD2018OCT_2117,1,credit_card,1,14.08
ORD2018OCT_835,1,credit_card,2,267.01
ORD2018OCT_935,1,boleto,1,72.76
ORD2018OCT_1704,1,credit_card,2,113.8
ORD2018OCT_842,1,credit_card,3,215.54
ORD2018OCT_2060,1,credit_card,1,241.25
ORD2018OCT_6239,1,credit_card,1,73.51
ORD2018OCT_583,1,credit_card,8,610.89
ORD2018OCT_4866,1,credit_card,1,45.09
ORD2018OCT_2393,1,boleto,1,105.38
ORD2018OCT_6988,1,credit_card,5,92.5
ORD2018OCT_2943,1,credit_card,2,189.19
ORD2018OCT_9333,1,credit_card,1,142.48
ORD2018OCT_2506,1,credit_card,5,1679.63
ORD2018OCT_8021,1,credit_card,4,47.58
ORD2018OCT_253,1,credit_card,2,144.65
ORD2018OCT_5417,1,credit_card,15,290.86
ORD2018OCT_6280,1,credit_card,3,180.86
ORD2018OCT_8933,1,credit_card,1,36.72
ORD2018OCT_590,1,boleto,1,18.62
ORD2018OCT_9623,1,credit_card,3,94.31
ORD2018OCT_7188,1,credit_card,10,188.2
ORD2018OCT_4306,1,credit_card,8,651.84
ORD2018OCT_7581,1,credit_card,1,64.02
ORD2018OCT_2351,1,credit_card,1,45.0
ORD2018OCT_7745,1,boleto,1,42.4
ORD2018OCT_1540,1,credit_card,3,175.82
ORD2018OCT_202,1,credit_card,2,66.99
ORD2018OCT_9273,1,boleto,1,27.23
ORD2018OCT_7042,1,credit_card,4,106.76
ORD2018OCT_4619,1,credit_card,1,35.01
ORD2018OCT_186,1,credit_card,2,237.16
ORD2018OCT_5652,1,boleto,1,76.18
ORD2018OCT_2534,1,credit_card,3,87.58
ORD2018OCT_3802,1,credit_card,9,97.2
ORD2018OCT_6727,1,credit_card,10,107.85
ORD2018OCT_8754,1,credit_card,1,60.95
ORD2018OCT_4594,1,credit_card,5,125.33
ORD2018OCT_3880,1,credit_card,1,67.05
ORD2018OCT_5433,1,credit_card,2,116.24
ORD2018OCT_7332,1,boleto,1,128.54
ORD2018OCT_2402,1,debit_card,1,160.22
ORD2018OCT_1416,1,credit_card,10,248.84
ORD2018OCT_8191,1,credit_card,5,121.7
ORD2018OCT_5173,1,credit_card,8,86.15
ORD2018OCT_6190,1,credit_card,2,252.11
ORD2018OCT_6858,1,credit_card,3,135.15
ORD2018OCT_6170,1,credit_card,3,78.19
ORD2018OCT_1592,1,boleto,1,47.45
ORD2018OCT_6920,1,credit_card,10,256.92
ORD2018OCT_1203,1,credit_card,5,106.38
ORD2018OCT_6156,1,credit_card,7,115.06
ORD2018OCT_3016,1,credit_card,10,167.9
ORD2018OCT_1204,1,credit_card,4,108.72
ORD2018OCT_5471,1,boleto,1,251.16
ORD2018OCT_1303,1,credit_card,1,44.0
ORD2018OCT_6950,1,credit_card,8,246.81
ORD2018OCT_3689,1,credit_card,10,188.45
ORD2018OCT_5790,1,boleto,1,138.95
ORD2018OCT_7203,1,credit_card,4,80.27
ORD2018OCT_4700,1,boleto,1,124.42
ORD2018OCT_7061,1,debit_card,1,216.15
ORD2018OCT_5514,1,boleto,1,196.19
ORD2018OCT_1019,1,credit_card,5,172.16
ORD2018OCT_9842,1,boleto,1,340.03
ORD2018OCT_2086,1,credit_card,3,115.35
ORD2018OCT_4717,1,boleto,1,245.84
ORD2018OCT_2360,1,credit_card,3,124.52
ORD2018OCT_217,1,credit_card,3,99.9
ORD2018OCT_5531,1,credit_card,5,110.42
ORD2018OCT_7018,1,boleto,1,133.19
ORD2018OCT_2741,1,credit_card,3,86.15
ORD2018OCT_8613,1,boleto,1,52.62
ORD2018OCT_810,1,boleto,1,81.5
ORD2018OCT_6681,1,boleto,1,175.56
ORD2018OCT_242,1,credit_card,4,87.46
ORD2018OCT_8029,1,credit_card,4,626.76
ORD2018OCT_5275,1,credit_card,1,3.22
ORD2018OCT_8627,1,credit_card,4,278.38
ORD2018OCT_9764,1,credit_card,2,52.59
ORD2018OCT_4165,1,credit_card,1,183.62
ORD2018OCT_5963,1,credit_card,5,125.08
ORD2018OCT_6358,2,voucher,1,2.61
ORD2018OCT_9573,1,credit_card,3,154.04
ORD2018OCT_7952,1,boleto,1,569.61
ORD2018OCT_1024,1,boleto,1,193.14
ORD2018OCT_3241,1,voucher,1,39.47
ORD2018OCT_3750,1,credit_card,9,138.98
ORD2018OCT_6025,1,credit_card,1,164.63
ORD2018OCT_448,1,credit_card,7,415.62
ORD2018OCT_8057,3,voucher,1,5.55
ORD2018OCT_9196,1,boleto,1,59.0
ORD2018OCT_1107,1,boleto,1,88.2
ORD2018OCT_8340,1,credit_card,1,328.61
ORD2018OCT_4555,1,credit_card,4,47.77
ORD2018OCT_5419,1,credit_card,8,323.68
ORD2018OCT_2981,1,credit_card,2,147.15
ORD2018OCT_5904,1,credit_card,3,115.31
ORD2018OCT_8296,1,credit_card,1,19.64
ORD2018OCT_1266,1,credit_card,1,47.61
ORD2018OCT_9015,1,credit_card,1,25.5
ORD2018OCT_9638,1,credit_card,2,296.61
ORD2018OCT_2586,1,boleto,1,202.82
ORD2018OCT_9322,1,credit_card,6,64.98
ORD2018OCT_2406,1,credit_card,24,345.39
ORD2018OCT_2145,1,credit_card,6,118.92
ORD2018OCT_9350,1,credit_card,1,96.1
ORD2018OCT_2041,1,credit_card,1,132.84
ORD2018OCT_1471,1,credit_card,10,610.72
ORD2018OCT_3113,1,credit_card,2,271.24
ORD2018OCT_1470,1,credit_card,3,110.55
ORD2018OCT_8027,1,credit_card,3,67.15
ORD2018OCT_4685,1,credit_card,7,75.46
ORD2018OCT_6257,1,credit_card,2,102.13
ORD2018OCT_8596,1,credit_card,3,36.39
ORD2018OCT_2774,1,credit_card,2,73.08
ORD2018OCT_728,1,boleto,1,219.72
ORD2018OCT_2446,1,credit_card,3,79.95
ORD2018OCT_8389,1,boleto,1,65.83
ORD2018OCT_3726,1,boleto,1,87.05
ORD2018OCT_1084,1,credit_card,5,246.79
ORD2018OCT_4773,1,credit_card,4,136.01
ORD2018OCT_8324,1,credit_card,1,27.68
ORD2018OCT_9459,1,boleto,1,222.0
ORD2018OCT_6931,1,credit_card,8,307.96
ORD2018OCT_6018,1,credit_card,1,98.25
ORD2018OCT_2048,1,boleto,1,38.09
ORD2018OCT_2698,1,credit_card,2,73.12
ORD2018OCT_290,1,credit_card,5,109.41
ORD2018OCT_9480,1,credit_card,3,96.88
ORD2018OCT_6771,2,voucher,1,130.32
ORD2018OCT_1517,1,voucher,1,45.01
ORD2018OCT_3998,1,credit_card,8,114.17
ORD2018OCT_819,1,credit_card,4,45.09
ORD2018OCT_5679,1,boleto,1,46.82
ORD2018OCT_9277,1,boleto,1,149.23
ORD2018OCT_7407,1,credit_card,1,54.22
ORD2018OCT_6413,1,credit_card,6,66.67
ORD2018OCT_5683,1,boleto,1,38.69
ORD2018OCT_7265,1,credit_card,1,94.31
ORD2018OCT_1406,1,credit_card,1,63.33
ORD2018OCT_8310,1,boleto,1,147.15
ORD2018OCT_8971,1,credit_card,6,167.48
ORD2018OCT_5924,1,boleto,1,127.99
ORD2018OCT_1244,1,credit_card,1,88.5
ORD2018OCT_4163,1,credit_card,5,119.48
ORD2018OCT_7586,1,boleto,1,531.45
ORD2018OCT_8383,1,credit_card,3,37.89
ORD2018OCT_8719,1,debit_card,1,70.03
ORD2018OCT_8713,1,credit_card,1,41.75
ORD2018OCT_1205,1,boleto,1,748.34
ORD2018OCT_8321,1,boleto,1,73.4
ORD2018OCT_6411,1,boleto,1,72.74
ORD2018OCT_5287,1,voucher,1,42.11
ORD2018OCT_3586,2,voucher,1,30.0
ORD2018OCT_3160,1,credit_card,1,94.43
ORD2018OCT_5295,1,credit_card,1,39.21
ORD2018OCT_5497,1,credit_card,6,64.61
ORD2018OCT_5241,1,credit_card,1,189.66
ORD2018OCT_9250,1,credit_card,9,450.53
ORD2018OCT_5996,2,voucher,1,50.0
ORD2018OCT_2438,1,boleto,1,93.9
ORD2018OCT_6700,1,credit_card,1,66.89
ORD2018OCT_7466,1,credit_card,4,120.27
ORD2018OCT_3439,1,credit_card,2,115.71
ORD2018OCT_9571,1,credit_card,1,36.22
ORD2018OCT_1684,1,credit_card,1,46.03
ORD2018OCT_5428,1,credit_card,2,115.74
ORD2018OCT_2535,1,credit_card,2,71.49
ORD2018OCT_3385,1,credit_card,2,261.46
ORD2018OCT_4560,1,boleto,1,64.57
ORD2018OCT_8670,1,credit_card,1,71.59
ORD2018OCT_7739,1,credit_card,8,214.73
ORD2018OCT_8467,1,credit_card,1,171.01
ORD2018OCT_2825,1,credit_card,4,98.34
ORD2018OCT_1405,1,credit_card,1,72.28
ORD2018OCT_8478,1,boleto,1,135.19
ORD2018OCT_6793,1,debit_card,1,69.36
ORD2018OCT_1233,1,credit_card,3,132.82
ORD2018OCT_8948,3,voucher,1,16.72
ORD2018OCT_406,1,boleto,1,153.9
ORD2018OCT_3475,1,credit_card,1,28.07
ORD2018OCT_5,1,credit_card,3,75.08
ORD2018OCT_1651,1,credit_card,5,152.1
ORD2018OCT_4887,1,credit_card,1,142.64
ORD2018OCT_1334,1,boleto,1,112.1
ORD2018OCT_4624,1,credit_card,2,79.8
ORD2018OCT_8619,1,credit_card,3,90.89
ORD2018OCT_5787,1,credit_card,3,31.0
ORD2018OCT_5320,1,boleto,1,97.43
ORD2018OCT_7654,1,credit_card,1,134.59
ORD2018OCT_5095,1,credit_card,13,197.23
ORD2018OCT_4980,1,boleto,1,202.53
ORD2018OCT_285,1,credit_card,1,91.23
ORD2018OCT_8275,1,credit_card,1,52.0
ORD2018OCT_6974,1,credit_card,2,58.95
ORD2018OCT_1003,1,voucher,1,29.83
ORD2018OCT_106,1,credit_card,1,65.11
ORD2018OCT_8437,1,boleto,1,592.16
ORD2018OCT_559,1,boleto,1,26.77
ORD2018OCT_7396,1,boleto,1,184.93
ORD2018OCT_3203,1,credit_card,8,566.29
ORD2018OCT_9241,1,credit_card,1,563.28
ORD2018OCT_9029,1,credit_card,1,182.36
ORD2018OCT_2013,1,credit_card,10,236.16
ORD2018OCT_4830,1,credit_card,1,100.11
ORD2018OCT_5173,1,credit_card,6,158.07
ORD2018OCT_3584,1,credit_card,1,191.49
ORD2018OCT_2114,1,credit_card,4,48.72
ORD2018OCT_2955,1,credit_card,1,56.78
ORD2018OCT_3804,1,credit_card,10,124.33
ORD2018OCT_7857,1,credit_card,1,165.95
ORD2018OCT_3304,1,credit_card,2,76.39
ORD2018OCT_3812,1,credit_card,5,422.59
ORD2018OCT_3887,2,voucher,1,139.89
ORD2018OCT_5426,1,credit_card,10,458.24
ORD2018OCT_3123,1,credit_card,6,69.64
ORD2018OCT_4861,1,credit_card,8,1223.06
ORD2018OCT_3155,1,credit_card,2,170.4
ORD2018OCT_6816,1,credit_card,1,53.72
ORD2018OCT_4841,1,credit_card,9,90.28
ORD2018OCT_4995,1,credit_card,7,76.92
ORD2018OCT_3783,1,boleto,1,37.54
ORD2018OCT_3042,1,voucher,1,20.38
ORD2018OCT_7937,1,credit_card,8,86.64
ORD2018OCT_5160,2,voucher,1,14.29
ORD2018OCT_5740,1,credit_card,4,99.23
ORD2018OCT_8798,1,credit_card,1,68.22
ORD2018OCT_8713,1,credit_card,1,96.43
ORD2018OCT_3077,1,boleto,1,38.27
ORD2018OCT_8193,1,voucher,1,87.51
ORD2018OCT_9,1,credit_card,1,32.43
ORD2018OCT_6268,1,credit_card,6,98.44
ORD2018OCT_6304,1,credit_card,2,67.83
ORD2018OCT_6354,1,credit_card,10,851.82
ORD2018OCT_6045,1,boleto,1,39.39
ORD2018OCT_260,1,credit_card,2,391.08
ORD2018OCT_5371,1,boleto,1,73.92
ORD2018OCT_5652,1,credit_card,1,145.56
ORD2018OCT_3303,1,credit_card,2,149.69
ORD2018OCT_697,1,credit_card,4,218.49
ORD2018OCT_9861,1,boleto,1,61.13
ORD2018OCT_5207,1,credit_card,1,209.59
ORD2018OCT_1536,1,boleto,1,38.71
ORD2018OCT_8728,1,credit_card,2,101.36
ORD2018OCT_6045,15,voucher,1,14.04
ORD2018OCT_2985,1,boleto,1,23.3
ORD2018OCT_8369,1,credit_card,4,43.1
ORD2018OCT_267,1,credit_card,1,46.01
ORD2018OCT_5109,1,credit_card,2,234.39
ORD2018OCT_408,1,credit_card,3,68.12
ORD2018OCT_4451,1,credit_card,1,57.37
ORD2018OCT_1615,1,credit_card,1,77.56
ORD2018OCT_1285,1,boleto,1,113.77
ORD2018OCT_6900,1,credit_card,1,44.42
ORD2018OCT_8707,1,credit_card,6,137.16
ORD2018OCT_6952,1,credit_card,4,604.44
ORD2018OCT_5077,1,credit_card,5,453.35
ORD2018OCT_9107,1,credit_card,10,158.04
ORD2018OCT_7987,2,voucher,1,109.52
ORD2018OCT_5332,1,credit_card,1,39.42
ORD2018OCT_9411,1,boleto,1,179.6
ORD2018OCT_270,1,credit_card,5,128.45
ORD2018OCT_9375,1,credit_card,1,66.9
ORD2018OCT_7550,1,credit_card,1,152.34
ORD2018OCT_8471,1,credit_card,2,140.57
ORD2018OCT_6265,1,credit_card,3,142.97
ORD2018OCT_3190,1,credit_card,1,297.34
ORD2018OCT_4770,1,boleto,1,189.97
ORD2018OCT_7674,1,credit_card,1,148.91
ORD2018OCT_8815,1,credit_card,1,77.89
ORD2018OCT_9078,1,boleto,1,174.96
ORD2018OCT_3354,1,credit_card,1,138.66
ORD2018OCT_6479,1,credit_card,5,71.14
ORD2018OCT_2056,1,debit_card,1,22.37
ORD2018OCT_9134,1,credit_card,3,113.15
ORD2018OCT_7230,1,credit_card,10,194.31
ORD2018OCT_7992,1,boleto,1,188.5
ORD2018OCT_2963,1,boleto,1,55.0
ORD2018OCT_3920,1,credit_card,8,347.42
ORD2018OCT_2192,1,credit_card,1,86.15
ORD2018OCT_8723,1,boleto,1,36.35
ORD2018OCT_314,1,credit_card,1,74.89
ORD2018OCT_5761,1,credit_card,4,110.09
ORD2018OCT_8271,1,boleto,1,77.57
ORD2018OCT_4384,1,boleto,1,48.22
ORD2018OCT_2541,2,voucher,1,8.46
ORD2018OCT_9383,1,credit_card,7,143.15
ORD2018OCT_5105,1,credit_card,2,137.99
ORD2018OCT_9532,1,credit_card,2,49.5
ORD2018OCT_6834,1,boleto,1,373.84
ORD2018OCT_5514,1,boleto,1,101.46
ORD2018OCT_4434,1,boleto,1,55.1
ORD2018OCT_6738,1,credit_card,2,157.88
ORD2018OCT_5866,2,voucher,1,47.73
ORD2018OCT_5364,1,credit_card,1,85.6
ORD2018OCT_8005,1,credit_card,1,333.79
ORD2018OCT_7796,1,boleto,1,50.5
ORD2018OCT_4626,1,boleto,1,209.01
ORD2018OCT_9233,1,boleto,1,88.31
ORD2018OCT_6691,1,credit_card,3,158.09
ORD2018OCT_469,1,credit_card,7,163.75
ORD2018OCT_9044,1,boleto,1,46.78
ORD2018OCT_3407,1,credit_card,3,143.83
ORD2018OCT_7416,1,credit_card,3,32.96
ORD2018OCT_9058,1,credit_card,1,53.32
ORD2018OCT_6742,1,credit_card,1,246.04
ORD2018OCT_4442,1,credit_card,1,47.91
ORD2018OCT_7367,1,credit_card,3,286.59
ORD2018OCT_4452,1,credit_card,8,82.5
ORD2018OCT_8615,2,voucher,1,20.49
ORD2018OCT_7815,1,credit_card,2,136.96
ORD2018OCT_7772,1,credit_card,1,31.6
ORD2018OCT_4462,1,credit_card,3,65.4
ORD2018OCT_2221,1,credit_card,2,94.87
ORD2018OCT_900,1,credit_card,1,85.35
ORD2018OCT_4229,2,voucher,1,105.72
ORD2018OCT_6643,1,credit_card,6,64.86
ORD2018OCT_3879,1,credit_card,2,267.41
ORD2018OCT_2431,1,credit_card,4,144.33
ORD2018OCT_4244,1,credit_card,1,57.51
ORD2018OCT_5878,1,debit_card,1,51.53
ORD2018OCT_3445,2,voucher,1,100.0
ORD2018OCT_6098,1,credit_card,5,230.82
ORD2018OCT_7158,1,boleto,1,154.38
ORD2018OCT_1652,1,credit_card,2,105.6
ORD2018OCT_8165,1,credit_card,2,85.8
ORD2018OCT_9676,1,credit_card,2,117.37
ORD2018OCT_8886,1,credit_card,3,123.01
ORD2018OCT_1311,1,boleto,1,200.36
ORD2018OCT_1547,1,credit_card,1,82.6
ORD2018OCT_1688,1,credit_card,10,193.44
ORD2018OCT_5069,1,boleto,1,76.79
ORD2018OCT_8390,1,boleto,1,78.65
ORD2018OCT_9361,1,boleto,1,119.88
ORD2018OCT_161,1,credit_card,5,57.72
ORD2018OCT_9081,1,credit_card,3,64.66
ORD2018OCT_6753,1,credit_card,6,1556.67
ORD2018OCT_389,1,boleto,1,81.34
ORD2018OCT_5296,1,credit_card,3,173.85
ORD2018OCT_6699,1,boleto,1,144.72
ORD2018OCT_2133,1,boleto,1,119.66
ORD2018OCT_8952,1,credit_card,1,31.75
ORD2018OCT_730,1,credit_card,3,222.38
ORD2018OCT_5003,1,credit_card,9,179.2
ORD2018OCT_6094,1,credit_card,10,235.13
ORD2018OCT_4020,1,boleto,1,188.0
ORD2018OCT_1096,1,credit_card,1,43.17
ORD2018OCT_7677,1,credit_card,1,108.0
ORD2018OCT_2204,1,credit_card,1,53.1
ORD2018OCT_6843,1,debit_card,1,48.72
ORD2018OCT_3550,1,boleto,1,152.48
ORD2018OCT_5451,1,voucher,1,42.38
ORD2018OCT_6530,1,credit_card,1,64.23
ORD2018OCT_9199,2,credit_card,1,10.5
ORD2018OCT_186,3,voucher,1,20.0
ORD2018OCT_8981,1,credit_card,3,54.42
ORD2018OCT_1966,1,credit_card,10,225.11
ORD2018OCT_8933,1,credit_card,1,54.1
ORD2018OCT_2721,1,credit_card,2,27.85
ORD2018OCT_1867,1,credit_card,1,38.71
ORD2018OCT_6752,1,credit_card,10,660.4
ORD2018OCT_269,1,boleto,1,184.11
ORD2018OCT_4776,1,credit_card,4,296.72
ORD2018OCT_2182,1,boleto,1,962.52
ORD2018OCT_1604,1,credit_card,4,97.21
ORD2018OCT_1560,1,credit_card,1,108.19
ORD2018OCT_2612,1,credit_card,1,86.71
ORD2018OCT_5418,1,boleto,1,28.24
ORD2018OCT_8094,1,credit_card,4,46.01
ORD2018OCT_4159,1,credit_card,2,32.58
ORD2018OCT_1605,1,credit_card,1,71.34
ORD2018OCT_7536,1,credit_card,1,798.02
ORD2018OCT_2271,1,credit_card,4,133.47
ORD2018OCT_5379,1,boleto,1,70.14
ORD2018OCT_2736,1,boleto,1,222.67
ORD2018OCT_2256,1,credit_card,1,49.95
ORD2018OCT_7023,1,credit_card,4,100.95
ORD2018OCT_3194,1,boleto,1,64.1
ORD2018OCT_9582,1,credit_card,10,227.56
ORD2018OCT_2354,1,credit_card,1,124.82
ORD2018OCT_9828,1,credit_card,1,50.0
ORD2018OCT_3881,1,credit_card,10,218.87
ORD2018OCT_5711,1,credit_card,5,187.37
ORD2018OCT_5049,1,credit_card,4,135.49
ORD2018OCT_3962,1,credit_card,1,70.89
ORD2018OCT_6830,1,credit_card,2,63.86
ORD2018OCT_1560,1,credit_card,1,27.79
ORD2018OCT_9387,1,credit_card,2,217.52
ORD2018OCT_3280,1,boleto,1,44.59
ORD2018OCT_5804,1,credit_card,2,102.03
ORD2018OCT_7069,1,boleto,1,142.44
ORD2018OCT_474,1,credit_card,3,181.6
ORD2018OCT_5515,1,boleto,1,52.83
ORD2018OCT_9620,1,credit_card,5,475.02
ORD2018OCT_4325,2,voucher,1,11.6
ORD2018OCT_4952,1,credit_card,1,6.85
ORD2018OCT_3824,1,credit_card,1,106.87
ORD2018OCT_6968,1,credit_card,2,130.69
ORD2018OCT_4270,1,credit_card,1,115.45
ORD2018OCT_3101,1,credit_card,1,64.1
ORD2018OCT_2312,1,credit_card,10,246.42
ORD2018OCT_8716,1,boleto,1,96.2
ORD2018OCT_4260,1,credit_card,10,106.89
ORD2018OCT_5676,1,credit_card,3,150.6
ORD2018OCT_1466,1,credit_card,10,138.95
ORD2018OCT_4589,1,boleto,1,43.1
ORD2018OCT_2383,1,boleto,1,98.23
ORD2018OCT_5642,1,boleto,1,158.75
ORD2018OCT_7948,1,credit_card,1,34.0
ORD2018OCT_5036,1,credit_card,2,60.44
ORD2018OCT_3886,1,credit_card,1,54.52
ORD2018OCT_4816,1,credit_card,5,224.5
ORD2018OCT_8933,1,credit_card,1,134.64
ORD2018OCT_4945,1,credit_card,2,251.09
ORD2018OCT_6344,1,credit_card,1,107.44
ORD2018OCT_7064,1,voucher,1,57.99
ORD2018OCT_1492,1,credit_card,8,188.34
ORD2018OCT_3831,1,credit_card,4,82.73
ORD2018OCT_3302,1,voucher,1,163.35
ORD2018OCT_3252,1,credit_card,3,75.46
ORD2018OCT_5008,1,credit_card,5,128.84
ORD2018OCT_6578,1,credit_card,1,24.38
ORD2018OCT_4812,1,boleto,1,362.33
ORD2018OCT_1802,1,credit_card,1,86.36
ORD2018OCT_4353,1,credit_card,4,126.11
ORD2018OCT_4551,2,voucher,1,120.49
ORD2018OCT_5721,1,credit_card,5,95.37
ORD2018OCT_6447,1,credit_card,1,45.28
ORD2018OCT_6291,1,boleto,1,166.81
ORD2018OCT_5835,1,credit_card,3,126.19
ORD2018OCT_1625,1,credit_card,1,93.64
ORD2018OCT_5308,1,boleto,1,139.96
ORD2018OCT_2843,1,credit_card,10,111.03
ORD2018OCT_8178,1,credit_card,2,120.08
ORD2018OCT_1955,1,credit_card,3,220.28
ORD2018OCT_9293,1,credit_card,1,152.77
ORD2018OCT_1441,1,boleto,1,163.58
ORD2018OCT_2610,1,credit_card,2,87.67
ORD2018OCT_955,1,boleto,1,63.27
ORD2018OCT_6336,1,credit_card,4,84.12
ORD2018OCT_6496,1,boleto,1,45.68
ORD2018OCT_1252,1,credit_card,1,34.8
ORD2018OCT_2241,1,credit_card,4,94.32
ORD2018OCT_7055,1,credit_card,5,206.95
ORD2018OCT_6719,1,credit_card,5,168.74
ORD2018OCT_9273,1,boleto,1,91.18
ORD2018OCT_6029,1,credit_card,1,34.59
ORD2018OCT_1436,1,credit_card,2,173.07
ORD2018OCT_2526,1,credit_card,1,82.33
ORD2018OCT_4960,1,credit_card,3,99.65
ORD2018OCT_2980,1,credit_card,10,2616.0
ORD2018OCT_1708,1,credit_card,2,139.0
ORD2018OCT_4280,1,credit_card,8,83.55
ORD2018OCT_705,1,boleto,1,159.76
ORD2018OCT_8868,1,credit_card,9,318.92
ORD2018OCT_2005,1,voucher,1,20.0
ORD2018OCT_7937,1,credit_card,7,155.63
ORD2018OCT_1884,1,credit_card,8,317.97
ORD2018OCT_1861,1,voucher,1,46.78
ORD2018OCT_6445,2,voucher,1,14.4
ORD2018OCT_5359,1,credit_card,1,34.09
ORD2018OCT_9281,4,voucher,1,15.04
ORD2018OCT_4563,1,debit_card,1,247.68
ORD2018OCT_5054,1,credit_card,4,118.18
ORD2018OCT_701,1,credit_card,3,155.98
ORD2018OCT_6073,1,boleto,1,239.81
ORD2018OCT_4699,1,credit_card,8,238.8
ORD2018OCT_2464,1,credit_card,3,33.56
ORD2018OCT_8433,1,credit_card,3,124.73
ORD2018OCT_6949,1,credit_card,6,68.39
ORD2018OCT_1721,1,credit_card,1,31.38
ORD2018OCT_1704,1,boleto,1,82.35
ORD2018OCT_2250,1,credit_card,1,60.54
ORD2018OCT_5939,1,credit_card,3,125.66
ORD2018OCT_7865,1,credit_card,1,41.27
ORD2018OCT_5063,1,credit_card,2,47.68
ORD2018OCT_7130,1,debit_card,1,52.63
ORD2018OCT_9422,1,boleto,1,72.05
ORD2018OCT_2730,1,credit_card,3,79.33
ORD2018OCT_3508,1,boleto,1,39.17
ORD2018OCT_2667,1,credit_card,3,113.02
ORD2018OCT_3415,1,credit_card,2,107.24
ORD2018OCT_151,1,credit_card,1,35.05
ORD2018OCT_4598,1,credit_card,3,103.2
ORD2018OCT_2728,1,credit_card,2,64.1
ORD2018OCT_9474,1,boleto,1,84.56
ORD2018OCT_6051,1,credit_card,4,144.57
ORD2018OCT_1061,1,credit_card,1,68.13
ORD2018OCT_9439,1,credit_card,1,14.84
ORD2018OCT_2353,1,voucher,1,60.42
ORD2018OCT_7361,1,credit_card,1,33.22
ORD2018OCT_2512,1,credit_card,3,162.7
ORD2018OCT_7056,1,credit_card,1,54.0
ORD2018OCT_8826,1,credit_card,1,116.17
ORD2018OCT_9014,1,credit_card,1,66.74
ORD2018OCT_496,1,credit_card,2,83.5
ORD2018OCT_8673,1,boleto,1,399.44
ORD2018OCT_9409,2,voucher,1,48.23
ORD2018OCT_2206,1,credit_card,1,23.52
ORD2018OCT_5052,1,credit_card,2,28.22
ORD2018OCT_3902,1,credit_card,5,65.0
ORD2018OCT_9317,1,credit_card,15,625.51
ORD2018OCT_6037,1,credit_card,1,75.28
ORD2018OCT_6870,1,boleto,1,37.38
ORD2018OCT_3241,1,credit_card,4,103.59
ORD2018OCT_1906,1,credit_card,2,59.0
ORD2018OCT_6597,1,credit_card,1,94.94
ORD2018OCT_8401,1,credit_card,6,337.83
ORD2018OCT_4594,1,credit_card,2,53.33
ORD2018OCT_1504,2,voucher,1,60.74
ORD2018OCT_2437,1,credit_card,1,41.36
ORD2018OCT_9662,1,credit_card,2,173.53
ORD2018OCT_9064,1,credit_card,3,121.09
ORD2018OCT_4002,1,credit_card,4,137.11
ORD2018OCT_2286,1,credit_card,1,65.35
ORD2018OCT_8312,1,credit_card,2,195.71
ORD2018OCT_7349,1,credit_card,2,94.32
ORD2018OCT_6400,1,credit_card,1,83.34
ORD2018OCT_2895,1,credit_card,1,62.22
ORD2018OCT_5103,1,credit_card,1,87.32
ORD2018OCT_9721,1,credit_card,9,187.51
ORD2018OCT_5677,1,credit_card,5,128.97
ORD2018OCT_5234,1,credit_card,3,34.13
ORD2018OCT_5903,1,credit_card,2,106.43
ORD2018OCT_5377,1,boleto,1,203.9
ORD2018OCT_9362,2,voucher,1,120.81
ORD2018OCT_4347,1,credit_card,6,351.54
ORD2018OCT_9591,1,credit_card,1,65.35
ORD2018OCT_2142,1,credit_card,1,28.75
ORD2018OCT_2625,1,credit_card,2,113.72
ORD2018OCT_7485,1,boleto,1,233.58
ORD2018OCT_6269,1,boleto,1,206.87
ORD2018OCT_6348,1,credit_card,1,55.0
ORD2018OCT_172,1,credit_card,1,252.38
ORD2018OCT_4713,1,boleto,1,86.37
ORD2018OCT_7741,2,voucher,1,45.0
ORD2018OCT_7634,1,credit_card,10,568.5
ORD2018OCT_886,1,credit_card,1,266.4
ORD2018OCT_861,1,credit_card,10,176.7
ORD2018OCT_7562,1,credit_card,1,49.59
ORD2018OCT_2634,1,credit_card,3,75.53
ORD2018OCT_2716,1,credit_card,1,250.82
ORD2018OCT_3640,1,credit_card,2,141.97
ORD2018OCT_8531,1,credit_card,10,347.26
ORD2018OCT_3204,1,boleto,1,815.43
ORD2018OCT_7456,1,credit_card,3,127.5
ORD2018OCT_5456,1,credit_card,10,459.34
ORD2018OCT_9121,1,boleto,1,321.08
ORD2018OCT_4782,1,credit_card,4,272.61
ORD2018OCT_1099,1,credit_card,3,215.14
ORD2018OCT_9618,1,boleto,1,147.35
ORD2018OCT_6549,1,credit_card,5,262.1
ORD2018OCT_1308,1,credit_card,4,216.71
ORD2018OCT_2122,1,credit_card,1,27.35
ORD2018OCT_9366,1,credit_card,8,174.74
ORD2018OCT_9729,1,credit_card,1,36.4
ORD2018OCT_4019,1,credit_card,10,2267.28
ORD2018OCT_3492,1,credit_card,2,212.59
ORD2018OCT_4147,1,credit_card,2,64.3
ORD2018OCT_4963,1,credit_card,1,486.69
ORD2018OCT_8784,1,voucher,1,22.14
ORD2018OCT_8425,1,credit_card,1,56.88
ORD2018OCT_359,1,credit_card,1,58.27
ORD2018OCT_9303,1,credit_card,1,154.2
ORD2018OCT_7527,1,credit_card,1,56.37
ORD2018OCT_3729,1,credit_card,1,79.93
ORD2018OCT_6777,1,boleto,1,14.78
ORD2018OCT_9310,1,credit_card,3,192.59
ORD2018OCT_4117,1,credit_card,1,113.87
ORD2018OCT_6632,1,debit_card,1,162.04
ORD2018OCT_1000,1,credit_card,1,178.03
ORD2018OCT_1663,1,credit_card,7,719.86
ORD2018OCT_3760,1,credit_card,4,60.05
ORD2018OCT_8435,1,credit_card,4,91.05
ORD2018OCT_9727,1,credit_card,1,52.34
ORD2018OCT_3536,1,boleto,1,305.27
ORD2018OCT_5122,1,boleto,1,132.64
ORD2018OCT_3248,1,credit_card,1,87.84
ORD2018OCT_7219,1,credit_card,4,51.89
ORD2018OCT_3250,1,boleto,1,116.36
ORD2018OCT_6950,1,credit_card,1,129.04
ORD2018OCT_1260,1,credit_card,6,61.88
ORD2018OCT_3483,1,credit_card,8,381.17
ORD2018OCT_7942,2,voucher,1,16.04
ORD2018OCT_2784,1,credit_card,2,142.1
ORD2018OCT_3914,1,credit_card,1,197.17
ORD2018OCT_5971,1,credit_card,5,59.6
ORD2018OCT_6826,1,credit_card,8,580.41
ORD2018OCT_331,1,credit_card,6,317.85
ORD2018OCT_5754,1,credit_card,2,85.14
ORD2018OCT_8633,1,credit_card,1,26.77
ORD2018OCT_589,1,credit_card,10,357.97
ORD2018OCT_600,1,credit_card,1,118.19
ORD2018OCT_3387,1,credit_card,12,174.88
ORD2018OCT_6141,1,credit_card,10,618.07
ORD2018OCT_8162,1,credit_card,3,44.66
ORD2018OCT_9071,1,credit_card,1,157.79
ORD2018OCT_8897,1,credit_card,8,102.96
ORD2018OCT_6444,1,credit_card,1,84.7
ORD2018OCT_4574,1,credit_card,8,197.49
ORD2018OCT_2032,1,credit_card,2,135.46
ORD2018OCT_7680,1,credit_card,1,152.32
ORD2018OCT_8137,1,credit_card,10,213.8
ORD2018OCT_7978,1,boleto,1,141.58
ORD2018OCT_2797,1,credit_card,4,108.26
ORD2018OCT_3761,1,credit_card,5,184.85
ORD2018OCT_8406,1,credit_card,1,40.35
ORD2018OCT_8182,1,boleto,1,34.71
ORD2018OCT_1026,1,credit_card,1,55.11
ORD2018OCT_6044,1,voucher,1,56.78
ORD2018OCT_3187,1,credit_card,1,58.74
ORD2018OCT_7942,1,boleto,1,91.29
ORD2018OCT_4572,1,credit_card,3,84.14
ORD2018OCT_7253,1,boleto,1,53.09
ORD2018OCT_551,1,credit_card,1,67.54
ORD2018OCT_7105,1,credit_card,1,109.74
ORD2018OCT_3011,1,credit_card,4,130.15
ORD2018OCT_1603,1,credit_card,9,91.18
ORD2018OCT_7542,1,boleto,1,262.16
ORD2018OCT_3951,1,boleto,1,92.81
ORD2018OCT_9029,1,credit_card,1,0.86
ORD2018OCT_2705,1,credit_card,10,139.55
ORD2018OCT_9811,1,boleto,1,515.7
ORD2018OCT_778,1,credit_card,1,202.48
ORD2018OCT_6061,1,credit_card,3,114.47
ORD2018OCT_372,1,credit_card,1,54.43
ORD2018OCT_1178,1,credit_card,6,67.67
ORD2018OCT_9234,1,credit_card,1,46.85
ORD2018OCT_993,1,boleto,1,139.03
ORD2018OCT_456,1,boleto,1,136.49
ORD2018OCT_4171,1,credit_card,5,50.08
ORD2018OCT_8099,1,credit_card,7,184.02
ORD2018OCT_8175,2,voucher,1,250.0
ORD2018OCT_4911,1,credit_card,10,538.07
ORD2018OCT_9392,1,credit_card,10,336.6
ORD2018OCT_1650,1,credit_card,1,15.7
ORD2018OCT_4268,1,credit_card,2,171.69
ORD2018OCT_4342,1,credit_card,1,56.6
ORD2018OCT_9121,1,credit_card,10,231.27
ORD2018OCT_2398,1,credit_card,1,450.89
ORD2018OCT_4727,1,boleto,1,34.86
ORD2018OCT_5191,1,credit_card,1,52.84
ORD2018OCT_9516,1,credit_card,1,91.16
ORD2018OCT_4418,1,credit_card,1,42.78
ORD2018OCT_8501,1,credit_card,1,104.72
ORD2018OCT_760,1,credit_card,9,97.79
ORD2018OCT_7249,1,credit_card,1,62.62
ORD2018OCT_8297,1,credit_card,4,84.9
ORD2018OCT_3142,1,credit_card,10,617.84
ORD2018OCT_5830,1,credit_card,3,226.83
ORD2018OCT_2417,1,credit_card,4,40.41
ORD2018OCT_9709,1,credit_card,5,108.46
ORD2018OCT_1052,1,credit_card,10,471.33
ORD2018OCT_9681,1,boleto,1,22.29
ORD2018OCT_9332,1,credit_card,3,35.0
ORD2018OCT_8102,1,credit_card,1,39.79
ORD2018OCT_9050,2,voucher,1,79.9
ORD2018OCT_5012,1,credit_card,8,146.48
ORD2018OCT_8655,1,credit_card,2,134.47
ORD2018OCT_8634,1,credit_card,1,216.93
ORD2018OCT_1903,1,credit_card,2,193.72
ORD2018OCT_5573,1,boleto,1,35.0
ORD2018OCT_9019,1,credit_card,2,92.3
ORD2018OCT_8514,1,boleto,1,55.78
ORD2018OCT_3818,1,credit_card,2,140.84
ORD2018OCT_9320,1,credit_card,1,88.68
ORD2018OCT_4628,1,credit_card,3,31.75
ORD2018OCT_6440,1,credit_card,1,65.1
ORD2018OCT_9106,1,credit_card,4,163.78
ORD2018OCT_2963,3,voucher,1,4.39
ORD2018OCT_4096,1,credit_card,6,411.67
ORD2018OCT_8425,1,boleto,1,54.23
ORD2018OCT_6831,1,boleto,1,142.1
ORD2018OCT_8864,1,boleto,1,83.41
ORD2018OCT_1203,1,boleto,1,214.32
ORD2018OCT_9336,1,boleto,1,84.69
ORD2018OCT_2767,1,credit_card,2,159.75
ORD2018OCT_3383,1,credit_card,6,138.97
ORD2018OCT_8101,1,boleto,1,190.15
ORD2018OCT_6058,1,credit_card,1,120.79
ORD2018OCT_627,1,credit_card,4,89.57
ORD2018OCT_7843,1,credit_card,2,144.97
ORD2018OCT_664,1,credit_card,10,719.79
ORD2018OCT_7230,1,credit_card,4,125.42
ORD2018OCT_8304,1,credit_card,2,27.14
ORD2018OCT_2631,1,credit_card,3,96.88
ORD2018OCT_6533,1,credit_card,3,37.89
ORD2018OCT_33,1,credit_card,4,119.64
ORD2018OCT_4409,1,credit_card,2,76.76
ORD2018OCT_1618,1,boleto,1,229.65
ORD2018OCT_5443,1,credit_card,1,318.93
ORD2018OCT_2002,1,boleto,1,23.38
ORD2018OCT_68,1,credit_card,3,182.91
ORD2018OCT_3862,1,credit_card,2,187.47
ORD2018OCT_2303,1,credit_card,1,71.85
ORD2018OCT_7624,1,debit_card,1,117.31
ORD2018OCT_9815,1,credit_card,1,64.09
ORD2018OCT_7498,1,credit_card,4,56.78
ORD2018OCT_4625,1,debit_card,1,108.53
ORD2018OCT_6716,1,credit_card,3,77.16
ORD2018OCT_8795,1,credit_card,1,64.9
ORD2018OCT_2544,1,credit_card,10,546.45
ORD2018OCT_3893,1,credit_card,3,95.8
ORD2018OCT_7268,2,voucher,1,28.47
ORD2018OCT_4005,1,voucher,1,44.33
ORD2018OCT_2806,1,credit_card,1,95.83
ORD2018OCT_1516,1,credit_card,1,33.37
ORD2018OCT_16,1,credit_card,4,97.71
ORD2018OCT_1316,1,credit_card,10,223.14
ORD2018OCT_4159,1,boleto,1,62.01
ORD2018OCT_4556,1,credit_card,4,55.88
ORD2018OCT_2059,1,credit_card,8,83.11
ORD2018OCT_5268,1,credit_card,2,267.62
ORD2018OCT_4665,1,credit_card,2,163.12
ORD2018OCT_6404,1,credit_card,7,363.64
ORD2018OCT_916,1,credit_card,4,216.09
ORD2018OCT_9177,1,credit_card,4,257.52
ORD2018OCT_8499,1,credit_card,2,184.3
ORD2018OCT_1987,1,credit_card,8,81.53
ORD2018OCT_477,1,credit_card,2,79.98
ORD2018OCT_3289,1,credit_card,2,262.02
ORD2018OCT_1884,1,boleto,1,188.53
ORD2018OCT_8072,1,boleto,1,72.78
ORD2018OCT_1167,1,boleto,1,122.5
ORD2018OCT_3648,1,credit_card,3,38.09
ORD2018OCT_5757,1,boleto,1,52.58
ORD2018OCT_821,1,credit_card,10,490.99
ORD2018OCT_427,1,boleto,1,46.09
ORD2018OCT_3587,1,credit_card,7,77.64
ORD2018OCT_1329,1,credit_card,5,161.54
ORD2018OCT_7534,1,credit_card,5,54.22
ORD2018OCT_9297,1,boleto,1,896.28
ORD2018OCT_3978,1,boleto,1,31.6
ORD2018OCT_9931,1,credit_card,8,233.84
ORD2018OCT_4271,1,credit_card,1,45.01
ORD2018OCT_5017,1,credit_card,5,189.7
ORD2018OCT_1479,1,credit_card,5,336.83
ORD2018OCT_2189,2,voucher,1,99.98
ORD2018OCT_4323,1,boleto,1,84.26
ORD2018OCT_7926,1,credit_card,6,168.14
ORD2018OCT_8648,1,boleto,1,91.19
ORD2018OCT_5743,1,credit_card,5,118.35
ORD2018OCT_611,2,voucher,1,30.0
ORD2018OCT_1180,1,credit_card,1,77.38
ORD2018OCT_6364,2,voucher,1,133.78
ORD2018OCT_510,1,credit_card,6,91.05
ORD2018OCT_562,1,credit_card,1,51.2
ORD2018OCT_1549,1,credit_card,1,73.34
ORD2018OCT_5159,1,voucher,1,22.29
ORD2018OCT_8349,1,credit_card,4,315.26
ORD2018OCT_3547,1,credit_card,1,208.0
ORD2018OCT_7486,1,credit_card,1,139.07
ORD2018OCT_6060,1,credit_card,8,920.17
ORD2018OCT_4253,1,credit_card,10,335.47
ORD2018OCT_8541,1,credit_card,1,57.11
ORD2018OCT_6670,2,voucher,1,30.0
ORD2018OCT_4065,1,credit_card,5,282.25
ORD2018OCT_6792,1,credit_card,2,440.12
ORD2018OCT_6308,1,credit_card,6,157.42
ORD2018OCT_6782,1,credit_card,3,42.23
ORD2018OCT_8962,1,credit_card,2,94.74
ORD2018OCT_2341,1,boleto,1,25.51
ORD2018OCT_1696,1,credit_card,3,108.42
ORD2018OCT_727,1,credit_card,2,53.0
ORD2018OCT_5016,1,boleto,1,40.08
ORD2018OCT_4460,1,credit_card,10,282.47
ORD2018OCT_2235,1,credit_card,7,78.19
ORD2018OCT_6004,1,boleto,1,64.0
ORD2018OCT_7624,1,boleto,1,77.66
ORD2018OCT_9829,1,credit_card,1,135.59
ORD2018OCT_2744,1,credit_card,8,203.3
ORD2018OCT_9063,1,credit_card,1,21.04
ORD2018OCT_5835,1,credit_card,7,133.58
ORD2018OCT_6716,2,credit_card,3,742.51
ORD2018OCT_5026,1,credit_card,6,331.68
ORD2018OCT_8360,1,credit_card,1,113.01
ORD2018OCT_6027,1,credit_card,8,87.24
ORD2018OCT_7460,1,credit_card,7,223.8
ORD2018OCT_7428,1,credit_card,1,41.96
ORD2018OCT_6155,1,credit_card,5,117.04
ORD2018OCT_1395,1,credit_card,4,453.92
ORD2018OCT_6275,1,credit_card,3,211.85
ORD2018OCT_7010,1,credit_card,4,68.04
ORD2018OCT_3374,1,credit_card,1,159.06
ORD2018OCT_8467,1,credit_card,2,261.42
ORD2018OCT_3818,1,credit_card,1,40.92
ORD2018OCT_3377,1,credit_card,1,195.8
ORD2018OCT_4843,1,credit_card,4,116.36
ORD2018OCT_5653,1,voucher,1,27.37
ORD2018OCT_3259,1,boleto,1,105.28
ORD2018OCT_2941,1,credit_card,3,48.22
ORD2018OCT_7453,1,voucher,1,3.33
ORD2018OCT_715,1,voucher,1,109.4
ORD2018OCT_627,1,credit_card,1,52.57
ORD2018OCT_8897,1,credit_card,2,72.05
ORD2018OCT_5949,1,credit_card,2,27.63
ORD2018OCT_2745,1,credit_card,5,123.52
ORD2018OCT_3033,1,boleto,1,436.92
ORD2018OCT_3697,1,credit_card,5,152.16
ORD2018OCT_311,1,credit_card,6,60.32
ORD2018OCT_7652,1,credit_card,1,230.4
ORD2018OCT_1229,1,credit_card,2,85.14
ORD2018OCT_4362,1,credit_card,1,19.33
ORD2018OCT_146,1,boleto,1,177.49
ORD2018OCT_4573,1,boleto,1,112.58
ORD2018OCT_10,1,credit_card,1,55.74
ORD2018OCT_1686,1,boleto,1,75.05
ORD2018OCT_6913,1,credit_card,6,118.7
ORD2018OCT_158,1,credit_card,1,120.87
ORD2018OCT_185,1,credit_card,3,174.4
ORD2018OCT_2236,1,credit_card,1,57.43
ORD2018OCT_7133,1,boleto,1,67.23
ORD2018OCT_8562,1,credit_card,4,49.09
ORD2018OCT_6556,1,boleto,1,116.36
ORD2018OCT_2228,1,boleto,1,117.94
ORD2018OCT_7803,1,boleto,1,138.74
ORD2018OCT_5941,1,credit_card,4,185.83
ORD2018OCT_5872,1,credit_card,3,197.35
ORD2018OCT_3986,1,boleto,1,368.99
ORD2018OCT_6866,1,credit_card,4,115.0
ORD2018OCT_5976,1,credit_card,1,63.54
ORD2018OCT_2122,1,credit_card,1,53.9
ORD2018OCT_6969,1,credit_card,1,205.28
ORD2018OCT_3315,2,voucher,1,51.8
ORD2018OCT_5316,1,boleto,1,198.08
ORD2018OCT_5004,1,credit_card,4,152.25
ORD2018OCT_4283,1,credit_card,2,41.36
ORD2018OCT_4761,1,boleto,1,291.72
ORD2018OCT_2408,1,credit_card,9,96.27
ORD2018OCT_4429,1,boleto,1,1315.9
ORD2018OCT_9221,4,voucher,1,8.72
ORD2018OCT_6753,1,credit_card,4,146.94
ORD2018OCT_1467,1,credit_card,4,199.36
ORD2018OCT_4745,1,credit_card,8,560.41
ORD2018OCT_4126,1,credit_card,1,66.67
ORD2018OCT_3846,2,voucher,1,50.0
ORD2018OCT_9739,1,credit_card,5,179.99
ORD2018OCT_1936,1,credit_card,3,97.02
ORD2018OCT_4145,1,credit_card,1,54.79
ORD2018OCT_1794,1,credit_card,5,54.09
ORD2018OCT_5402,1,credit_card,3,169.32
ORD2018OCT_6978,2,voucher,1,417.06
ORD2018OCT_9780,1,credit_card,1,30.1
ORD2018OCT_4863,1,credit_card,1,126.56
ORD2018OCT_4283,1,credit_card,10,3899.0
ORD2018OCT_4173,1,credit_card,6,622.73
ORD2018OCT_4211,1,credit_card,8,315.89
ORD2018OCT_2193,1,credit_card,4,40.38
ORD2018OCT_398,1,boleto,1,258.41
ORD2018OCT_8507,1,boleto,1,124.04
ORD2018OCT_8010,1,boleto,1,201.08
ORD2018OCT_2682,1,credit_card,3,157.22
ORD2018OCT_6656,1,credit_card,1,204.75
ORD2018OCT_1729,1,boleto,1,101.61
ORD2018OCT_7268,1,boleto,1,246.03
ORD2018OCT_4344,1,credit_card,3,160.46
ORD2018OCT_716,1,credit_card,4,45.22
ORD2018OCT_1660,1,credit_card,2,58.09
ORD2018OCT_3328,1,boleto,1,37.58
ORD2018OCT_2821,1,credit_card,2,61.79
ORD2018OCT_9499,1,boleto,1,76.18
ORD2018OCT_2146,1,credit_card,2,137.45
ORD2018OCT_5619,1,credit_card,4,250.88
ORD2018OCT_7876,1,boleto,1,76.17
ORD2018OCT_6423,1,credit_card,1,68.35
ORD2018OCT_7260,1,credit_card,10,491.69
ORD2018OCT_8547,1,credit_card,1,35.14
ORD2018OCT_1943,1,credit_card,4,233.7
ORD2018OCT_2647,1,boleto,1,90.98
ORD2018OCT_6952,1,boleto,1,121.1
ORD2018OCT_7685,1,credit_card,1,46.01
ORD2018OCT_7221,1,credit_card,1,38.13
ORD2018OCT_2036,1,credit_card,1,245.89
ORD2018OCT_9173,2,voucher,1,51.27
ORD2018OCT_5513,1,credit_card,4,40.22
ORD2018OCT_6755,1,credit_card,1,89.67
ORD2018OCT_8518,1,credit_card,1,62.65
ORD2018OCT_1771,1,boleto,1,30.93
ORD2018OCT_2258,1,credit_card,1,86.93
ORD2018OCT_7498,1,credit_card,4,85.76
ORD2018OCT_4873,1,boleto,1,83.87
ORD2018OCT_4180,1,credit_card,2,138.5
ORD2018OCT_192,1,credit_card,3,37.71
ORD2018OCT_510,1,credit_card,1,78.04
ORD2018OCT_4215,1,debit_card,1,140.68
ORD2018OCT_1133,7,voucher,1,8.88
ORD2018OCT_1267,1,credit_card,1,33.54
ORD2018OCT_537,1,credit_card,2,54.58
ORD2018OCT_745,1,credit_card,1,55.91
ORD2018OCT_3674,1,credit_card,5,205.76
ORD2018OCT_4537,1,credit_card,8,849.45
ORD2018OCT_1457,1,boleto,1,61.94
ORD2018OCT_6272,1,boleto,1,97.31
ORD2018OCT_3299,1,credit_card,1,0.34
ORD2018OCT_7649,1,credit_card,2,49.42
ORD2018OCT_1564,1,credit_card,10,235.22
ORD2018OCT_5980,1,credit_card,8,514.7
ORD2018OCT_5614,1,boleto,1,70.35
ORD2018OCT_1373,1,credit_card,1,35.48
ORD2018OCT_1120,1,credit_card,1,214.14
ORD2018OCT_6676,1,boleto,1,36.96
ORD2018OCT_9639,1,credit_card,1,400.83
ORD2018OCT_8149,1,credit_card,10,117.62
ORD2018OCT_1048,1,credit_card,4,42.74
ORD2018OCT_5141,1,credit_card,8,519.74
ORD2018OCT_4510,1,boleto,1,625.2
ORD2018OCT_7314,1,boleto,1,101.73
ORD2018OCT_9497,1,boleto,1,277.2
ORD2018OCT_4684,1,boleto,1,22.84
ORD2018OCT_5669,1,credit_card,3,159.11
ORD2018OCT_1838,1,boleto,1,122.98
ORD2018OCT_3049,1,credit_card,4,105.98
ORD2018OCT_4516,1,boleto,1,176.69
ORD2018OCT_2101,3,voucher,1,20.0
ORD2018OCT_9,1,credit_card,2,89.03
ORD2018OCT_1054,1,credit_card,3,194.37
ORD2018OCT_4319,1,credit_card,2,27.59
ORD2018OCT_3295,1,boleto,1,125.85
ORD2018OCT_5731,1,credit_card,5,57.06
ORD2018OCT_9371,1,credit_card,2,129.01
ORD2018OCT_3386,1,boleto,1,397.44
ORD2018OCT_5971,1,credit_card,2,68.12
ORD2018OCT_6685,1,boleto,1,44.75
ORD2018OCT_5292,1,credit_card,2,73.34
ORD2018OCT_9646,1,credit_card,2,174.89
ORD2018OCT_2391,1,credit_card,4,123.47
ORD2018OCT_6665,1,credit_card,1,90.13
ORD2018OCT_4901,1,boleto,1,67.82
ORD2018OCT_7552,1,boleto,1,269.53
ORD2018OCT_1911,1,credit_card,3,185.64
ORD2018OCT_7541,1,credit_card,10,223.14
ORD2018OCT_6891,1,credit_card,1,53.75
ORD2018OCT_4806,1,credit_card,5,312.25
ORD2018OCT_1325,1,credit_card,1,38.0
ORD2018OCT_9312,1,credit_card,1,51.88
ORD2018OCT_6585,1,credit_card,3,398.88
ORD2018OCT_1455,1,credit_card,10,235.84
ORD2018OCT_5503,1,credit_card,1,55.53
ORD2018OCT_8311,1,boleto,1,325.26
ORD2018OCT_2398,2,voucher,1,178.1
ORD2018OCT_3827,1,boleto,1,157.21
ORD2018OCT_7668,1,credit_card,4,146.47
ORD2018OCT_5786,1,credit_card,3,131.57
ORD2018OCT_4202,1,credit_card,7,261.29
ORD2018OCT_6921,1,credit_card,3,70.03
ORD2018OCT_38,1,credit_card,6,62.27
ORD2018OCT_1983,1,credit_card,2,117.73
ORD2018OCT_3141,1,credit_card,1,114.45
ORD2018OCT_1351,1,credit_card,5,185.51
ORD2018OCT_935,1,credit_card,6,1054.63
ORD2018OCT_5485,1,credit_card,3,167.29
ORD2018OCT_7643,1,credit_card,2,193.01
ORD2018OCT_6533,1,credit_card,2,178.59
ORD2018OCT_2671,1,credit_card,1,33.73
ORD2018OCT_9353,1,credit_card,3,38.47
ORD2018OCT_8668,1,debit_card,1,82.65
ORD2018OCT_9636,1,boleto,1,1506.68
ORD2018OCT_9770,1,credit_card,1,109.44
ORD2018OCT_2585,1,credit_card,2,119.48
ORD2018OCT_1325,1,credit_card,2,98.9
ORD2018OCT_5385,1,credit_card,1,57.38
ORD2018OCT_6855,1,credit_card,8,334.89
ORD2018OCT_5263,1,credit_card,3,78.32
ORD2018OCT_203,1,boleto,1,95.56
ORD2018OCT_6956,1,credit_card,2,142.55
ORD2018OCT_4787,1,credit_card,5,106.38
ORD2018OCT_8596,1,credit_card,6,180.62
ORD2018OCT_4961,1,credit_card,2,157.45
ORD2018OCT_6995,1,boleto,1,79.2
ORD2018OCT_2384,1,credit_card,6,309.73
ORD2018OCT_7856,1,credit_card,2,108.72
ORD2018OCT_2288,1,credit_card,1,58.28
ORD2018OCT_8427,1,credit_card,3,108.43
ORD2018OCT_2217,1,boleto,1,177.2
ORD2018OCT_3289,1,credit_card,2,122.84
ORD2018OCT_3850,1,debit_card,1,39.17
ORD2018OCT_342,1,boleto,1,151.6
ORD2018OCT_7056,1,credit_card,3,123.29
ORD2018OCT_4956,2,credit_card,3,31.05
ORD2018OCT_8621,1,boleto,1,160.22
ORD2018OCT_5261,1,boleto,1,46.0
ORD2018OCT_6755,1,boleto,1,52.77
ORD2018OCT_7420,1,credit_card,6,174.97
ORD2018OCT_9367,1,credit_card,1,44.13
ORD2018OCT_8102,1,credit_card,5,117.79
ORD2018OCT_1353,1,credit_card,15,392.94
ORD2018OCT_6780,1,credit_card,1,228.88
ORD2018OCT_8002,1,boleto,1,236.92
ORD2018OCT_2574,1,credit_card,10,491.63
ORD2018OCT_1064,1,credit_card,8,105.29
ORD2018OCT_5856,1,credit_card,1,88.36
ORD2018OCT_6064,1,credit_card,4,85.6
ORD2018OCT_5488,1,credit_card,3,144.65
ORD2018OCT_1234,1,credit_card,3,803.04
ORD2018OCT_1926,1,credit_card,10,112.87
ORD2018OCT_4214,2,voucher,1,50.0
ORD2018OCT_3235,1,credit_card,10,552.24
ORD2018OCT_6530,1,voucher,1,16.03
ORD2018OCT_4949,1,credit_card,3,89.19
ORD2018OCT_1387,1,credit_card,7,142.83
ORD2018OCT_8919,1,credit_card,3,104.28
ORD2018OCT_6228,1,credit_card,2,150.39
ORD2018OCT_5446,1,boleto,1,129.89
ORD2018OCT_4019,1,credit_card,1,69.9
ORD2018OCT_6441,1,boleto,1,187.53
ORD2018OCT_5318,1,credit_card,10,2564.65
ORD2018OCT_7459,1,credit_card,2,27.04
ORD2018OCT_5252,1,credit_card,10,227.38
ORD2018OCT_2744,1,credit_card,15,254.83
ORD2018OCT_4125,1,credit_card,6,66.43
ORD2018OCT_5364,1,credit_card,6,66.67
ORD2018OCT_7718,1,credit_card,10,227.72
ORD2018OCT_5949,1,boleto,1,94.4
ORD2018OCT_1733,1,credit_card,1,74.14
ORD2018OCT_3368,1,credit_card,5,53.05
ORD2018OCT_8685,1,credit_card,6,138.65
ORD2018OCT_3685,1,credit_card,1,2.31
ORD2018OCT_7183,1,boleto,1,51.99
ORD2018OCT_3403,1,credit_card,3,186.42
ORD2018OCT_2686,1,boleto,1,363.31
ORD2018OCT_1314,1,credit_card,8,201.65
ORD2018OCT_7612,1,boleto,1,130.25
ORD2018OCT_8802,1,credit_card,8,384.34
ORD2018OCT_9051,1,credit_card,4,130.65
ORD2018OCT_782,1,boleto,1,75.53
ORD2018OCT_2295,1,credit_card,7,301.19
ORD2018OCT_1628,1,credit_card,2,100.92
ORD2018OCT_6209,1,credit_card,3,76.57
ORD2018OCT_3357,1,credit_card,5,153.51
ORD2018OCT_6443,1,credit_card,17,177.25
ORD2018OCT_8773,1,credit_card,2,94.21
ORD2018OCT_9137,1,credit_card,7,72.43
ORD2018OCT_3026,1,credit_card,5,72.99
ORD2018OCT_3432,1,credit_card,8,89.52
ORD2018OCT_2583,1,credit_card,3,159.21
ORD2018OCT_1450,1,credit_card,1,91.99
ORD2018OCT_8041,1,credit_card,3,177.03
ORD2018OCT_993,1,credit_card,1,71.97
ORD2018OCT_3253,1,credit_card,1,23.72
ORD2018OCT_1933,1,credit_card,1,63.2
ORD2018OCT_8382,1,boleto,1,67.83
ORD2018OCT_378,1,credit_card,4,231.88
ORD2018OCT_7001,1,credit_card,2,123.4
ORD2018OCT_6607,1,credit_card,2,84.91
ORD2018OCT_6288,1,credit_card,10,468.81
ORD2018OCT_8246,1,credit_card,6,106.85
ORD2018OCT_8648,1,credit_card,10,146.3
ORD2018OCT_3432,1,credit_card,10,162.97
ORD2018OCT_3846,1,credit_card,1,87.64
ORD2018OCT_196,1,credit_card,1,160.55
ORD2018OCT_7887,1,credit_card,1,114.42
ORD2018OCT_965,1,boleto,1,120.3
ORD2018OCT_1352,1,boleto,1,91.1
ORD2018OCT_264,1,credit_card,1,118.32
ORD2018OCT_322,3,voucher,1,20.09
ORD2018OCT_8077,1,credit_card,4,45.62
ORD2018OCT_5696,1,credit_card,4,151.92
ORD2018OCT_2158,1,credit_card,5,64.1
ORD2018OCT_6102,1,credit_card,6,126.2
ORD2018OCT_3010,1,boleto,1,411.21
ORD2018OCT_4264,1,credit_card,1,117.16
ORD2018OCT_6388,1,credit_card,2,86.15
ORD2018OCT_4206,1,credit_card,1,34.09
ORD2018OCT_624,1,credit_card,1,134.38
ORD2018OCT_2021,1,credit_card,10,692.22
ORD2018OCT_7547,1,boleto,1,113.76
ORD2018OCT_456,1,boleto,1,154.06
ORD2018OCT_1647,1,credit_card,4,337.54
ORD2018OCT_8774,1,credit_card,2,78.32
ORD2018OCT_1708,1,boleto,1,47.6
ORD2018OCT_7878,2,credit_card,2,26.48
ORD2018OCT_8408,1,credit_card,4,46.69
ORD2018OCT_8857,1,credit_card,3,191.68
ORD2018OCT_8844,1,credit_card,2,134.68
ORD2018OCT_8814,1,credit_card,3,103.14
ORD2018OCT_8488,1,credit_card,4,106.88
ORD2018OCT_4926,1,boleto,1,79.56
ORD2018OCT_7903,1,credit_card,1,66.82
ORD2018OCT_8381,1,credit_card,8,266.5
ORD2018OCT_1149,1,credit_card,10,102.87
ORD2018OCT_3771,1,boleto,1,62.41
ORD2018OCT_8072,1,credit_card,1,64.56
ORD2018OCT_2416,1,credit_card,1,28.22
ORD2018OCT_5395,1,credit_card,1,40.76
ORD2018OCT_1584,1,boleto,1,49.79
ORD2018OCT_7951,1,credit_card,4,76.66
ORD2018OCT_8603,1,credit_card,1,444.25
ORD2018OCT_511,1,credit_card,2,312.61
ORD2018OCT_1050,1,boleto,1,336.31
ORD2018OCT_3493,1,credit_card,2,121.62
ORD2018OCT_7198,1,boleto,1,66.53
ORD2018OCT_4933,1,credit_card,3,35.09
ORD2018OCT_2923,1,credit_card,3,163.25
ORD2018OCT_8422,1,credit_card,1,48.67
ORD2018OCT_9207,1,credit_card,1,29.42
ORD2018OCT_6633,2,voucher,1,68.9
ORD2018OCT_5676,1,credit_card,1,115.57
ORD2018OCT_7084,1,credit_card,1,154.98
ORD2018OCT_4325,1,credit_card,1,103.86
ORD2018OCT_6137,1,credit_card,3,74.03
ORD2018OCT_5125,1,debit_card,1,42.78
ORD2018OCT_112,1,credit_card,1,90.88
ORD2018OCT_3067,1,credit_card,8,228.9
ORD2018OCT_9796,1,boleto,1,115.44
ORD2018OCT_236,1,boleto,1,69.12
ORD2018OCT_7531,1,credit_card,3,77.64
ORD2018OCT_6120,1,credit_card,8,86.64
ORD2018OCT_1248,1,credit_card,8,629.13
ORD2018OCT_2190,1,credit_card,1,193.72
ORD2018OCT_4376,1,credit_card,6,354.24
ORD2018OCT_5077,1,credit_card,4,204.38
ORD2018OCT_6807,1,credit_card,5,146.67
ORD2018OCT_6344,1,boleto,1,68.48
ORD2018OCT_4999,1,boleto,1,175.64
ORD2018OCT_2598,1,credit_card,1,15.76
ORD2018OCT_9121,1,credit_card,10,754.59
ORD2018OCT_2478,1,credit_card,2,64.48
ORD2018OCT_2697,1,credit_card,1,31.36
ORD2018OCT_5568,1,debit_card,1,31.33
ORD2018OCT_7440,1,credit_card,3,399.49
ORD2018OCT_5565,1,boleto,1,127.22
ORD2018OCT_3807,1,boleto,1,23.4
ORD2018OCT_7711,1,credit_card,1,58.19
ORD2018OCT_7748,2,voucher,1,100.0
ORD2018OCT_4158,1,credit_card,6,139.41
ORD2018OCT_8611,1,boleto,1,175.08
ORD2018OCT_661,2,voucher,1,16.31
ORD2018OCT_7161,1,boleto,1,127.6
ORD2018OCT_2086,1,credit_card,4,53.84
ORD2018OCT_3018,1,credit_card,1,51.05
ORD2018OCT_95,1,boleto,1,43.95
ORD2018OCT_4591,1,credit_card,2,46.61
ORD2018OCT_451,1,credit_card,18,1232.85
ORD2018OCT_1615,1,credit_card,1,63.15
ORD2018OCT_695,1,credit_card,5,103.33
ORD2018OCT_4868,1,credit_card,1,88.72
ORD2018OCT_6493,1,credit_card,2,134.2
ORD2018OCT_1344,1,credit_card,9,190.89
ORD2018OCT_5100,3,voucher,1,20.0
ORD2018OCT_4857,1,credit_card,1,45.95
ORD2018OCT_541,1,credit_card,3,68.29
ORD2018OCT_1239,1,credit_card,1,86.63
ORD2018OCT_6641,1,credit_card,1,75.25
ORD2018OCT_8510,1,credit_card,5,269.29
ORD2018OCT_7069,1,boleto,1,86.02
ORD2018OCT_1674,1,credit_card,1,128.26
ORD2018OCT_1146,1,credit_card,2,172.19
ORD2018OCT_569,1,credit_card,2,101.77
ORD2018OCT_8283,1,credit_card,4,409.5
ORD2018OCT_2308,1,credit_card,10,839.28
ORD2018OCT_3449,1,credit_card,1,25.1
ORD2018OCT_6567,1,credit_card,2,195.0
ORD2018OCT_649,1,credit_card,2,173.86
ORD2018OCT_7258,1,credit_card,2,172.45
ORD2018OCT_8076,1,credit_card,1,43.0
ORD2018OCT_8314,1,credit_card,3,126.96
ORD2018OCT_2151,1,credit_card,1,46.69
ORD2018OCT_4081,1,credit_card,2,25.19
ORD2018OCT_9412,1,credit_card,3,97.8
ORD2018OCT_3554,1,boleto,1,58.27
ORD2018OCT_8339,2,voucher,1,50.0
ORD2018OCT_7147,1,boleto,1,415.54
ORD2018OCT_431,1,credit_card,1,58.38
ORD2018OCT_7232,1,credit_card,1,120.74
ORD2018OCT_9005,2,credit_card,1,15.71
ORD2018OCT_5654,1,credit_card,8,162.9
ORD2018OCT_5030,1,credit_card,2,28.71
ORD2018OCT_1230,1,credit_card,1,0.34
ORD2018OCT_9358,1,credit_card,1,19.64
ORD2018OCT_8568,1,boleto,1,26.45
ORD2018OCT_5856,1,credit_card,3,128.08
ORD2018OCT_673,1,debit_card,1,70.89
ORD2018OCT_3316,1,credit_card,1,52.04
ORD2018OCT_8782,1,boleto,1,44.13
ORD2018OCT_8463,1,credit_card,1,53.52
ORD2018OCT_7053,1,credit_card,2,69.9
ORD2018OCT_2558,1,boleto,1,136.6
ORD2018OCT_1758,1,credit_card,2,144.4
ORD2018OCT_9506,1,boleto,1,35.4
ORD2018OCT_2200,1,boleto,1,111.72
ORD2018OCT_6793,1,credit_card,3,130.56
ORD2018OCT_7436,1,credit_card,4,64.22
ORD2018OCT_4244,1,boleto,1,647.54
ORD2018OCT_9718,4,voucher,1,40.95
ORD2018OCT_7193,1,boleto,1,90.15
ORD2018OCT_5223,1,credit_card,1,79.11
ORD2018OCT_8510,1,voucher,1,81.04
ORD2018OCT_6647,1,credit_card,1,42.06
ORD2018OCT_4194,1,boleto,1,257.94
ORD2018OCT_6023,1,credit_card,4,210.89
ORD2018OCT_9733,1,credit_card,4,396.22
ORD2018OCT_5371,1,boleto,1,201.99
ORD2018OCT_8116,2,voucher,1,89.89
ORD2018OCT_8148,1,boleto,1,41.96
ORD2018OCT_6497,1,credit_card,8,710.19
ORD2018OCT_8700,1,credit_card,1,41.0
ORD2018OCT_4788,1,credit_card,1,189.37
ORD2018OCT_8408,1,credit_card,1,79.68
ORD2018OCT_1737,1,credit_card,2,154.57
ORD2018OCT_8150,1,credit_card,2,70.75
ORD2018OCT_380,1,voucher,1,27.19
ORD2018OCT_7939,1,credit_card,1,48.61
ORD2018OCT_4540,1,boleto,1,174.86
ORD2018OCT_7058,1,credit_card,2,38.63
ORD2018OCT_7383,1,credit_card,2,157.65
ORD2018OCT_59,1,boleto,1,88.94
ORD2018OCT_7581,1,credit_card,10,601.9
ORD2018OCT_9132,1,credit_card,1,51.67
ORD2018OCT_5129,1,credit_card,1,197.01
ORD2018OCT_7694,1,credit_card,3,97.44
ORD2018OCT_9446,1,credit_card,1,28.84
ORD2018OCT_3670,1,credit_card,4,276.57
ORD2018OCT_7128,1,credit_card,1,37.99
ORD2018OCT_7893,1,boleto,1,76.57
ORD2018OCT_9896,3,voucher,1,105.67
ORD2018OCT_706,1,credit_card,1,80.51
ORD2018OCT_7952,1,credit_card,3,127.13
ORD2018OCT_6890,1,credit_card,3,88.9
ORD2018OCT_7325,1,credit_card,4,88.56
ORD2018OCT_8962,1,credit_card,1,0.03
ORD2018OCT_3246,1,credit_card,3,62.37
ORD2018OCT_2506,1,credit_card,1,73.97
ORD2018OCT_3343,1,boleto,1,106.97
ORD2018OCT_1377,1,credit_card,1,166.92
ORD2018OCT_371,1,credit_card,8,163.44
ORD2018OCT_8538,1,credit_card,1,90.28
ORD2018OCT_7522,1,credit_card,3,258.67
ORD2018OCT_225,1,credit_card,1,65.71
ORD2018OCT_8633,1,credit_card,3,285.48
ORD2018OCT_8126,1,credit_card,5,163.79
ORD2018OCT_5331,1,credit_card,5,72.05
ORD2018OCT_2261,1,credit_card,3,33.84
ORD2018OCT_9721,1,credit_card,3,150.69
ORD2018OCT_9445,1,boleto,1,61.59
ORD2018OCT_2414,1,credit_card,3,150.0
ORD2018OCT_9109,1,credit_card,3,289.84
ORD2018OCT_5527,1,credit_card,2,209.2
ORD2018OCT_583,1,credit_card,3,196.92
ORD2018OCT_178,1,credit_card,1,45.09
ORD2018OCT_9612,1,credit_card,1,38.0
ORD2018OCT_6054,1,voucher,1,11.8
ORD2018OCT_8428,1,credit_card,1,96.88
ORD2018OCT_4686,1,boleto,1,881.38
ORD2018OCT_4368,1,credit_card,1,48.69
ORD2018OCT_4789,1,credit_card,4,48.31
ORD2018OCT_2757,1,credit_card,1,53.71
ORD2018OCT_8372,1,credit_card,8,86.71
ORD2018OCT_1661,1,credit_card,10,205.54
ORD2018OCT_7416,2,voucher,1,33.49
ORD2018OCT_611,1,boleto,1,166.6
ORD2018OCT_1673,1,credit_card,7,172.84
ORD2018OCT_2013,1,credit_card,1,42.01
ORD2018OCT_5366,1,boleto,1,108.33
ORD2018OCT_9707,1,credit_card,3,32.28
ORD2018OCT_6236,1,credit_card,2,157.79
ORD2018OCT_5646,1,credit_card,4,228.38
ORD2018OCT_6879,1,credit_card,2,105.52
ORD2018OCT_6547,1,credit_card,2,116.94
ORD2018OCT_450,1,credit_card,1,94.21
ORD2018OCT_3498,1,boleto,1,45.18
ORD2018OCT_493,1,credit_card,4,99.9
ORD2018OCT_1915,1,credit_card,1,70.12
ORD2018OCT_3469,1,boleto,1,101.14
ORD2018OCT_157,1,credit_card,5,77.44
ORD2018OCT_7360,2,voucher,1,50.0
ORD2018OCT_6473,1,credit_card,5,81.9
ORD2018OCT_2064,1,credit_card,6,307.69
ORD2018OCT_1940,1,credit_card,1,7.29
ORD2018OCT_9457,1,boleto,1,66.05
ORD2018OCT_2251,1,boleto,1,55.36
ORD2018OCT_7660,1,credit_card,1,75.51
ORD2018OCT_1628,1,credit_card,1,163.25
ORD2018OCT_1121,1,credit_card,5,215.27
ORD2018OCT_7052,1,credit_card,1,80.3
ORD2018OCT_5125,1,boleto,1,182.36
ORD2018OCT_2091,1,credit_card,1,130.85
ORD2018OCT_8751,1,credit_card,6,138.62
ORD2018OCT_1914,1,credit_card,4,80.77
ORD2018OCT_3915,1,boleto,1,111.08
ORD2018OCT_923,1,credit_card,1,9.12
ORD2018OCT_8479,1,credit_card,2,28.0
ORD2018OCT_4874,4,voucher,1,12.69
ORD2018OCT_3001,17,voucher,1,1.23
ORD2018OCT_5759,1,credit_card,1,44.09
ORD2018OCT_2935,1,credit_card,1,16.89
ORD2018OCT_5705,1,boleto,1,72.96
ORD2018OCT_4325,1,credit_card,7,139.0
ORD2018OCT_4359,1,credit_card,3,87.64
ORD2018OCT_1910,1,credit_card,2,168.8
ORD2018OCT_6214,1,credit_card,3,173.09
ORD2018OCT_2037,1,boleto,1,39.56
ORD2018OCT_4047,1,credit_card,1,24.84
ORD2018OCT_91,1,credit_card,1,39.5
ORD2018OCT_8865,2,voucher,1,30.99
ORD2018OCT_9234,1,credit_card,4,125.36
ORD2018OCT_1100,1,credit_card,2,146.34
ORD2018OCT_1198,1,boleto,1,113.13
ORD2018OCT_8852,1,credit_card,1,48.22
ORD2018OCT_6560,1,credit_card,4,111.78
ORD2018OCT_9327,1,credit_card,2,85.82
ORD2018OCT_1994,1,credit_card,5,174.45
ORD2018OCT_9072,1,credit_card,1,34.51
ORD2018OCT_4004,2,voucher,1,137.85
ORD2018OCT_6836,1,credit_card,1,121.9
ORD2018OCT_2106,1,credit_card,4,229.73
ORD2018OCT_8201,1,credit_card,4,219.63
ORD2018OCT_2024,1,credit_card,1,135.97
ORD2018OCT_9638,1,credit_card,1,123.52
ORD2018OCT_7675,1,credit_card,2,164.71
ORD2018OCT_5707,1,boleto,1,62.5
ORD2018OCT_4279,1,credit_card,1,66.86
ORD2018OCT_2318,1,credit_card,2,178.9
ORD2018OCT_5935,1,boleto,1,109.5
ORD2018OCT_3244,1,credit_card,7,70.14
ORD2018OCT_8470,1,credit_card,1,27.36
ORD2018OCT_2427,1,boleto,1,44.85
ORD2018OCT_2267,1,credit_card,2,34.6
ORD2018OCT_7476,2,voucher,1,71.34
ORD2018OCT_569,1,credit_card,5,50.58
ORD2018OCT_3852,1,credit_card,8,831.89
ORD2018OCT_1907,1,credit_card,2,26.28
ORD2018OCT_8621,1,credit_card,1,99.9
ORD2018OCT_8486,1,boleto,1,72.06
ORD2018OCT_3595,1,credit_card,3,83.41
ORD2018OCT_2899,1,credit_card,10,219.08
ORD2018OCT_4826,2,credit_card,1,16.13
ORD2018OCT_8771,1,credit_card,3,113.8
ORD2018OCT_3201,1,credit_card,10,122.62
ORD2018OCT_107,1,credit_card,4,409.36
ORD2018OCT_544,1,boleto,1,45.09
ORD2018OCT_4388,1,credit_card,2,106.1
ORD2018OCT_9003,1,credit_card,2,102.74
ORD2018OCT_4650,1,credit_card,3,44.35
ORD2018OCT_9196,1,credit_card,7,235.79
ORD2018OCT_5284,1,credit_card,2,26.85
ORD2018OCT_4550,1,credit_card,1,20.62
ORD2018OCT_9841,1,credit_card,1,32.33
ORD2018OCT_3699,1,credit_card,3,151.6
ORD2018OCT_137,3,voucher,1,3.64
ORD2018OCT_1194,1,credit_card,2,102.64
ORD2018OCT_439,1,credit_card,1,10.19
ORD2018OCT_6460,1,credit_card,2,58.99
ORD2018OCT_7509,1,credit_card,3,382.14
ORD2018OCT_1159,1,credit_card,6,228.03
ORD2018OCT_4325,1,credit_card,2,58.26
ORD2018OCT_2427,1,boleto,1,103.65
ORD2018OCT_5658,1,credit_card,3,243.5
ORD2018OCT_5498,1,credit_card,1,70.97
ORD2018OCT_4361,1,credit_card,5,150.15
ORD2018OCT_5590,2,credit_card,2,23.89
ORD2018OCT_1104,1,credit_card,8,211.84
ORD2018OCT_8662,1,credit_card,2,83.73
ORD2018OCT_8241,1,credit_card,3,166.48
ORD2018OCT_6795,1,credit_card,1,65.03
ORD2018OCT_7489,1,credit_card,2,259.81
ORD2018OCT_2680,1,credit_card,2,101.27
ORD2018OCT_1536,1,credit_card,2,79.65
ORD2018OCT_3692,1,credit_card,5,217.8
ORD2018OCT_8888,1,credit_card,2,130.02
ORD2018OCT_9896,1,credit_card,1,50.16
ORD2018OCT_3742,1,credit_card,4,44.2
ORD2018OCT_6186,1,boleto,1,102.03
ORD2018OCT_8923,1,credit_card,2,62.01
ORD2018OCT_3498,1,voucher,1,82.38
ORD2018OCT_1247,1,credit_card,6,68.89
ORD2018OCT_5795,1,credit_card,5,56.36
ORD2018OCT_9569,1,credit_card,6,69.12
ORD2018OCT_5192,1,credit_card,10,155.64
ORD2018OCT_737,1,boleto,1,78.64
ORD2018OCT_7235,1,credit_card,1,50.7
ORD2018OCT_4946,1,boleto,1,94.72
ORD2018OCT_6756,1,boleto,1,68.89
ORD2018OCT_1238,1,credit_card,5,200.16
ORD2018OCT_7541,1,boleto,1,42.86
ORD2018OCT_9258,1,voucher,1,150.78
ORD2018OCT_799,1,credit_card,2,32.1
ORD2018OCT_6117,1,credit_card,1,68.22
ORD2018OCT_5997,1,credit_card,3,252.42
ORD2018OCT_2295,1,credit_card,8,88.9
ORD2018OCT_2469,1,credit_card,4,268.98
ORD2018OCT_637,1,credit_card,10,715.28
ORD2018OCT_5372,1,debit_card,1,92.3
ORD2018OCT_5648,1,credit_card,8,614.4
ORD2018OCT_2036,1,boleto,1,498.82
ORD2018OCT_9856,1,credit_card,3,151.6
ORD2018OCT_9316,1,credit_card,4,224.31
ORD2018OCT_5679,1,credit_card,10,314.84
ORD2018OCT_6347,1,credit_card,4,295.21
ORD2018OCT_1164,1,boleto,1,231.27
ORD2018OCT_159,1,credit_card,4,317.31
ORD2018OCT_806,1,credit_card,1,210.08
ORD2018OCT_6869,1,boleto,1,86.44
ORD2018OCT_251,1,boleto,1,189.0
ORD2018OCT_5538,1,boleto,1,78.27
ORD2018OCT_5134,1,credit_card,1,75.08
ORD2018OCT_748,1,credit_card,4,196.72
ORD2018OCT_9587,1,credit_card,2,163.44
ORD2018OCT_5736,1,credit_card,10,350.77
ORD2018OCT_6146,1,credit_card,1,81.78
ORD2018OCT_4364,1,credit_card,2,37.37
ORD2018OCT_7380,1,credit_card,1,498.79
ORD2018OCT_9513,1,credit_card,2,107.55
ORD2018OCT_4970,1,credit_card,5,144.31
ORD2018OCT_745,1,boleto,1,180.85
ORD2018OCT_408,1,boleto,1,33.73
ORD2018OCT_9251,1,credit_card,4,108.86
ORD2018OCT_8508,1,credit_card,1,83.17
ORD2018OCT_5795,1,boleto,1,198.33
ORD2018OCT_3650,2,voucher,1,20.0
ORD2018OCT_8971,1,credit_card,1,109.92
ORD2018OCT_6237,1,credit_card,7,70.6
ORD2018OCT_3427,1,credit_card,2,142.92
ORD2018OCT_8083,1,credit_card,5,242.98
ORD2018OCT_6312,1,credit_card,1,318.78
ORD2018OCT_9378,1,boleto,1,175.79
ORD2018OCT_8974,1,credit_card,10,327.05
ORD2018OCT_292,1,boleto,1,49.18
ORD2018OCT_2009,1,boleto,1,187.98
ORD2018OCT_6313,1,boleto,1,66.69
ORD2018OCT_5238,1,credit_card,5,51.88
ORD2018OCT_489,1,credit_card,3,147.33
ORD2018OCT_3175,1,credit_card,10,208.09
ORD2018OCT_8172,1,credit_card,2,102.64
ORD2018OCT_248,1,credit_card,1,154.75
ORD2018OCT_5454,1,credit_card,3,157.28
ORD2018OCT_2718,1,credit_card,9,104.26
ORD2018OCT_1183,1,credit_card,6,449.8
ORD2018OCT_3094,1,credit_card,5,279.51
ORD2018OCT_1452,1,credit_card,1,117.04
ORD2018OCT_9677,1,credit_card,1,77.98
ORD2018OCT_4543,1,credit_card,2,60.46
ORD2018OCT_8840,1,credit_card,10,1653.6
ORD2018OCT_4113,1,boleto,1,33.42
ORD2018OCT_5413,1,credit_card,4,227.27
ORD2018OCT_3076,1,credit_card,10,610.96
ORD2018OCT_740,1,boleto,1,95.64
ORD2018OCT_5627,1,boleto,1,72.45
ORD2018OCT_4311,3,voucher,1,18.05
ORD2018OCT_1650,1,boleto,1,103.14
ORD2018OCT_8439,1,credit_card,1,81.78
ORD2018OCT_2538,1,credit_card,1,46.0
ORD2018OCT_4865,1,credit_card,1,58.0
ORD2018OCT_3138,1,debit_card,1,88.08
ORD2018OCT_2439,1,credit_card,2,241.73
ORD2018OCT_8659,1,credit_card,1,79.98
ORD2018OCT_2659,1,boleto,1,76.02
ORD2018OCT_5728,1,credit_card,10,515.94
ORD2018OCT_6544,1,boleto,1,35.09
ORD2018OCT_4223,1,credit_card,3,72.42
ORD2018OCT_3354,1,credit_card,4,40.51
ORD2018OCT_7728,2,voucher,1,31.17
ORD2018OCT_3875,1,boleto,1,107.78
ORD2018OCT_4237,1,credit_card,3,87.51
ORD2018OCT_2294,1,credit_card,6,61.45
ORD2018OCT_7032,1,credit_card,2,52.38
ORD2018OCT_7642,1,credit_card,1,108.05
ORD2018OCT_5747,1,credit_card,3,53.49
ORD2018OCT_7553,2,voucher,1,200.0
ORD2018OCT_7309,1,credit_card,4,75.69
ORD2018OCT_1887,1,credit_card,2,138.6
ORD2018OCT_3904,1,credit_card,1,27.84
ORD2018OCT_6335,1,credit_card,1,117.9
ORD2018OCT_7770,1,credit_card,4,93.58
ORD2018OCT_5131,1,boleto,1,74.16
ORD2018OCT_3385,1,credit_card,2,146.17
ORD2018OCT_5840,1,credit_card,2,67.57
ORD2018OCT_9445,1,boleto,1,116.96
ORD2018OCT_7305,1,boleto,1,53.01
ORD2018OCT_8960,1,boleto,1,117.16
ORD2018OCT_869,1,boleto,1,123.54
ORD2018OCT_5397,1,credit_card,4,204.63
ORD2018OCT_1223,1,credit_card,4,181.24
ORD2018OCT_919,1,credit_card,1,121.5
ORD2018OCT_9181,1,credit_card,1,12.99
ORD2018OCT_212,1,credit_card,1,62.69
ORD2018OCT_8486,1,credit_card,1,72.67
ORD2018OCT_3205,1,credit_card,1,148.16
ORD2018OCT_3459,1,credit_card,1,89.91
ORD2018OCT_3153,2,voucher,1,50.0
ORD2018OCT_2787,1,boleto,1,35.01
ORD2018OCT_9733,1,credit_card,1,205.18
ORD2018OCT_7744,2,voucher,1,50.0
ORD2018OCT_4298,1,debit_card,1,166.12
ORD2018OCT_919,1,credit_card,5,72.05
ORD2018OCT_739,1,credit_card,6,227.96
ORD2018OCT_5294,1,credit_card,4,263.95
ORD2018OCT_1139,1,credit_card,8,227.38
ORD2018OCT_6040,1,credit_card,8,151.79
ORD2018OCT_228,1,credit_card,3,87.9
ORD2018OCT_5023,1,credit_card,3,123.11
ORD2018OCT_9017,1,credit_card,1,231.26
ORD2018OCT_691,1,credit_card,10,106.38
ORD2018OCT_2845,1,credit_card,4,334.48
ORD2018OCT_8102,1,credit_card,3,190.06
ORD2018OCT_5528,1,credit_card,2,173.05
ORD2018OCT_8092,1,credit_card,1,27.09
ORD2018OCT_8677,1,credit_card,10,198.77
ORD2018OCT_121,1,voucher,1,12.55
ORD2018OCT_6702,1,boleto,1,123.89
ORD2018OCT_5056,1,credit_card,10,187.06
ORD2018OCT_8120,7,voucher,1,265.71
ORD2018OCT_3538,1,credit_card,2,124.31
ORD2018OCT_8117,1,credit_card,2,151.96
ORD2018OCT_6102,1,credit_card,1,45.78
ORD2018OCT_7066,1,boleto,1,2734.11
ORD2018OCT_7069,1,boleto,1,39.34
ORD2018OCT_5383,1,credit_card,6,62.28
ORD2018OCT_4248,1,boleto,1,314.92
ORD2018OCT_9919,1,credit_card,3,293.7
ORD2018OCT_6598,1,credit_card,1,66.01
ORD2018OCT_6705,1,credit_card,1,91.28
ORD2018OCT_6479,1,credit_card,1,64.62
ORD2018OCT_1217,1,credit_card,6,200.92
ORD2018OCT_5679,1,boleto,1,128.25
ORD2018OCT_2395,1,boleto,1,280.27
ORD2018OCT_1851,1,credit_card,2,138.6
ORD2018OCT_9557,2,credit_card,1,21.77
ORD2018OCT_6212,1,credit_card,1,37.0
ORD2018OCT_7308,1,credit_card,3,250.0
ORD2018OCT_5715,1,boleto,1,31.29
ORD2018OCT_8133,1,credit_card,2,124.27
ORD2018OCT_4989,1,credit_card,1,43.88
ORD2018OCT_3671,1,credit_card,1,807.54
ORD2018OCT_1013,1,credit_card,4,43.69
ORD2018OCT_8149,1,credit_card,2,138.26
ORD2018OCT_7990,1,boleto,1,43.49
ORD2018OCT_3193,1,credit_card,10,111.93
ORD2018OCT_5181,1,credit_card,2,142.54
ORD2018OCT_4339,1,credit_card,2,213.33
ORD2018OCT_8345,1,credit_card,2,115.94
ORD2018OCT_3876,1,credit_card,1,50.68
ORD2018OCT_3366,1,boleto,1,73.85
ORD2018OCT_5194,1,credit_card,2,59.01
ORD2018OCT_4113,1,credit_card,6,65.47
ORD2018OCT_7065,1,boleto,1,17.39
ORD2018OCT_7498,1,credit_card,1,68.29
ORD2018OCT_6535,1,credit_card,8,400.36
ORD2018OCT_4701,1,credit_card,1,97.86
ORD2018OCT_4512,1,boleto,1,124.74
ORD2018OCT_8412,1,credit_card,1,45.62
ORD2018OCT_4866,1,credit_card,10,656.55
ORD2018OCT_6381,1,credit_card,2,122.67
ORD2018OCT_446,1,boleto,1,166.17
ORD2018OCT_9326,1,credit_card,1,83.11
ORD2018OCT_1442,1,boleto,1,364.75
ORD2018OCT_9819,2,voucher,1,30.93
ORD2018OCT_6830,1,credit_card,10,342.56
ORD2018OCT_8852,1,credit_card,10,217.82
ORD2018OCT_9220,1,credit_card,1,27.2
ORD2018OCT_8190,1,credit_card,8,215.83
ORD2018OCT_9373,1,credit_card,3,154.51
ORD2018OCT_61,1,credit_card,1,34.26
ORD2018OCT_1034,1,credit_card,1,65.49
ORD2018OCT_2077,1,credit_card,4,254.58
ORD2018OCT_2735,1,credit_card,1,174.68
ORD2018OCT_4798,1,credit_card,2,52.59
ORD2018OCT_2500,1,boleto,1,113.77
ORD2018OCT_4349,1,boleto,1,303.64
ORD2018OCT_7987,1,credit_card,4,81.23
ORD2018OCT_8410,1,credit_card,1,163.13
ORD2018OCT_9835,1,voucher,1,25.0
ORD2018OCT_7499,1,credit_card,2,218.45
ORD2018OCT_337,1,credit_card,2,256.43
ORD2018OCT_5300,1,credit_card,3,79.44
ORD2018OCT_2846,1,boleto,1,69.14
ORD2018OCT_6779,1,voucher,1,20.0
ORD2018OCT_2896,1,credit_card,7,362.81
ORD2018OCT_2118,1,credit_card,2,57.16
ORD2018OCT_6460,1,credit_card,2,138.24
ORD2018OCT_1750,1,credit_card,2,50.02
ORD2018OCT_4471,1,credit_card,1,85.14
ORD2018OCT_2042,1,credit_card,3,62.13
ORD2018OCT_6121,1,credit_card,2,101.16
ORD2018OCT_940,1,boleto,1,65.0
ORD2018OCT_9030,7,voucher,1,39.08
ORD2018OCT_9659,1,boleto,1,45.0
ORD2018OCT_755,1,credit_card,8,89.07
ORD2018OCT_3192,1,boleto,1,116.9
ORD2018OCT_9825,1,credit_card,4,148.58
ORD2018OCT_4634,1,boleto,1,42.77
ORD2018OCT_2485,1,credit_card,4,62.86
ORD2018OCT_3251,1,credit_card,8,685.4
ORD2018OCT_6075,1,credit_card,2,159.54
ORD2018OCT_966,1,credit_card,3,158.77
ORD2018OCT_783,1,credit_card,2,102.36
ORD2018OCT_4098,1,credit_card,6,506.39
ORD2018OCT_5359,1,credit_card,3,149.14
ORD2018OCT_5518,1,credit_card,1,46.75
ORD2018OCT_6373,1,credit_card,1,54.49
ORD2018OCT_75,1,credit_card,2,125.15
ORD2018OCT_2582,1,debit_card,1,130.01
ORD2018OCT_6406,1,credit_card,1,66.82
ORD2018OCT_9413,1,credit_card,6,339.03
ORD2018OCT_4601,1,credit_card,1,45.53
ORD2018OCT_4505,1,credit_card,3,61.23
ORD2018OCT_1922,1,credit_card,1,38.01
ORD2018OCT_1778,1,credit_card,8,603.56
ORD2018OCT_6979,1,credit_card,2,47.59
ORD2018OCT_8571,1,credit_card,1,51.5
ORD2018OCT_5355,1,boleto,1,84.33
ORD2018OCT_5094,1,credit_card,10,334.8
ORD2018OCT_699,1,credit_card,1,88.26
ORD2018OCT_4355,1,boleto,1,31.75
ORD2018OCT_4963,1,credit_card,1,63.62
ORD2018OCT_5463,1,credit_card,2,114.57
ORD2018OCT_749,1,boleto,1,66.1
ORD2018OCT_4128,1,credit_card,3,37.68
ORD2018OCT_9689,1,credit_card,1,82.98
ORD2018OCT_4500,1,debit_card,1,114.53
ORD2018OCT_774,1,credit_card,4,81.91
ORD2018OCT_1017,1,credit_card,1,140.49
ORD2018OCT_2920,1,credit_card,1,193.02
ORD2018OCT_6693,1,credit_card,1,41.11
ORD2018OCT_3238,1,credit_card,2,85.14
ORD2018OCT_6325,1,credit_card,6,211.09
ORD2018OCT_5073,1,credit_card,10,336.94
ORD2018OCT_9434,2,voucher,1,100.0
ORD2018OCT_498,1,boleto,1,700.55
ORD2018OCT_669,1,credit_card,10,148.13
ORD2018OCT_1024,1,credit_card,6,127.01
ORD2018OCT_6031,1,credit_card,5,72.64
ORD2018OCT_8260,1,boleto,1,113.62
ORD2018OCT_741,1,boleto,1,132.17
ORD2018OCT_3848,1,credit_card,1,19.33
ORD2018OCT_3144,1,credit_card,10,285.06
ORD2018OCT_1843,1,credit_card,3,63.09
ORD2018OCT_5497,1,credit_card,2,111.89
ORD2018OCT_38,1,credit_card,1,72.66
ORD2018OCT_7830,1,credit_card,3,86.41
ORD2018OCT_9492,1,credit_card,2,98.22
ORD2018OCT_6611,1,credit_card,1,121.49
ORD2018OCT_5940,1,credit_card,2,99.12
ORD2018OCT_6446,1,credit_card,1,78.76
ORD2018OCT_5029,1,boleto,1,82.98
ORD2018OCT_5102,1,credit_card,4,83.32
ORD2018OCT_214,1,credit_card,1,30.95
ORD2018OCT_3091,1,credit_card,2,162.45
ORD2018OCT_9559,1,debit_card,1,63.27
ORD2018OCT_5555,1,credit_card,2,105.16
ORD2018OCT_7851,1,credit_card,1,229.42
ORD2018OCT_2465,1,credit_card,1,16.96
ORD2018OCT_3236,1,credit_card,6,143.12
ORD2018OCT_3284,1,boleto,1,60.31
ORD2018OCT_5237,1,credit_card,3,148.68
ORD2018OCT_4088,1,credit_card,1,69.5
ORD2018OCT_3226,1,credit_card,1,80.91
ORD2018OCT_1033,1,credit_card,2,22.38
ORD2018OCT_4965,1,credit_card,8,112.94
ORD2018OCT_619,2,voucher,1,14.98
ORD2018OCT_5503,1,credit_card,1,54.47
ORD2018OCT_7303,1,credit_card,5,51.07
ORD2018OCT_6869,1,credit_card,2,164.07
ORD2018OCT_2462,1,credit_card,1,113.15
ORD2018OCT_3227,1,credit_card,4,206.78
ORD2018OCT_7934,1,voucher,1,54.84
ORD2018OCT_1939,1,boleto,1,26.63
ORD2018OCT_241,1,credit_card,1,63.61
ORD2018OCT_683,1,credit_card,5,289.22
ORD2018OCT_9941,1,credit_card,1,66.1
ORD2018OCT_3445,1,credit_card,5,244.8
ORD2018OCT_5736,1,boleto,1,162.81
ORD2018OCT_5137,1,credit_card,5,76.08
ORD2018OCT_6559,1,credit_card,8,289.89
ORD2018OCT_9883,1,boleto,1,21.59
ORD2018OCT_579,1,boleto,1,267.38
ORD2018OCT_1534,1,credit_card,2,85.15
ORD2018OCT_975,1,boleto,1,137.16
ORD2018OCT_410,1,boleto,1,116.36
ORD2018OCT_4489,1,credit_card,3,181.0
ORD2018OCT_3771,1,credit_card,1,111.83
ORD2018OCT_5081,1,credit_card,10,101.73
ORD2018OCT_3850,1,credit_card,3,81.77
ORD2018OCT_1961,1,credit_card,2,145.66
ORD2018OCT_4099,1,credit_card,2,128.24
ORD2018OCT_8972,1,credit_card,1,77.69
ORD2018OCT_4532,1,credit_card,1,44.38
ORD2018OCT_7666,1,credit_card,1,2.21
ORD2018OCT_2785,1,credit_card,6,408.9
ORD2018OCT_2299,1,credit_card,2,122.5
ORD2018OCT_8004,1,credit_card,1,55.13
ORD2018OCT_5805,1,credit_card,2,109.18
ORD2018OCT_2374,1,credit_card,5,79.09
ORD2018OCT_1599,1,credit_card,2,28.59
ORD2018OCT_7915,1,credit_card,2,30.0
ORD2018OCT_7012,1,credit_card,1,25.49
ORD2018OCT_4732,1,credit_card,4,117.58
ORD2018OCT_860,1,credit_card,4,44.82
ORD2018OCT_4217,1,credit_card,1,128.08
ORD2018OCT_1951,1,credit_card,2,113.21
ORD2018OCT_8629,1,credit_card,2,203.08
ORD2018OCT_1170,1,credit_card,10,115.42
ORD2018OCT_6946,1,credit_card,1,48.08
ORD2018OCT_8719,1,credit_card,1,49.59
ORD2018OCT_5247,1,credit_card,1,42.4
ORD2018OCT_9424,1,credit_card,2,525.32
ORD2018OCT_7701,1,credit_card,6,411.76
ORD2018OCT_2567,1,boleto,1,27.69
ORD2018OCT_6583,1,boleto,1,145.81
ORD2018OCT_5829,1,credit_card,10,506.77
ORD2018OCT_8998,1,credit_card,10,310.81
ORD2018OCT_769,1,boleto,1,191.77
ORD2018OCT_9789,1,credit_card,8,281.89
ORD2018OCT_4757,1,voucher,1,64.0
ORD2018OCT_3639,1,credit_card,10,1411.62
ORD2018OCT_2929,1,credit_card,2,115.0
ORD2018OCT_1130,1,credit_card,1,44.24
ORD2018OCT_6626,1,credit_card,10,216.31
ORD2018OCT_9848,1,credit_card,1,79.17
ORD2018OCT_4990,1,credit_card,1,25.16
ORD2018OCT_2504,1,credit_card,1,158.03
ORD2018OCT_6789,3,voucher,1,33.44
ORD2018OCT_5445,1,credit_card,1,41.29
ORD2018OCT_5521,1,credit_card,3,147.15
ORD2018OCT_2883,1,credit_card,6,162.77
ORD2018OCT_3076,1,credit_card,9,95.76
ORD2018OCT_4400,1,credit_card,4,178.21
ORD2018OCT_4473,2,voucher,1,100.0
ORD2018OCT_1300,1,credit_card,1,113.62
ORD2018OCT_2139,1,credit_card,3,133.11
ORD2018OCT_485,1,credit_card,3,51.73
ORD2018OCT_5613,1,credit_card,1,123.0
ORD2018OCT_2819,1,boleto,1,111.23
ORD2018OCT_2091,1,boleto,1,45.09
ORD2018OCT_7597,1,credit_card,1,141.08
ORD2018OCT_2911,1,credit_card,7,171.22
ORD2018OCT_9244,1,credit_card,2,200.92
ORD2018OCT_7668,1,credit_card,1,30.84
ORD2018OCT_3142,1,credit_card,10,192.1
ORD2018OCT_7234,1,credit_card,2,125.38
ORD2018OCT_4024,1,boleto,1,45.2
ORD2018OCT_8018,1,credit_card,2,86.15
ORD2018OCT_6349,1,credit_card,6,82.57
ORD2018OCT_7666,1,boleto,1,49.8
ORD2018OCT_7744,1,credit_card,1,25.84
ORD2018OCT_8730,1,credit_card,3,194.53
ORD2018OCT_8517,1,boleto,1,125.44
ORD2018OCT_6645,1,credit_card,10,190.43
ORD2018OCT_4565,1,boleto,1,74.05
ORD2018OCT_6457,1,credit_card,1,85.19
ORD2018OCT_3958,1,boleto,1,36.35
ORD2018OCT_9514,1,boleto,1,90.0
ORD2018OCT_6219,1,credit_card,2,139.69
ORD2018OCT_377,1,credit_card,5,168.02
ORD2018OCT_3447,1,credit_card,4,405.26
ORD2018OCT_3360,1,boleto,1,42.51
ORD2018OCT_9640,1,credit_card,1,35.0
ORD2018OCT_149,1,credit_card,1,236.34
ORD2018OCT_6902,1,credit_card,3,159.34
ORD2018OCT_8837,1,credit_card,8,328.16
ORD2018OCT_7826,1,boleto,1,82.68
ORD2018OCT_4065,4,voucher,1,20.0
ORD2018OCT_6513,1,credit_card,6,154.42
ORD2018OCT_3391,1,credit_card,1,69.46
ORD2018OCT_5371,1,credit_card,1,48.08
ORD2018OCT_508,1,credit_card,8,85.25
ORD2018OCT_8365,1,credit_card,3,72.75
ORD2018OCT_3683,1,credit_card,2,77.41
ORD2018OCT_5613,1,credit_card,8,117.0
ORD2018OCT_9224,1,credit_card,1,117.96
ORD2018OCT_9283,1,credit_card,5,114.85
ORD2018OCT_3001,1,boleto,1,27.13
ORD2018OCT_2602,1,boleto,1,136.56
ORD2018OCT_6385,1,boleto,1,70.79
ORD2018OCT_4341,1,credit_card,8,274.81
ORD2018OCT_3998,1,credit_card,3,34.62
ORD2018OCT_1328,1,credit_card,10,185.86
ORD2018OCT_7528,1,boleto,1,39.95
ORD2018OCT_8006,1,credit_card,6,111.89
ORD2018OCT_4903,1,credit_card,8,156.33
ORD2018OCT_3452,1,credit_card,5,218.27
ORD2018OCT_6574,1,credit_card,1,61.85
ORD2018OCT_9232,1,credit_card,5,113.84
ORD2018OCT_6877,1,credit_card,8,91.18
ORD2018OCT_5054,2,voucher,1,300.0
ORD2018OCT_5551,1,boleto,1,38.23
ORD2018OCT_6520,1,credit_card,1,80.67
ORD2018OCT_4658,1,credit_card,3,75.17
ORD2018OCT_9398,1,credit_card,2,114.35
ORD2018OCT_2446,1,credit_card,9,90.67
ORD2018OCT_4394,1,credit_card,4,114.44
ORD2018OCT_5240,1,credit_card,3,148.03
ORD2018OCT_7456,1,credit_card,1,27.79
ORD2018OCT_6662,1,credit_card,3,124.66
ORD2018OCT_3289,1,credit_card,8,349.53
ORD2018OCT_7505,1,credit_card,1,79.1
ORD2018OCT_6048,1,credit_card,3,90.24
ORD2018OCT_3486,2,voucher,1,28.04
ORD2018OCT_6136,1,debit_card,1,37.84
ORD2018OCT_9417,1,boleto,1,137.85
ORD2018OCT_4005,1,credit_card,1,43.93
ORD2018OCT_916,1,credit_card,2,107.8
ORD2018OCT_1939,1,boleto,1,72.9
ORD2018OCT_7806,1,boleto,1,100.5
ORD2018OCT_6858,1,boleto,1,93.63
ORD2018OCT_7005,1,boleto,1,298.89
ORD2018OCT_5659,1,credit_card,1,411.94
ORD2018OCT_202,1,credit_card,6,61.01
ORD2018OCT_9865,1,credit_card,2,176.09
ORD2018OCT_6422,1,credit_card,2,76.66
ORD2018OCT_8634,3,voucher,1,20.0
ORD2018OCT_9130,1,boleto,1,310.21
ORD2018OCT_503,1,credit_card,3,111.39
ORD2018OCT_4112,1,boleto,1,39.84
ORD2018OCT_2247,1,credit_card,3,93.48
ORD2018OCT_6637,1,credit_card,1,492.47
ORD2018OCT_7260,1,credit_card,1,151.36
ORD2018OCT_2917,1,credit_card,2,201.98
ORD2018OCT_7843,1,credit_card,1,55.92
ORD2018OCT_6274,1,voucher,1,130.0
ORD2018OCT_948,1,credit_card,10,104.4
ORD2018OCT_385,1,credit_card,1,123.47
ORD2018OCT_8986,1,credit_card,1,65.09
ORD2018OCT_2498,1,credit_card,4,196.72
ORD2018OCT_9057,1,credit_card,1,50.45
ORD2018OCT_4450,1,credit_card,2,103.24
ORD2018OCT_9447,1,boleto,1,386.02
ORD2018OCT_5476,1,credit_card,1,91.23
ORD2018OCT_2109,1,credit_card,8,675.86
ORD2018OCT_6202,1,credit_card,1,53.58
ORD2018OCT_2732,1,credit_card,5,50.95
ORD2018OCT_2281,1,boleto,1,83.05
ORD2018OCT_4348,1,credit_card,1,137.64
ORD2018OCT_6178,1,credit_card,1,335.98
ORD2018OCT_2231,1,boleto,1,126.19
ORD2018OCT_8553,1,credit_card,6,142.08
ORD2018OCT_9546,1,credit_card,1,285.96
ORD2018OCT_9356,1,credit_card,6,83.59
ORD2018OCT_9247,1,credit_card,1,46.13
ORD2018OCT_7433,1,credit_card,1,82.09
ORD2018OCT_8669,1,credit_card,1,173.84
ORD2018OCT_4857,1,credit_card,5,74.07
ORD2018OCT_2459,1,credit_card,1,96.55
ORD2018OCT_5517,1,boleto,1,44.42
ORD2018OCT_84,1,voucher,1,134.66
ORD2018OCT_5194,1,credit_card,2,205.14
ORD2018OCT_6709,1,credit_card,2,59.49
ORD2018OCT_2719,1,credit_card,2,102.03
ORD2018OCT_7184,1,credit_card,1,104.28
ORD2018OCT_2010,1,credit_card,4,202.5
ORD2018OCT_5626,1,boleto,1,48.1
ORD2018OCT_5301,1,credit_card,5,104.28
ORD2018OCT_2467,1,credit_card,2,107.46
ORD2018OCT_7166,1,credit_card,6,237.14
ORD2018OCT_3300,1,credit_card,1,54.38
ORD2018OCT_7268,1,credit_card,4,99.33
ORD2018OCT_74,1,credit_card,3,197.53
ORD2018OCT_4946,1,boleto,1,208.64
ORD2018OCT_7241,1,credit_card,2,81.09
ORD2018OCT_9559,1,credit_card,3,129.19
ORD2018OCT_3872,1,credit_card,4,41.38
ORD2018OCT_7429,3,voucher,1,24.86
ORD2018OCT_982,1,debit_card,1,138.64
ORD2018OCT_1574,1,credit_card,2,164.1
ORD2018OCT_5502,1,credit_card,4,117.9
ORD2018OCT_1129,1,boleto,1,48.69
ORD2018OCT_6009,1,credit_card,1,139.03
ORD2018OCT_7358,1,debit_card,1,172.17
ORD2018OCT_9193,2,credit_card,10,999.64
ORD2018OCT_5636,1,boleto,1,101.14
ORD2018OCT_5782,1,boleto,1,180.95
ORD2018OCT_5406,1,credit_card,1,34.0
ORD2018OCT_1503,1,credit_card,1,49.29
ORD2018OCT_2412,1,credit_card,2,143.02
ORD2018OCT_968,1,credit_card,2,129.15
ORD2018OCT_2317,1,credit_card,5,83.2
ORD2018OCT_9573,1,credit_card,6,1816.11
ORD2018OCT_9162,1,credit_card,1,75.25
ORD2018OCT_4741,1,credit_card,3,363.96
ORD2018OCT_8615,1,voucher,1,193.21
ORD2018OCT_6895,1,credit_card,1,135.35
ORD2018OCT_3763,1,boleto,1,181.26
ORD2018OCT_5133,1,credit_card,5,76.9
ORD2018OCT_6463,1,credit_card,2,186.62
ORD2018OCT_9826,1,credit_card,1,136.6
ORD2018OCT_6635,1,credit_card,1,45.87
ORD2018OCT_5065,1,credit_card,4,73.13
ORD2018OCT_9,1,credit_card,1,347.89
ORD2018OCT_1833,4,voucher,1,50.0
ORD2018OCT_9204,1,credit_card,2,202.76
ORD2018OCT_2450,1,credit_card,1,63.83
ORD2018OCT_626,1,boleto,1,144.31
ORD2018OCT_7730,1,credit_card,5,158.43
ORD2018OCT_2989,1,credit_card,1,105.97
ORD2018OCT_53,1,credit_card,1,46.71
ORD2018OCT_8813,1,credit_card,1,32.38
ORD2018OCT_872,1,boleto,1,99.8
ORD2018OCT_9192,1,credit_card,5,100.04
ORD2018OCT_2109,1,credit_card,1,18.29
ORD2018OCT_9777,1,boleto,1,39.04
ORD2018OCT_1979,1,boleto,1,51.46
ORD2018OCT_5443,1,credit_card,3,174.97
ORD2018OCT_2597,1,boleto,1,286.09
ORD2018OCT_8085,1,credit_card,4,94.3
ORD2018OCT_8855,1,boleto,1,375.13
ORD2018OCT_9921,1,credit_card,7,212.8
ORD2018OCT_4010,1,boleto,1,50.0
ORD2018OCT_678,9,voucher,1,5.39
ORD2018OCT_3789,1,credit_card,1,98.7
ORD2018OCT_7313,1,credit_card,1,58.62
ORD2018OCT_9925,1,credit_card,3,124.02
ORD2018OCT_251,1,credit_card,2,113.82
ORD2018OCT_8184,1,credit_card,5,107.78
ORD2018OCT_4525,2,voucher,1,20.0
ORD2018OCT_6240,1,credit_card,15,723.08
ORD2018OCT_7063,1,credit_card,3,32.0
ORD2018OCT_2269,1,credit_card,2,210.61
ORD2018OCT_9687,1,credit_card,2,74.12
ORD2018OCT_3815,1,credit_card,1,46.6
ORD2018OCT_8461,1,credit_card,6,68.73
ORD2018OCT_1063,1,boleto,1,344.26
ORD2018OCT_9604,1,credit_card,1,49.4
ORD2018OCT_8524,1,debit_card,1,87.58
ORD2018OCT_8744,1,boleto,1,95.67
ORD2018OCT_8,1,credit_card,4,226.91
ORD2018OCT_5675,1,credit_card,6,444.04
ORD2018OCT_2764,1,credit_card,4,107.78
ORD2018OCT_8580,1,credit_card,2,123.92
ORD2018OCT_1139,1,boleto,1,75.55
ORD2018OCT_1485,1,boleto,1,40.09
ORD2018OCT_9599,1,credit_card,2,178.21
ORD2018OCT_5246,1,credit_card,3,204.28
ORD2018OCT_1582,1,credit_card,1,73.34
ORD2018OCT_2449,1,credit_card,8,148.13
ORD2018OCT_4494,1,voucher,1,133.69
ORD2018OCT_2515,1,credit_card,5,114.7
ORD2018OCT_9414,1,credit_card,1,204.07
ORD2018OCT_3989,1,credit_card,4,92.38
ORD2018OCT_8406,1,boleto,1,31.05
ORD2018OCT_7303,1,credit_card,1,34.23
ORD2018OCT_680,1,credit_card,7,87.05
ORD2018OCT_5952,1,credit_card,3,187.91
ORD2018OCT_1280,1,credit_card,5,444.13
ORD2018OCT_1787,1,boleto,1,72.14
ORD2018OCT_1625,1,credit_card,1,63.6
ORD2018OCT_2593,1,boleto,1,32.38
ORD2018OCT_5707,2,credit_card,6,134.55
ORD2018OCT_7071,1,boleto,1,160.23
ORD2018OCT_5747,1,credit_card,3,191.93
ORD2018OCT_4952,1,credit_card,1,336.86
ORD2018OCT_6502,1,credit_card,8,522.64
ORD2018OCT_2761,1,credit_card,3,381.53
ORD2018OCT_3404,1,boleto,1,89.93
ORD2018OCT_202,1,credit_card,10,409.29
ORD2018OCT_9457,1,boleto,1,51.5
ORD2018OCT_7763,1,credit_card,4,84.14
ORD2018OCT_5670,1,credit_card,10,347.56
ORD2018OCT_2190,1,credit_card,4,383.72
ORD2018OCT_9812,1,boleto,1,161.42
ORD2018OCT_7602,1,credit_card,8,136.83
ORD2018OCT_8229,1,credit_card,1,89.27
ORD2018OCT_6663,1,credit_card,3,460.61
ORD2018OCT_1105,1,credit_card,5,233.94
ORD2018OCT_2911,1,credit_card,1,86.31
ORD2018OCT_2939,1,debit_card,1,102.35
ORD2018OCT_5410,1,credit_card,6,280.27
ORD2018OCT_4947,1,credit_card,1,3.95
ORD2018OCT_3384,1,credit_card,2,31.33
ORD2018OCT_7023,1,credit_card,1,19.39
ORD2018OCT_8776,1,boleto,1,92.37
ORD2018OCT_6518,1,credit_card,6,65.01
ORD2018OCT_1234,1,credit_card,3,38.13
ORD2018OCT_6050,1,credit_card,1,68.87
ORD2018OCT_1904,1,credit_card,2,113.03
ORD2018OCT_2828,1,credit_card,3,566.68
ORD2018OCT_66,1,credit_card,5,253.99
ORD2018OCT_9643,1,credit_card,10,169.87
ORD2018OCT_4230,1,credit_card,4,138.08
ORD2018OCT_5771,1,credit_card,1,33.23
ORD2018OCT_6456,1,credit_card,2,183.75
ORD2018OCT_2910,1,credit_card,6,78.2
ORD2018OCT_6198,1,boleto,1,82.56
ORD2018OCT_7371,2,voucher,1,37.06
ORD2018OCT_4768,2,voucher,1,30.0
ORD2018OCT_3780,1,credit_card,5,256.59
ORD2018OCT_5361,1,boleto,1,54.07
ORD2018OCT_8892,1,credit_card,1,56.39
ORD2018OCT_8381,1,voucher,1,61.25
ORD2018OCT_8882,3,voucher,1,10.57
ORD2018OCT_2307,1,credit_card,1,23.06
ORD2018OCT_603,1,credit_card,3,114.15
ORD2018OCT_9290,1,credit_card,5,472.94
ORD2018OCT_1233,1,credit_card,1,206.06
ORD2018OCT_5667,1,credit_card,3,78.1
ORD2018OCT_803,7,voucher,1,1.14
ORD2018OCT_8892,1,credit_card,2,118.25
ORD2018OCT_3512,1,credit_card,3,174.14
ORD2018OCT_7155,1,credit_card,2,189.56
ORD2018OCT_575,1,credit_card,1,133.99
ORD2018OCT_4589,1,credit_card,4,250.48
ORD2018OCT_8424,3,voucher,1,3.38
ORD2018OCT_9278,1,credit_card,4,45.09
ORD2018OCT_3501,1,credit_card,4,194.48
ORD2018OCT_8871,1,credit_card,1,159.35
ORD2018OCT_5766,1,credit_card,1,283.0
ORD2018OCT_6106,1,boleto,1,641.18
ORD2018OCT_26,1,boleto,1,57.05
ORD2018OCT_7794,1,credit_card,6,220.04
ORD2018OCT_9064,1,credit_card,1,51.84
ORD2018OCT_4058,1,credit_card,1,40.95
ORD2018OCT_8318,1,credit_card,5,54.09
ORD2018OCT_8474,1,credit_card,1,55.69
ORD2018OCT_2109,3,voucher,1,21.12
ORD2018OCT_4534,1,boleto,1,178.18
ORD2018OCT_3427,1,credit_card,1,62.44
ORD2018OCT_7533,1,credit_card,5,257.65
ORD2018OCT_4898,1,credit_card,5,65.0
ORD2018OCT_2957,1,credit_card,6,224.8
ORD2018OCT_7796,1,credit_card,7,70.93
ORD2018OCT_3635,1,credit_card,2,139.25
ORD2018OCT_7500,1,credit_card,4,96.8
ORD2018OCT_8149,1,credit_card,5,335.73
ORD2018OCT_4181,1,credit_card,1,219.4
ORD2018OCT_3761,1,credit_card,1,48.3
ORD2018OCT_7440,1,boleto,1,70.89
ORD2018OCT_3374,1,credit_card,2,129.92
ORD2018OCT_8145,1,credit_card,1,64.1
ORD2018OCT_6408,1,credit_card,9,205.48
ORD2018OCT_8366,1,credit_card,5,331.2
ORD2018OCT_5207,1,credit_card,1,51.52
ORD2018OCT_8257,1,credit_card,1,21.15
ORD2018OCT_164,1,boleto,1,524.28
ORD2018OCT_9106,1,credit_card,5,410.61
ORD2018OCT_1504,1,credit_card,1,70.52
ORD2018OCT_1412,1,credit_card,1,27.54
ORD2018OCT_1006,1,boleto,1,584.84
ORD2018OCT_6562,1,credit_card,6,145.45
ORD2018OCT_702,1,credit_card,1,63.1
ORD2018OCT_4980,1,credit_card,8,349.93
ORD2018OCT_5195,2,voucher,1,20.0
ORD2018OCT_6522,1,credit_card,4,244.17
ORD2018OCT_7551,1,credit_card,2,158.1
ORD2018OCT_4165,1,credit_card,1,53.7
ORD2018OCT_772,1,credit_card,3,55.22
ORD2018OCT_9038,1,credit_card,1,369.6
ORD2018OCT_7834,1,voucher,1,58.59
ORD2018OCT_7040,1,credit_card,2,142.96
ORD2018OCT_5954,1,credit_card,4,155.35
ORD2018OCT_5095,1,credit_card,3,38.72
ORD2018OCT_4444,1,credit_card,8,412.96
ORD2018OCT_272,1,credit_card,1,84.59
ORD2018OCT_4895,1,credit_card,3,72.77
ORD2018OCT_4728,1,credit_card,8,350.18
ORD2018OCT_852,1,boleto,1,189.42
ORD2018OCT_3703,1,credit_card,7,92.21
ORD2018OCT_6251,1,credit_card,3,98.12
ORD2018OCT_2624,1,boleto,1,94.99
ORD2018OCT_8378,1,credit_card,1,77.57
ORD2018OCT_9124,1,boleto,1,34.0
ORD2018OCT_7169,4,voucher,1,6.03
ORD2018OCT_753,1,credit_card,2,138.09
ORD2018OCT_9003,1,credit_card,10,438.01
ORD2018OCT_4410,1,credit_card,2,29.51
ORD2018OCT_1694,1,credit_card,2,86.15
ORD2018OCT_1396,1,credit_card,1,139.11
ORD2018OCT_8537,1,credit_card,1,163.77
ORD2018OCT_7820,1,credit_card,3,181.86
ORD2018OCT_7225,1,boleto,1,21.04
ORD2018OCT_8290,1,credit_card,1,286.09
ORD2018OCT_517,1,credit_card,1,73.17
ORD2018OCT_4395,1,credit_card,1,278.11
ORD2018OCT_8226,1,credit_card,10,214.56
ORD2018OCT_2469,1,credit_card,1,73.34
ORD2018OCT_4425,1,credit_card,1,53.83
ORD2018OCT_381,1,credit_card,1,52.69
ORD2018OCT_8635,1,credit_card,8,416.86
ORD2018OCT_9872,1,boleto,1,118.88
ORD2018OCT_1337,1,credit_card,1,161.69
ORD2018OCT_3199,1,boleto,1,147.28
ORD2018OCT_2079,6,voucher,1,8.0
ORD2018OCT_1864,1,boleto,1,102.64
ORD2018OCT_5444,1,credit_card,1,235.83
ORD2018OCT_4117,1,boleto,1,189.33
ORD2018OCT_3209,1,credit_card,2,144.31
ORD2018OCT_696,1,credit_card,8,203.84
ORD2018OCT_6241,1,credit_card,2,286.64
ORD2018OCT_8672,1,credit_card,1,170.86
ORD2018OCT_7495,1,credit_card,1,61.69
ORD2018OCT_5826,1,credit_card,4,191.58
ORD2018OCT_34,1,credit_card,1,58.17
ORD2018OCT_2830,1,credit_card,1,139.5
ORD2018OCT_8776,1,credit_card,3,133.31
ORD2018OCT_9301,1,credit_card,2,140.75
ORD2018OCT_5819,1,credit_card,7,75.25
ORD2018OCT_9534,1,boleto,1,62.84
ORD2018OCT_3701,1,boleto,1,68.84
ORD2018OCT_4701,1,debit_card,1,132.08
ORD2018OCT_8204,1,credit_card,5,112.99
ORD2018OCT_7859,1,credit_card,4,309.12
ORD2018OCT_9429,1,credit_card,3,33.69
ORD2018OCT_56,1,credit_card,3,182.91
ORD2018OCT_6073,1,credit_card,1,76.33
ORD2018OCT_4418,1,credit_card,5,135.92
ORD2018OCT_6180,1,boleto,1,72.68
ORD2018OCT_4419,1,credit_card,10,170.29
ORD2018OCT_8906,1,credit_card,1,250.39
ORD2018OCT_3781,1,credit_card,1,63.27
ORD2018OCT_676,1,debit_card,1,50.62
ORD2018OCT_1647,1,credit_card,2,314.92
ORD2018OCT_6484,1,credit_card,1,50.69
ORD2018OCT_7465,1,credit_card,1,156.42
ORD2018OCT_7466,1,boleto,1,169.22
ORD2018OCT_3299,1,boleto,1,50.25
ORD2018OCT_6503,1,credit_card,1,182.83
ORD2018OCT_8530,1,credit_card,5,101.34
ORD2018OCT_4202,1,boleto,1,432.32
ORD2018OCT_7669,1,credit_card,8,102.64
ORD2018OCT_6024,1,credit_card,1,38.72
ORD2018OCT_5112,1,credit_card,2,94.7
ORD2018OCT_4297,1,credit_card,1,339.31
ORD2018OCT_6423,1,credit_card,6,66.64
ORD2018OCT_2158,1,credit_card,2,148.79
ORD2018OCT_3077,1,credit_card,3,95.3
ORD2018OCT_9218,1,credit_card,1,34.22
ORD2018OCT_5391,1,boleto,1,38.0
ORD2018OCT_7384,1,credit_card,2,193.3
ORD2018OCT_8771,1,boleto,1,149.29
ORD2018OCT_2294,1,credit_card,10,156.73
ORD2018OCT_7414,1,credit_card,1,121.19
ORD2018OCT_788,1,credit_card,1,41.85
ORD2018OCT_8469,1,credit_card,3,175.72
ORD2018OCT_1769,1,credit_card,3,30.05
ORD2018OCT_6678,2,voucher,1,50.0
ORD2018OCT_5511,1,credit_card,2,132.72
ORD2018OCT_5152,1,boleto,1,303.75
ORD2018OCT_5402,1,credit_card,1,58.62
ORD2018OCT_3185,1,credit_card,1,319.89
ORD2018OCT_6936,1,credit_card,3,518.15
ORD2018OCT_5472,2,voucher,1,72.52
ORD2018OCT_3833,1,credit_card,2,125.75
ORD2018OCT_5911,1,boleto,1,44.87
ORD2018OCT_8523,1,boleto,1,77.57
ORD2018OCT_1290,3,voucher,1,18.93
ORD2018OCT_4803,1,boleto,1,433.98
ORD2018OCT_427,1,credit_card,2,310.21
ORD2018OCT_783,1,credit_card,4,95.61
ORD2018OCT_7280,1,boleto,1,78.87
ORD2018OCT_8737,1,credit_card,2,140.56
ORD2018OCT_5110,2,voucher,1,6.0
ORD2018OCT_9,1,credit_card,9,96.65
ORD2018OCT_8892,1,credit_card,3,312.28
ORD2018OCT_6292,1,credit_card,1,69.73
ORD2018OCT_3746,1,credit_card,1,99.43
ORD2018OCT_1751,1,credit_card,8,182.68
ORD2018OCT_2116,1,credit_card,4,48.13
ORD2018OCT_7574,1,boleto,1,55.86
ORD2018OCT_5587,3,voucher,1,11.39
ORD2018OCT_8696,1,credit_card,3,108.2
ORD2018OCT_4820,1,boleto,1,44.38
ORD2018OCT_5986,1,boleto,1,239.05
ORD2018OCT_5674,1,credit_card,4,738.57
ORD2018OCT_8775,1,boleto,1,71.53
ORD2018OCT_6610,1,credit_card,4,303.68
ORD2018OCT_3619,1,credit_card,1,22.62
ORD2018OCT_3787,1,credit_card,4,125.33
ORD2018OCT_3334,1,credit_card,10,227.47
ORD2018OCT_3504,1,credit_card,3,182.46
ORD2018OCT_9805,1,credit_card,1,69.49
ORD2018OCT_4970,1,credit_card,4,48.29
ORD2018OCT_2675,2,voucher,1,34.05
ORD2018OCT_5061,1,credit_card,1,54.0
ORD2018OCT_7840,1,credit_card,3,35.86
ORD2018OCT_1461,1,credit_card,6,310.2
ORD2018OCT_9012,3,voucher,1,10.42
ORD2018OCT_5510,4,voucher,1,50.0
ORD2018OCT_1452,1,credit_card,4,199.15
ORD2018OCT_2107,1,boleto,1,53.61
ORD2018OCT_8751,1,boleto,1,297.21
ORD2018OCT_5312,1,voucher,1,406.6
ORD2018OCT_8336,1,credit_card,3,191.69
ORD2018OCT_8189,2,voucher,1,108.09
ORD2018OCT_4311,2,voucher,1,50.0
ORD2018OCT_6671,2,voucher,1,311.98
ORD2018OCT_6694,1,credit_card,8,86.63
ORD2018OCT_7105,1,credit_card,5,78.8
ORD2018OCT_7764,1,credit_card,1,54.7
ORD2018OCT_6159,1,credit_card,1,175.52
ORD2018OCT_5722,1,voucher,1,104.11
ORD2018OCT_7424,1,boleto,1,138.08
ORD2018OCT_6542,1,credit_card,1,53.48
ORD2018OCT_9455,1,boleto,1,42.46
ORD2018OCT_6276,1,credit_card,1,93.58
ORD2018OCT_3809,2,voucher,1,31.12
ORD2018OCT_4421,1,boleto,1,103.6
ORD2018OCT_7427,1,boleto,1,273.46
ORD2018OCT_5646,1,credit_card,8,236.97
ORD2018OCT_9115,1,credit_card,1,53.52
ORD2018OCT_2514,1,credit_card,3,147.47
ORD2018OCT_582,1,boleto,1,200.52
ORD2018OCT_4521,1,credit_card,1,68.0
ORD2018OCT_7430,2,voucher,1,36.75
ORD2018OCT_5482,1,credit_card,6,761.82
ORD2018OCT_4256,1,credit_card,2,126.72
ORD2018OCT_5031,3,voucher,1,20.0
ORD2018OCT_2083,2,voucher,1,25.0
ORD2018OCT_6258,1,boleto,1,51.78
ORD2018OCT_8491,1,credit_card,3,99.9
ORD2018OCT_1680,1,credit_card,1,27.49
ORD2018OCT_6425,1,boleto,1,56.84
ORD2018OCT_2689,1,credit_card,1,62.15
ORD2018OCT_2987,1,credit_card,2,98.03
ORD2018OCT_2516,1,credit_card,10,1925.81
ORD2018OCT_9834,1,boleto,1,114.44
ORD2018OCT_8320,1,credit_card,2,60.1
ORD2018OCT_7654,1,credit_card,2,129.19
ORD2018OCT_1183,1,credit_card,1,191.46
ORD2018OCT_3831,1,boleto,1,133.28
ORD2018OCT_7339,2,voucher,1,11.8
ORD2018OCT_9323,1,credit_card,3,160.87
ORD2018OCT_357,1,credit_card,3,35.77
ORD2018OCT_9139,1,credit_card,1,106.36
ORD2018OCT_7440,1,debit_card,1,77.57
ORD2018OCT_7894,1,credit_card,7,84.48
ORD2018OCT_4749,1,credit_card,5,142.12
ORD2018OCT_1986,1,credit_card,2,138.93
ORD2018OCT_3877,1,credit_card,5,54.09
ORD2018OCT_4249,1,credit_card,1,43.38
ORD2018OCT_8061,1,credit_card,1,119.79
ORD2018OCT_1091,1,boleto,1,636.74
ORD2018OCT_8595,1,credit_card,5,132.27
ORD2018OCT_3773,1,credit_card,4,181.78
ORD2018OCT_4950,1,credit_card,6,99.34
ORD2018OCT_7430,1,credit_card,7,76.65
ORD2018OCT_8751,1,credit_card,2,62.38
ORD2018OCT_338,1,credit_card,1,28.0
ORD2018OCT_4825,1,credit_card,8,367.6
ORD2018OCT_575,1,credit_card,5,59.84
ORD2018OCT_94,1,credit_card,9,176.74
ORD2018OCT_5229,1,credit_card,2,163.71
ORD2018OCT_7511,1,credit_card,3,39.96
ORD2018OCT_7784,1,credit_card,1,57.27
ORD2018OCT_6683,1,credit_card,7,155.14
ORD2018OCT_5873,4,voucher,1,3.1
ORD2018OCT_5463,1,credit_card,2,28.23
ORD2018OCT_3026,1,credit_card,1,89.17
ORD2018OCT_5512,1,credit_card,2,103.91
ORD2018OCT_113,1,credit_card,1,145.56
ORD2018OCT_332,1,credit_card,1,109.41
ORD2018OCT_7917,1,credit_card,10,160.64
ORD2018OCT_5834,1,credit_card,4,109.81
ORD2018OCT_1875,1,boleto,1,99.33
ORD2018OCT_4290,1,credit_card,6,128.95
ORD2018OCT_9005,1,boleto,1,33.34
ORD2018OCT_3875,1,credit_card,3,95.17
ORD2018OCT_337,1,credit_card,1,129.2
ORD2018OCT_9534,1,credit_card,10,256.15
ORD2018OCT_5221,1,boleto,1,79.53
ORD2018OCT_553,1,boleto,1,93.65
ORD2018OCT_2630,1,credit_card,2,105.89
ORD2018OCT_2219,1,boleto,1,90.88
ORD2018OCT_6303,1,credit_card,9,90.72
ORD2018OCT_3607,2,voucher,1,11.24
ORD2018OCT_7143,1,credit_card,2,173.27
ORD2018OCT_4495,1,credit_card,1,105.87
ORD2018OCT_539,1,debit_card,1,40.04
ORD2018OCT_675,1,credit_card,1,116.43
ORD2018OCT_2819,1,boleto,1,223.78
ORD2018OCT_4315,1,credit_card,5,117.85
ORD2018OCT_6792,1,credit_card,1,101.55
ORD2018OCT_2386,1,credit_card,7,76.87
ORD2018OCT_7385,1,credit_card,1,70.08
ORD2018OCT_9693,1,credit_card,8,329.32
ORD2018OCT_7108,1,boleto,1,167.51
ORD2018OCT_347,1,boleto,1,31.32
ORD2018OCT_3651,1,credit_card,1,17.33
ORD2018OCT_9390,1,credit_card,1,39.53
ORD2018OCT_8011,1,credit_card,8,155.28
ORD2018OCT_2461,1,credit_card,8,195.49
ORD2018OCT_3896,2,voucher,1,50.0
ORD2018OCT_4769,1,credit_card,1,94.94
ORD2018OCT_3407,1,credit_card,4,137.27
ORD2018OCT_2404,1,credit_card,1,85.16
ORD2018OCT_3665,1,credit_card,4,124.62
ORD2018OCT_9597,1,boleto,1,78.21
ORD2018OCT_6360,1,credit_card,2,25.95
ORD2018OCT_6349,1,credit_card,2,103.86
ORD2018OCT_3684,1,credit_card,2,138.72
ORD2018OCT_4334,1,credit_card,2,202.42
ORD2018OCT_9942,1,credit_card,7,372.27
ORD2018OCT_5463,1,credit_card,1,47.43
ORD2018OCT_6033,1,boleto,1,213.38
ORD2018OCT_8247,1,voucher,1,103.14
ORD2018OCT_8843,1,credit_card,1,54.43
ORD2018OCT_8068,1,credit_card,3,48.69
ORD2018OCT_3643,1,credit_card,3,154.62
ORD2018OCT_947,1,credit_card,7,73.34
ORD2018OCT_244,1,credit_card,2,115.45
ORD2018OCT_4919,1,boleto,1,105.28
ORD2018OCT_8178,1,credit_card,3,227.98
ORD2018OCT_3342,1,credit_card,2,102.06
ORD2018OCT_4249,2,voucher,1,55.28
ORD2018OCT_139,1,credit_card,3,109.81
ORD2018OCT_6357,1,credit_card,4,137.0
ORD2018OCT_5963,1,credit_card,5,223.14
ORD2018OCT_8973,1,credit_card,1,24.77
ORD2018OCT_1146,1,credit_card,1,94.99
ORD2018OCT_5417,1,credit_card,3,74.31
ORD2018OCT_509,1,boleto,1,26.44
ORD2018OCT_5644,1,credit_card,1,191.28
ORD2018OCT_5892,1,credit_card,2,42.68
ORD2018OCT_1593,1,credit_card,2,168.83
ORD2018OCT_8505,1,credit_card,2,233.51
ORD2018OCT_5338,1,credit_card,1,50.87
ORD2018OCT_7102,1,voucher,1,94.35
ORD2018OCT_4919,1,credit_card,3,438.52
ORD2018OCT_7932,1,credit_card,4,43.22
ORD2018OCT_3911,1,credit_card,3,39.09
ORD2018OCT_7245,1,credit_card,3,237.48
ORD2018OCT_2935,1,boleto,1,86.78
ORD2018OCT_8767,1,credit_card,3,386.79
ORD2018OCT_3530,1,credit_card,7,144.8
ORD2018OCT_6628,1,credit_card,1,24.73
ORD2018OCT_1131,1,credit_card,2,165.72
ORD2018OCT_7512,1,credit_card,2,194.91
ORD2018OCT_199,1,credit_card,7,70.89
ORD2018OCT_3089,1,credit_card,1,251.65
ORD2018OCT_382,1,boleto,1,137.97
ORD2018OCT_9032,5,voucher,1,6.0
ORD2018OCT_4471,1,credit_card,3,33.78
ORD2018OCT_5442,1,credit_card,2,86.05
ORD2018OCT_9577,1,credit_card,2,37.2
ORD2018OCT_220,1,boleto,1,88.06
ORD2018OCT_2039,1,boleto,1,126.74
ORD2018OCT_6118,1,credit_card,8,151.18
ORD2018OCT_1496,1,credit_card,1,923.17
ORD2018OCT_7525,1,credit_card,2,108.46
ORD2018OCT_6762,1,credit_card,1,19.42
ORD2018OCT_9897,2,voucher,1,3.47
ORD2018OCT_1287,1,credit_card,8,87.84
ORD2018OCT_550,1,credit_card,1,253.11
ORD2018OCT_9516,1,credit_card,2,138.81
ORD2018OCT_3396,1,credit_card,10,872.82
ORD2018OCT_4963,1,credit_card,2,82.87
ORD2018OCT_7192,1,credit_card,3,132.26
ORD2018OCT_3698,1,credit_card,1,89.36
ORD2018OCT_7655,1,credit_card,4,40.55
ORD2018OCT_3876,1,credit_card,11,115.54
ORD2018OCT_3900,1,credit_card,2,57.29
ORD2018OCT_1972,1,credit_card,3,34.13
ORD2018OCT_4909,1,boleto,1,185.52
ORD2018OCT_9860,1,credit_card,5,70.04
ORD2018OCT_7946,1,credit_card,10,1070.74
ORD2018OCT_388,1,credit_card,3,70.43
ORD2018OCT_8854,1,credit_card,1,170.72
ORD2018OCT_513,1,credit_card,4,80.84
ORD2018OCT_8923,1,boleto,1,56.01
ORD2018OCT_1945,1,boleto,1,135.08
ORD2018OCT_1424,1,credit_card,12,124.77
ORD2018OCT_7787,1,credit_card,3,128.85
ORD2018OCT_4332,3,voucher,1,252.97
ORD2018OCT_2998,1,boleto,1,67.64
ORD2018OCT_4030,1,boleto,1,43.1
ORD2018OCT_4883,1,credit_card,1,24.1
ORD2018OCT_1904,2,voucher,1,69.94
ORD2018OCT_8875,1,boleto,1,132.82
ORD2018OCT_3640,1,boleto,1,99.13
ORD2018OCT_2641,1,credit_card,3,169.49
ORD2018OCT_6691,1,credit_card,3,197.72
ORD2018OCT_9654,1,credit_card,8,87.32
ORD2018OCT_4279,1,credit_card,5,83.54
ORD2018OCT_8981,6,voucher,1,4.88
ORD2018OCT_5115,1,credit_card,1,42.4
ORD2018OCT_8458,1,credit_card,1,35.84
ORD2018OCT_8292,1,credit_card,1,39.28
ORD2018OCT_2983,1,boleto,1,81.63
ORD2018OCT_8656,1,boleto,1,57.79
ORD2018OCT_5000,1,credit_card,1,180.46
ORD2018OCT_1352,1,credit_card,2,54.05
ORD2018OCT_1288,2,voucher,1,83.59
ORD2018OCT_2616,1,credit_card,3,186.97
ORD2018OCT_1926,5,voucher,1,8.72
ORD2018OCT_6029,1,credit_card,1,172.59
ORD2018OCT_4035,1,debit_card,1,64.22
ORD2018OCT_4752,1,credit_card,3,77.84
ORD2018OCT_1587,1,credit_card,2,29.41
ORD2018OCT_2739,1,credit_card,1,189.0
ORD2018OCT_1219,1,boleto,1,96.3
ORD2018OCT_3615,1,credit_card,1,53.22
ORD2018OCT_410,1,credit_card,2,56.85
ORD2018OCT_492,1,credit_card,2,20.75
ORD2018OCT_4233,1,credit_card,6,70.52
ORD2018OCT_3888,1,boleto,1,34.17
ORD2018OCT_4849,1,credit_card,1,86.25
ORD2018OCT_8319,1,credit_card,1,27.84
ORD2018OCT_1624,1,credit_card,3,175.5
ORD2018OCT_4619,1,credit_card,6,1140.23
ORD2018OCT_9716,1,boleto,1,138.73
ORD2018OCT_258,1,credit_card,1,35.77
ORD2018OCT_6260,1,boleto,1,106.75
ORD2018OCT_6344,1,credit_card,6,115.58
ORD2018OCT_9707,1,credit_card,2,146.52
ORD2018OCT_8131,1,credit_card,3,34.09
ORD2018OCT_1118,1,credit_card,6,136.6
ORD2018OCT_3963,2,credit_card,1,25.77
ORD2018OCT_265,1,boleto,1,81.14
ORD2018OCT_4969,1,boleto,1,136.99
ORD2018OCT_6722,1,credit_card,4,244.05
ORD2018OCT_4476,1,credit_card,10,184.39
ORD2018OCT_368,1,credit_card,7,146.84
ORD2018OCT_3611,1,credit_card,4,84.76
ORD2018OCT_7119,1,boleto,1,103.75
ORD2018OCT_4400,1,boleto,1,35.77
ORD2018OCT_5433,1,credit_card,1,25.75
ORD2018OCT_3953,1,credit_card,1,27.09
ORD2018OCT_758,1,credit_card,10,188.65
ORD2018OCT_3312,1,credit_card,4,86.48
ORD2018OCT_2681,1,credit_card,10,215.8
ORD2018OCT_3969,1,credit_card,3,128.8
ORD2018OCT_1388,1,boleto,1,32.77
ORD2018OCT_903,1,credit_card,5,57.99
ORD2018OCT_2216,1,credit_card,2,354.45
ORD2018OCT_643,1,credit_card,1,82.97
ORD2018OCT_8116,1,boleto,1,89.27
ORD2018OCT_9539,1,credit_card,3,64.4
ORD2018OCT_8833,1,credit_card,6,166.62
ORD2018OCT_1165,1,boleto,1,37.58
ORD2018OCT_8845,1,credit_card,8,516.97
ORD2018OCT_8085,1,credit_card,1,302.33
ORD2018OCT_9565,1,credit_card,3,169.05
ORD2018OCT_762,1,credit_card,1,82.5
ORD2018OCT_13,1,credit_card,1,369.6
ORD2018OCT_5810,1,credit_card,3,195.0
ORD2018OCT_9897,1,credit_card,1,47.23
ORD2018OCT_2188,1,credit_card,1,79.0
ORD2018OCT_8366,1,credit_card,4,97.43
ORD2018OCT_6583,1,credit_card,8,228.63
ORD2018OCT_1999,1,credit_card,1,63.52
ORD2018OCT_9610,1,credit_card,8,156.63
ORD2018OCT_7023,1,boleto,1,27.1
ORD2018OCT_9732,1,boleto,1,114.77
ORD2018OCT_3221,1,credit_card,1,23.68
ORD2018OCT_5026,1,boleto,1,62.23
ORD2018OCT_2808,1,credit_card,3,131.38
ORD2018OCT_8931,1,boleto,1,215.14
ORD2018OCT_3300,1,credit_card,2,28.1
ORD2018OCT_8791,1,boleto,1,76.33
ORD2018OCT_7721,1,boleto,1,246.28
ORD2018OCT_6448,1,credit_card,3,31.38
ORD2018OCT_8353,1,credit_card,6,138.08
ORD2018OCT_6756,1,credit_card,1,108.81
ORD2018OCT_4089,1,credit_card,1,125.58
ORD2018OCT_4518,1,boleto,1,102.64
ORD2018OCT_7195,1,boleto,1,133.22
ORD2018OCT_1624,1,credit_card,3,84.2
ORD2018OCT_8963,1,credit_card,7,157.84
ORD2018OCT_3335,1,credit_card,4,299.78
ORD2018OCT_6027,1,boleto,1,73.49
ORD2018OCT_3548,2,credit_card,2,179.77
ORD2018OCT_5881,1,credit_card,4,219.2
ORD2018OCT_2880,1,credit_card,1,137.6
ORD2018OCT_2846,1,credit_card,5,140.51
ORD2018OCT_6084,1,credit_card,1,21.1
ORD2018OCT_8324,1,credit_card,2,174.86
ORD2018OCT_8138,1,credit_card,1,34.09
ORD2018OCT_8088,1,credit_card,2,42.69
ORD2018OCT_7581,1,credit_card,1,48.82
ORD2018OCT_7376,1,credit_card,2,50.32
ORD2018OCT_7385,1,credit_card,10,144.57
ORD2018OCT_1283,1,credit_card,7,110.44
ORD2018OCT_7766,1,credit_card,3,160.51
ORD2018OCT_72,1,boleto,1,378.67
ORD2018OCT_8484,1,boleto,1,165.96
ORD2018OCT_1765,1,credit_card,2,88.69
ORD2018OCT_4706,1,boleto,1,335.31
ORD2018OCT_8790,1,credit_card,4,42.77
ORD2018OCT_6350,1,credit_card,1,44.75
ORD2018OCT_613,1,credit_card,4,210.48
ORD2018OCT_988,1,voucher,1,30.0
ORD2018OCT_65,1,credit_card,10,466.89
ORD2018OCT_1082,1,boleto,1,22.18
ORD2018OCT_4056,1,credit_card,10,458.51
ORD2018OCT_9403,1,credit_card,1,29.94
ORD2018OCT_6706,1,credit_card,5,51.1
ORD2018OCT_6409,1,credit_card,3,147.57
ORD2018OCT_1037,1,boleto,1,63.61
ORD2018OCT_9583,1,boleto,1,129.19
ORD2018OCT_498,1,credit_card,4,70.63
ORD2018OCT_9386,1,credit_card,2,221.93
ORD2018OCT_4795,1,credit_card,1,45.09
ORD2018OCT_3989,1,credit_card,8,226.24
ORD2018OCT_4824,1,credit_card,3,35.96
ORD2018OCT_7380,1,credit_card,1,60.23
ORD2018OCT_2555,1,boleto,1,173.88
ORD2018OCT_7776,1,credit_card,1,87.64
ORD2018OCT_1157,1,boleto,1,175.32
ORD2018OCT_2092,1,credit_card,2,65.37
ORD2018OCT_2462,1,boleto,1,295.56
ORD2018OCT_5393,1,credit_card,2,217.37
ORD2018OCT_9336,1,credit_card,6,107.78
ORD2018OCT_3685,1,credit_card,10,425.51
ORD2018OCT_1423,1,credit_card,1,248.38
ORD2018OCT_6295,1,credit_card,1,58.34
ORD2018OCT_479,1,credit_card,1,49.47
ORD2018OCT_7656,1,credit_card,3,32.0
ORD2018OCT_3039,1,credit_card,4,223.98
ORD2018OCT_951,1,credit_card,8,207.2
ORD2018OCT_8714,1,credit_card,1,113.86
ORD2018OCT_8658,1,boleto,1,64.01
ORD2018OCT_9190,1,credit_card,1,31.33
ORD2018OCT_4029,1,voucher,1,46.38
ORD2018OCT_4578,1,credit_card,1,73.96
ORD2018OCT_2598,1,credit_card,3,231.6
ORD2018OCT_8068,1,boleto,1,59.22
ORD2018OCT_3200,1,credit_card,10,158.98
ORD2018OCT_9408,1,credit_card,1,47.67
ORD2018OCT_5415,1,credit_card,1,120.21
ORD2018OCT_1372,1,boleto,1,64.14
ORD2018OCT_4145,1,credit_card,1,24.23
ORD2018OCT_7549,1,credit_card,2,188.77
ORD2018OCT_6393,1,credit_card,8,210.23
ORD2018OCT_2412,1,credit_card,10,298.48
ORD2018OCT_6127,1,boleto,1,58.37
ORD2018OCT_2284,1,boleto,1,256.11
ORD2018OCT_5745,1,credit_card,2,125.8
ORD2018OCT_3504,3,voucher,1,8.13
ORD2018OCT_4397,1,boleto,1,49.49
ORD2018OCT_7553,1,boleto,1,510.81
ORD2018OCT_8812,1,credit_card,4,126.81
ORD2018OCT_3873,1,boleto,1,47.81
ORD2018OCT_9414,1,boleto,1,88.19
ORD2018OCT_128,1,credit_card,2,47.29
ORD2018OCT_5011,1,credit_card,4,48.17
ORD2018OCT_1564,1,credit_card,1,43.69
ORD2018OCT_7251,1,boleto,1,59.22
ORD2018OCT_6851,1,credit_card,3,74.49
ORD2018OCT_8418,1,credit_card,2,119.39
ORD2018OCT_2813,1,boleto,1,162.55
ORD2018OCT_1061,1,credit_card,10,203.83
ORD2018OCT_7180,1,credit_card,8,581.11
ORD2018OCT_696,1,credit_card,3,179.82
ORD2018OCT_1155,1,credit_card,1,80.2
ORD2018OCT_9859,1,credit_card,5,53.84
ORD2018OCT_2917,1,credit_card,4,48.3
ORD2018OCT_1445,1,credit_card,7,149.0
ORD2018OCT_9617,1,credit_card,3,128.89
ORD2018OCT_1453,1,credit_card,1,39.26
ORD2018OCT_3732,1,boleto,1,459.92
ORD2018OCT_8789,2,voucher,1,30.83
ORD2018OCT_3043,1,credit_card,10,115.18
ORD2018OCT_5991,1,credit_card,5,169.73
ORD2018OCT_3920,1,credit_card,1,64.35
ORD2018OCT_2391,1,credit_card,3,122.76
ORD2018OCT_9103,1,debit_card,1,50.1
ORD2018OCT_5195,1,credit_card,6,63.27
ORD2018OCT_2302,1,credit_card,10,276.71
ORD2018OCT_8550,1,credit_card,3,587.72
ORD2018OCT_8202,1,credit_card,1,36.73
ORD2018OCT_1990,1,credit_card,1,43.31
ORD2018OCT_8912,1,credit_card,8,193.67
ORD2018OCT_8728,1,credit_card,5,88.87
ORD2018OCT_585,1,boleto,1,54.69
ORD2018OCT_3182,1,credit_card,2,137.24
ORD2018OCT_516,1,credit_card,8,437.65
ORD2018OCT_4387,1,credit_card,1,36.69
ORD2018OCT_8514,1,credit_card,6,92.18
ORD2018OCT_1244,1,credit_card,6,190.98
ORD2018OCT_9907,1,credit_card,2,210.22
ORD2018OCT_7708,1,voucher,1,31.77
ORD2018OCT_6754,1,credit_card,4,309.28
ORD2018OCT_9314,1,credit_card,2,27.14
ORD2018OCT_2823,1,credit_card,2,167.77
ORD2018OCT_4698,1,credit_card,3,168.59
ORD2018OCT_3494,1,credit_card,5,265.84
ORD2018OCT_1497,1,boleto,1,62.08
ORD2018OCT_2383,2,voucher,1,25.0
ORD2018OCT_322,3,voucher,1,5.5
ORD2018OCT_2283,1,credit_card,3,179.36
ORD2018OCT_7017,1,boleto,1,264.07
ORD2018OCT_6077,1,credit_card,6,120.09
ORD2018OCT_2790,1,boleto,1,57.5
ORD2018OCT_2839,1,credit_card,2,166.29
ORD2018OCT_1102,1,credit_card,1,1817.54
ORD2018OCT_1865,1,credit_card,3,666.27
ORD2018OCT_841,1,credit_card,4,136.86
ORD2018OCT_3546,1,credit_card,6,135.0
ORD2018OCT_6572,1,credit_card,10,227.27
ORD2018OCT_5057,1,credit_card,1,292.74
ORD2018OCT_5798,1,credit_card,8,340.12
ORD2018OCT_6775,1,credit_card,10,516.42
ORD2018OCT_829,1,credit_card,4,49.78
ORD2018OCT_2061,1,credit_card,1,47.31
ORD2018OCT_8166,1,credit_card,1,141.78
ORD2018OCT_180,1,credit_card,3,137.16
ORD2018OCT_6810,1,credit_card,5,54.1
ORD2018OCT_2453,1,credit_card,1,157.45
ORD2018OCT_9286,1,credit_card,8,94.92
ORD2018OCT_7891,1,credit_card,4,163.84
ORD2018OCT_2031,1,credit_card,2,68.99
ORD2018OCT_7515,1,credit_card,4,116.9
ORD2018OCT_8565,1,credit_card,9,97.06
ORD2018OCT_7811,1,credit_card,1,129.86
ORD2018OCT_2924,1,boleto,1,18.56
ORD2018OCT_9197,1,credit_card,8,228.03
ORD2018OCT_2391,1,credit_card,1,125.84
ORD2018OCT_9730,1,boleto,1,78.93
ORD2018OCT_4004,1,boleto,1,88.29
ORD2018OCT_7778,1,boleto,1,96.8
ORD2018OCT_7968,1,credit_card,1,53.05
ORD2018OCT_456,1,credit_card,2,50.47
ORD2018OCT_8102,1,credit_card,7,76.79
ORD2018OCT_4826,1,credit_card,4,84.17
ORD2018OCT_925,1,credit_card,3,61.77
ORD2018OCT_7449,1,boleto,1,30.22
ORD2018OCT_830,2,voucher,1,112.67
ORD2018OCT_3868,1,credit_card,1,383.99
ORD2018OCT_1540,1,credit_card,1,87.63
ORD2018OCT_91,1,credit_card,1,30.3
ORD2018OCT_410,1,boleto,1,131.61
ORD2018OCT_2249,1,credit_card,1,118.9
ORD2018OCT_5849,3,voucher,1,28.28
ORD2018OCT_9849,1,credit_card,9,96.93
ORD2018OCT_8390,1,credit_card,3,74.29
ORD2018OCT_2508,1,credit_card,9,889.93
ORD2018OCT_7238,1,credit_card,4,133.97
ORD2018OCT_3039,1,credit_card,2,101.21
ORD2018OCT_7685,1,boleto,1,41.32
ORD2018OCT_6426,1,credit_card,5,58.0
ORD2018OCT_6646,1,credit_card,8,521.31
ORD2018OCT_8038,1,credit_card,3,103.6
ORD2018OCT_8707,1,boleto,1,376.87
ORD2018OCT_2871,1,debit_card,1,373.37
ORD2018OCT_8837,1,credit_card,3,219.43
ORD2018OCT_7145,1,boleto,1,601.19
ORD2018OCT_112,1,credit_card,1,245.35
ORD2018OCT_7741,1,credit_card,1,34.58
ORD2018OCT_4675,1,debit_card,1,210.99
ORD2018OCT_1530,1,boleto,1,37.58
ORD2018OCT_6222,1,credit_card,2,110.0
ORD2018OCT_4908,1,credit_card,1,43.27
ORD2018OCT_5722,1,boleto,1,236.21
ORD2018OCT_2919,1,credit_card,1,45.86
ORD2018OCT_6475,1,credit_card,3,187.83
ORD2018OCT_4125,1,credit_card,1,37.41
ORD2018OCT_6878,1,boleto,1,75.17
ORD2018OCT_4801,1,credit_card,6,253.84
ORD2018OCT_2129,1,credit_card,1,76.87
ORD2018OCT_5655,1,credit_card,1,57.0
ORD2018OCT_6112,1,credit_card,1,1759.04
ORD2018OCT_9080,1,credit_card,2,67.62
ORD2018OCT_530,1,credit_card,2,69.73
ORD2018OCT_5898,1,boleto,1,58.37
ORD2018OCT_921,1,credit_card,1,45.61
ORD2018OCT_5926,1,credit_card,4,199.96
ORD2018OCT_116,2,voucher,1,15.34
ORD2018OCT_3748,1,credit_card,1,75.2
ORD2018OCT_4955,1,credit_card,10,164.4
ORD2018OCT_1225,1,credit_card,3,107.27
ORD2018OCT_8505,1,credit_card,1,86.72
ORD2018OCT_4659,1,debit_card,1,174.75
ORD2018OCT_9589,1,credit_card,1,42.58
ORD2018OCT_5106,1,credit_card,2,159.89
ORD2018OCT_1456,1,boleto,1,54.58
ORD2018OCT_9595,1,credit_card,2,23.5
ORD2018OCT_8037,1,credit_card,1,86.64
ORD2018OCT_4746,1,credit_card,2,65.09
ORD2018OCT_1685,1,boleto,1,53.14
ORD2018OCT_7627,1,credit_card,3,72.02
ORD2018OCT_4217,1,credit_card,1,126.99
ORD2018OCT_9156,1,credit_card,2,41.01
ORD2018OCT_800,1,credit_card,2,129.91
ORD2018OCT_7493,1,boleto,1,62.31
ORD2018OCT_558,1,credit_card,4,82.9
ORD2018OCT_9401,1,credit_card,3,166.52
ORD2018OCT_3668,3,voucher,1,26.59
ORD2018OCT_10,1,credit_card,3,33.78
ORD2018OCT_6772,1,credit_card,1,196.34
ORD2018OCT_3670,1,credit_card,15,182.34
ORD2018OCT_5130,1,credit_card,2,201.84
ORD2018OCT_5995,1,credit_card,2,161.69
ORD2018OCT_2202,1,credit_card,5,107.03
ORD2018OCT_6764,2,voucher,1,45.1
ORD2018OCT_4499,1,credit_card,4,196.75
ORD2018OCT_8264,1,credit_card,8,118.87
ORD2018OCT_1340,1,credit_card,7,74.07
ORD2018OCT_8538,1,boleto,1,33.85
ORD2018OCT_1893,1,credit_card,4,203.91
ORD2018OCT_9704,1,credit_card,10,520.02
ORD2018OCT_1640,1,credit_card,8,81.89
ORD2018OCT_3359,1,boleto,1,71.31
ORD2018OCT_5422,1,voucher,1,104.12
ORD2018OCT_7772,1,voucher,1,181.33
ORD2018OCT_2174,1,credit_card,10,1530.5
ORD2018OCT_5461,1,boleto,1,140.49
ORD2018OCT_7740,1,boleto,1,89.88
ORD2018OCT_1538,1,credit_card,6,102.96
ORD2018OCT_7193,1,credit_card,2,115.59
ORD2018OCT_5329,1,credit_card,3,38.79
ORD2018OCT_3423,1,credit_card,1,18.38
ORD2018OCT_7793,1,credit_card,8,129.2
ORD2018OCT_797,1,credit_card,10,382.88
ORD2018OCT_4408,1,boleto,1,81.38
ORD2018OCT_6783,1,credit_card,1,35.42
ORD2018OCT_7245,1,credit_card,10,107.78
ORD2018OCT_2543,1,credit_card,1,90.83
ORD2018OCT_4514,1,credit_card,1,87.16
ORD2018OCT_3252,1,credit_card,3,154.04
ORD2018OCT_3203,1,credit_card,3,277.63
ORD2018OCT_8014,1,credit_card,1,45.95
ORD2018OCT_6469,1,credit_card,9,90.18
ORD2018OCT_9220,1,credit_card,1,56.38
ORD2018OCT_4759,1,boleto,1,65.0
ORD2018OCT_3171,1,credit_card,7,75.65
ORD2018OCT_7976,1,boleto,1,319.17
ORD2018OCT_5202,1,credit_card,2,247.83
ORD2018OCT_5661,1,credit_card,9,92.9
ORD2018OCT_2694,1,credit_card,1,161.92
ORD2018OCT_1346,1,credit_card,10,279.94
ORD2018OCT_2655,1,boleto,1,91.18
ORD2018OCT_6215,1,boleto,1,79.33
ORD2018OCT_9564,1,credit_card,1,58.03
ORD2018OCT_1399,1,credit_card,10,123.05
ORD2018OCT_2240,1,credit_card,1,138.14
ORD2018OCT_4971,1,credit_card,6,65.5
ORD2018OCT_902,1,credit_card,2,220.64
ORD2018OCT_9646,1,credit_card,1,68.35
ORD2018OCT_3837,1,boleto,1,124.02
ORD2018OCT_1056,1,credit_card,8,99.34
ORD2018OCT_5606,1,boleto,1,250.73
ORD2018OCT_1307,1,credit_card,8,407.02
ORD2018OCT_5719,1,credit_card,1,27.48
ORD2018OCT_1348,1,boleto,1,59.22
ORD2018OCT_6414,1,credit_card,5,503.28
ORD2018OCT_5735,1,credit_card,4,108.51
ORD2018OCT_450,1,credit_card,2,139.71
ORD2018OCT_6567,1,boleto,1,169.14
ORD2018OCT_6325,1,boleto,1,71.88
ORD2018OCT_4650,1,credit_card,2,151.18
ORD2018OCT_1152,1,credit_card,1,45.97
ORD2018OCT_5234,2,voucher,1,353.43
ORD2018OCT_6824,1,credit_card,7,360.85
ORD2018OCT_1161,1,credit_card,1,287.54
ORD2018OCT_1295,1,credit_card,4,309.5
ORD2018OCT_6310,1,credit_card,1,189.62
ORD2018OCT_6063,1,boleto,1,33.1
ORD2018OCT_1045,1,credit_card,1,50.13
ORD2018OCT_7673,1,credit_card,10,819.35
ORD2018OCT_6810,1,credit_card,6,363.15
ORD2018OCT_6628,1,credit_card,2,37.0
ORD2018OCT_2773,1,boleto,1,77.57
ORD2018OCT_7084,1,credit_card,8,242.59
ORD2018OCT_456,1,credit_card,4,134.92
ORD2018OCT_9378,1,credit_card,5,1082.66
ORD2018OCT_226,1,boleto,1,53.0
ORD2018OCT_8179,1,credit_card,5,93.49
ORD2018OCT_2376,1,credit_card,4,46.22
ORD2018OCT_365,1,boleto,1,69.33
ORD2018OCT_8275,1,credit_card,2,116.94
ORD2018OCT_9230,1,boleto,1,237.99
ORD2018OCT_9263,1,credit_card,4,217.09
ORD2018OCT_2344,1,credit_card,10,128.1
ORD2018OCT_8101,4,voucher,1,12.7
ORD2018OCT_2757,5,voucher,1,9.11
ORD2018OCT_1782,1,boleto,1,36.24
ORD2018OCT_2690,1,boleto,1,297.64
ORD2018OCT_4495,1,credit_card,1,40.96
ORD2018OCT_4314,1,credit_card,2,396.2
ORD2018OCT_7045,1,credit_card,8,923.63
ORD2018OCT_3525,1,credit_card,1,89.24
ORD2018OCT_3309,1,credit_card,2,132.08
ORD2018OCT_3159,1,credit_card,6,157.54
ORD2018OCT_886,1,credit_card,1,49.34
ORD2018OCT_2499,1,credit_card,10,114.52
ORD2018OCT_7163,1,credit_card,10,163.21
ORD2018OCT_9452,1,credit_card,2,27.39
ORD2018OCT_7012,1,boleto,1,84.65
ORD2018OCT_1037,1,credit_card,1,119.57
ORD2018OCT_4803,1,credit_card,4,314.81
ORD2018OCT_1951,1,credit_card,8,413.58
ORD2018OCT_7295,1,credit_card,3,138.75
ORD2018OCT_3542,1,credit_card,1,41.42
ORD2018OCT_3455,1,credit_card,3,279.78
ORD2018OCT_4198,1,boleto,1,312.49
ORD2018OCT_1960,1,credit_card,3,135.72
ORD2018OCT_7834,1,boleto,1,62.91
ORD2018OCT_6395,1,credit_card,1,42.68
ORD2018OCT_8126,1,credit_card,7,377.07
ORD2018OCT_2686,1,credit_card,3,72.14
ORD2018OCT_573,1,credit_card,1,52.09
ORD2018OCT_3704,1,boleto,1,132.57
ORD2018OCT_1698,1,boleto,1,421.65
ORD2018OCT_3979,2,voucher,1,27.14
ORD2018OCT_6680,1,boleto,1,96.01
ORD2018OCT_5501,1,boleto,1,96.67
ORD2018OCT_5221,1,credit_card,2,190.37
ORD2018OCT_3175,1,boleto,1,66.31
ORD2018OCT_4896,1,boleto,1,77.89
ORD2018OCT_6702,1,credit_card,2,79.62
ORD2018OCT_8093,1,credit_card,2,53.49
ORD2018OCT_6758,1,boleto,1,89.46
ORD2018OCT_6941,1,boleto,1,145.56
ORD2018OCT_3560,1,credit_card,2,159.21
ORD2018OCT_1228,1,credit_card,8,196.52
ORD2018OCT_4545,1,boleto,1,153.1
ORD2018OCT_6050,1,credit_card,2,21.16
ORD2018OCT_5685,1,credit_card,1,86.08
ORD2018OCT_9326,1,boleto,1,50.68
ORD2018OCT_7673,1,credit_card,1,79.19
ORD2018OCT_5737,1,credit_card,9,529.34
ORD2018OCT_2531,1,credit_card,2,200.74
ORD2018OCT_6126,1,debit_card,1,381.88
ORD2018OCT_4394,1,credit_card,2,157.28
ORD2018OCT_1652,1,boleto,1,38.04
ORD2018OCT_1302,1,boleto,1,19.64
ORD2018OCT_1610,1,boleto,1,52.22
ORD2018OCT_3014,1,credit_card,3,38.84
ORD2018OCT_3684,1,credit_card,1,47.22
ORD2018OCT_8661,1,boleto,1,148.01
ORD2018OCT_2312,1,credit_card,2,68.78
ORD2018OCT_8136,1,credit_card,6,68.22
ORD2018OCT_6352,1,credit_card,1,56.92
ORD2018OCT_2528,1,credit_card,1,131.47
ORD2018OCT_4840,1,credit_card,8,514.28
ORD2018OCT_8808,1,credit_card,3,247.14
ORD2018OCT_652,1,credit_card,3,1783.44
ORD2018OCT_1170,1,credit_card,3,80.15
ORD2018OCT_301,1,credit_card,1,16.43
ORD2018OCT_7668,7,voucher,1,300.0
ORD2018OCT_6494,1,credit_card,2,53.35
ORD2018OCT_5285,1,boleto,1,131.31
ORD2018OCT_2203,1,credit_card,1,84.48
ORD2018OCT_3203,1,credit_card,2,59.67
ORD2018OCT_4849,1,credit_card,9,534.36
ORD2018OCT_3022,1,credit_card,1,121.33
ORD2018OCT_4956,1,credit_card,1,52.77
ORD2018OCT_3905,1,debit_card,1,58.03
ORD2018OCT_4935,1,credit_card,8,105.29
ORD2018OCT_8238,1,credit_card,1,128.96
ORD2018OCT_5210,2,voucher,1,1201.08
ORD2018OCT_808,1,credit_card,1,28.75
ORD2018OCT_8941,1,credit_card,1,71.74
ORD2018OCT_4281,1,credit_card,1,232.44
ORD2018OCT_9817,1,credit_card,2,224.87
ORD2018OCT_7782,1,credit_card,10,127.04
ORD2018OCT_170,1,credit_card,1,31.27
ORD2018OCT_3321,1,credit_card,3,186.19
ORD2018OCT_4938,1,credit_card,9,317.34
ORD2018OCT_4167,1,credit_card,3,161.62
ORD2018OCT_6509,1,credit_card,3,82.74
ORD2018OCT_3614,1,credit_card,3,80.55
ORD2018OCT_136,1,credit_card,2,114.53
ORD2018OCT_3198,1,credit_card,3,69.9
ORD2018OCT_9375,1,credit_card,6,908.31
ORD2018OCT_153,1,credit_card,2,350.63
ORD2018OCT_3789,1,credit_card,10,675.01
ORD2018OCT_3946,1,credit_card,1,125.42
ORD2018OCT_6084,1,credit_card,1,311.7
ORD2018OCT_7064,1,credit_card,2,83.79
ORD2018OCT_4180,2,voucher,1,54.27
ORD2018OCT_7153,1,credit_card,2,44.36
ORD2018OCT_9606,1,boleto,1,1462.65
ORD2018OCT_5746,1,boleto,1,114.44
ORD2018OCT_876,1,voucher,1,18.45
ORD2018OCT_5191,1,credit_card,2,58.76
ORD2018OCT_6827,1,boleto,1,85.48
ORD2018OCT_7188,1,credit_card,3,37.09
ORD2018OCT_4971,1,credit_card,10,636.74
ORD2018OCT_5600,1,credit_card,2,199.98
ORD2018OCT_2611,1,credit_card,1,37.36
ORD2018OCT_8326,1,credit_card,4,134.43
ORD2018OCT_5822,1,credit_card,5,119.66
ORD2018OCT_1836,1,credit_card,6,342.15
ORD2018OCT_6067,1,boleto,1,75.67
ORD2018OCT_9756,1,credit_card,10,346.06
ORD2018OCT_4201,1,credit_card,2,207.43
ORD2018OCT_2866,1,credit_card,8,204.11
ORD2018OCT_1814,1,boleto,1,61.01
ORD2018OCT_9145,1,credit_card,1,47.7
ORD2018OCT_3565,1,credit_card,1,1.14
ORD2018OCT_6446,1,boleto,1,32.77
ORD2018OCT_6901,1,boleto,1,58.27
ORD2018OCT_9764,1,credit_card,1,308.58
ORD2018OCT_8581,1,voucher,1,42.62
ORD2018OCT_4349,1,boleto,1,135.72
ORD2018OCT_8353,1,credit_card,5,107.78
ORD2018OCT_7039,1,boleto,1,119.28
ORD2018OCT_1067,1,credit_card,5,111.74
ORD2018OCT_4205,1,boleto,1,43.69
ORD2018OCT_2105,1,credit_card,1,75.42
ORD2018OCT_2818,1,boleto,1,65.0
ORD2018OCT_4697,1,boleto,1,107.55
ORD2018OCT_6915,1,credit_card,6,109.68
ORD2018OCT_4655,1,boleto,1,238.69
ORD2018OCT_9100,1,credit_card,1,90.0
ORD2018OCT_7734,1,boleto,1,27.68
ORD2018OCT_8845,1,credit_card,1,45.3
ORD2018OCT_8313,2,voucher,1,30.0
ORD2018OCT_4516,1,boleto,1,83.75
ORD2018OCT_6400,1,credit_card,2,116.9
ORD2018OCT_8225,1,credit_card,1,164.06
ORD2018OCT_4507,1,credit_card,4,387.7
ORD2018OCT_50,1,credit_card,1,39.09
ORD2018OCT_7502,1,credit_card,3,153.96
ORD2018OCT_2152,1,credit_card,5,59.08
ORD2018OCT_4970,1,boleto,1,73.97
ORD2018OCT_8326,1,credit_card,1,121.18
ORD2018OCT_6011,1,credit_card,6,61.97
ORD2018OCT_5887,1,credit_card,3,30.29
ORD2018OCT_8959,1,credit_card,2,89.27
ORD2018OCT_8327,1,credit_card,5,55.0
ORD2018OCT_5954,1,credit_card,1,39.1
ORD2018OCT_809,1,boleto,1,79.8
ORD2018OCT_4642,1,credit_card,2,166.29
ORD2018OCT_1297,10,voucher,1,1.3
ORD2018OCT_9058,1,credit_card,4,532.55
ORD2018OCT_6518,1,voucher,1,37.29
ORD2018OCT_2846,1,credit_card,1,107.92
ORD2018OCT_9881,1,credit_card,2,83.87
ORD2018OCT_8692,1,boleto,1,137.73
ORD2018OCT_7798,1,credit_card,1,44.09
ORD2018OCT_5329,1,credit_card,1,5.09
ORD2018OCT_6633,1,credit_card,1,71.56
ORD2018OCT_1790,1,debit_card,1,203.03
ORD2018OCT_452,1,credit_card,1,57.03
ORD2018OCT_5286,1,credit_card,1,11.55
ORD2018OCT_3873,1,credit_card,7,70.91
ORD2018OCT_2750,1,voucher,1,41.0
ORD2018OCT_5591,1,credit_card,2,64.09
ORD2018OCT_377,1,boleto,1,225.15
ORD2018OCT_4180,3,voucher,1,20.77
ORD2018OCT_8659,1,credit_card,2,29.74
ORD2018OCT_6238,1,credit_card,7,159.26
ORD2018OCT_7610,2,voucher,1,218.01
ORD2018OCT_7700,1,credit_card,1,109.17
ORD2018OCT_9631,1,credit_card,1,68.97
ORD2018OCT_3275,1,credit_card,5,144.03
ORD2018OCT_7515,1,boleto,1,68.27
ORD2018OCT_2657,1,boleto,1,90.0
ORD2018OCT_3933,1,credit_card,2,135.94
ORD2018OCT_5539,1,credit_card,8,315.34
ORD2018OCT_5924,1,credit_card,1,37.37
ORD2018OCT_6125,1,boleto,1,58.73
ORD2018OCT_3192,1,boleto,1,795.95
ORD2018OCT_8188,1,boleto,1,126.87
ORD2018OCT_8237,1,credit_card,3,207.25
ORD2018OCT_6344,1,credit_card,2,23.89
ORD2018OCT_7445,1,boleto,1,388.74
ORD2018OCT_4065,1,debit_card,1,19.77
ORD2018OCT_1602,1,debit_card,1,185.2
ORD2018OCT_5453,1,credit_card,2,57.51
ORD2018OCT_8603,1,credit_card,6,140.61
ORD2018OCT_3040,1,credit_card,10,197.96
ORD2018OCT_3026,1,boleto,1,51.79
ORD2018OCT_565,1,credit_card,2,42.32
ORD2018OCT_972,1,voucher,1,20.0
ORD2018OCT_8353,1,debit_card,1,70.07
ORD2018OCT_8806,1,boleto,1,27.48
ORD2018OCT_5125,1,credit_card,1,11.78
ORD2018OCT_7273,1,credit_card,2,420.88
ORD2018OCT_155,1,boleto,1,174.39
ORD2018OCT_5852,1,credit_card,5,113.44
ORD2018OCT_8290,1,credit_card,3,86.25
ORD2018OCT_7078,1,boleto,1,31.75
ORD2018OCT_624,1,credit_card,1,57.69
ORD2018OCT_3401,1,credit_card,1,114.22
ORD2018OCT_3559,1,credit_card,1,34.65
ORD2018OCT_2680,1,credit_card,10,2621.29
ORD2018OCT_1237,1,credit_card,1,91.66
ORD2018OCT_9326,1,credit_card,3,161.69
ORD2018OCT_7439,1,boleto,1,104.37
ORD2018OCT_7757,1,credit_card,1,27.69
ORD2018OCT_7998,1,credit_card,7,99.43
ORD2018OCT_647,1,credit_card,1,200.64
ORD2018OCT_6395,1,credit_card,4,40.62
ORD2018OCT_1935,1,debit_card,1,82.95
ORD2018OCT_1688,1,credit_card,6,187.15
ORD2018OCT_2271,1,credit_card,1,82.68
ORD2018OCT_2067,1,credit_card,1,62.33
ORD2018OCT_1063,1,boleto,1,21.75
ORD2018OCT_1183,1,credit_card,5,158.28
ORD2018OCT_8274,1,credit_card,1,39.09
ORD2018OCT_1797,1,credit_card,5,125.5
ORD2018OCT_1132,1,boleto,1,108.88
ORD2018OCT_9270,1,credit_card,6,170.01
ORD2018OCT_6908,1,credit_card,1,154.87
ORD2018OCT_8907,1,boleto,1,114.65
ORD2018OCT_3909,1,credit_card,1,48.91
ORD2018OCT_1113,1,credit_card,12,198.41
ORD2018OCT_2234,1,credit_card,2,116.24
ORD2018OCT_9712,1,credit_card,2,61.0
ORD2018OCT_1965,1,credit_card,2,20.93
ORD2018OCT_1158,1,credit_card,1,87.64
ORD2018OCT_7816,1,credit_card,6,138.31
ORD2018OCT_9433,1,credit_card,1,45.3
ORD2018OCT_1296,1,credit_card,5,59.93
ORD2018OCT_9163,1,boleto,1,193.46
ORD2018OCT_3048,1,credit_card,3,145.56
ORD2018OCT_996,1,credit_card,2,56.63
ORD2018OCT_2944,1,credit_card,10,1247.29
ORD2018OCT_5434,1,credit_card,10,404.95
ORD2018OCT_7946,1,credit_card,1,93.58
ORD2018OCT_1978,1,credit_card,3,143.87
ORD2018OCT_9677,1,credit_card,4,609.99
ORD2018OCT_1779,1,debit_card,1,44.0
ORD2018OCT_8635,1,credit_card,1,38.18
ORD2018OCT_9450,1,credit_card,1,42.74
ORD2018OCT_2708,1,credit_card,1,118.86
ORD2018OCT_2114,1,credit_card,1,198.56
ORD2018OCT_7567,1,voucher,1,41.18
ORD2018OCT_8564,1,voucher,1,39.02
ORD2018OCT_6406,1,credit_card,4,93.31
ORD2018OCT_2046,1,credit_card,10,121.18
ORD2018OCT_1132,1,boleto,1,45.0
ORD2018OCT_6024,1,credit_card,2,229.81
ORD2018OCT_6231,1,credit_card,4,47.85
ORD2018OCT_4585,1,credit_card,6,67.22
ORD2018OCT_1782,1,credit_card,5,252.0
ORD2018OCT_4900,1,credit_card,1,442.26
ORD2018OCT_1211,1,credit_card,6,88.48
ORD2018OCT_842,1,credit_card,6,62.12
ORD2018OCT_6222,1,credit_card,2,248.08
ORD2018OCT_8509,1,credit_card,10,121.09
ORD2018OCT_1329,1,debit_card,1,146.13
ORD2018OCT_5253,1,credit_card,2,199.06
ORD2018OCT_9842,1,credit_card,1,34.06
ORD2018OCT_8820,1,voucher,1,156.19
ORD2018OCT_3261,1,boleto,1,108.73
ORD2018OCT_7413,1,credit_card,10,782.26
ORD2018OCT_8781,1,credit_card,5,58.29
ORD2018OCT_9869,1,credit_card,3,260.0
ORD2018OCT_3842,1,credit_card,1,41.07
ORD2018OCT_3661,3,voucher,1,46.65
ORD2018OCT_5702,1,credit_card,7,347.31
ORD2018OCT_5196,1,credit_card,4,95.01
ORD2018OCT_6739,1,credit_card,3,278.16
ORD2018OCT_5584,1,credit_card,1,79.84
ORD2018OCT_9057,1,debit_card,1,153.69
ORD2018OCT_6062,3,voucher,1,6.0
ORD2018OCT_3211,1,boleto,1,51.75
ORD2018OCT_7702,1,boleto,1,343.5
ORD2018OCT_6448,1,boleto,1,180.75
ORD2018OCT_3701,1,credit_card,1,88.92
ORD2018OCT_3474,1,credit_card,2,194.89
ORD2018OCT_3320,1,credit_card,8,210.85
ORD2018OCT_2431,1,credit_card,3,167.62
ORD2018OCT_201,1,credit_card,1,53.99
ORD2018OCT_3273,1,credit_card,3,82.59
ORD2018OCT_5460,1,credit_card,15,200.35
ORD2018OCT_7886,1,credit_card,7,72.55
ORD2018OCT_3752,1,credit_card,9,139.71
ORD2018OCT_1857,1,boleto,1,117.91
ORD2018OCT_1586,1,credit_card,1,146.78
ORD2018OCT_2198,1,credit_card,1,151.17
ORD2018OCT_6240,1,credit_card,1,2187.42
ORD2018OCT_6911,1,boleto,1,37.86
ORD2018OCT_5505,1,boleto,1,80.45
ORD2018OCT_6770,1,credit_card,2,82.12
ORD2018OCT_2019,1,credit_card,1,89.91
ORD2018OCT_536,1,credit_card,7,364.95
ORD2018OCT_4947,1,boleto,1,49.42
ORD2018OCT_2393,1,boleto,1,47.8
ORD2018OCT_2222,2,voucher,1,4.35
ORD2018OCT_2486,1,credit_card,2,81.72
ORD2018OCT_2677,1,credit_card,8,219.52
ORD2018OCT_7617,1,credit_card,1,63.31
ORD2018OCT_2981,1,credit_card,2,34.79
ORD2018OCT_3172,1,credit_card,2,52.45
ORD2018OCT_9467,1,credit_card,1,49.16
ORD2018OCT_8096,1,boleto,1,34.77
ORD2018OCT_4522,1,credit_card,3,95.25
ORD2018OCT_212,1,credit_card,6,162.41
ORD2018OCT_1485,1,credit_card,1,75.07
ORD2018OCT_9890,1,credit_card,5,178.27
ORD2018OCT_2122,1,credit_card,10,235.78
ORD2018OCT_9327,1,credit_card,1,128.95
ORD2018OCT_698,1,credit_card,5,54.03
ORD2018OCT_4430,1,credit_card,1,61.62
ORD2018OCT_7202,2,voucher,1,16.0
ORD2018OCT_7393,1,boleto,1,76.29
ORD2018OCT_5970,1,credit_card,1,35.86
ORD2018OCT_3254,1,credit_card,4,59.24
ORD2018OCT_2562,1,credit_card,1,66.63
ORD2018OCT_8160,1,credit_card,2,241.45
ORD2018OCT_7391,1,credit_card,4,92.5
ORD2018OCT_8942,1,credit_card,5,137.24
ORD2018OCT_9068,1,credit_card,10,283.99
ORD2018OCT_5280,1,credit_card,1,89.04
ORD2018OCT_1808,1,voucher,1,58.37
ORD2018OCT_2898,1,boleto,1,115.15
ORD2018OCT_446,1,credit_card,1,294.75
ORD2018OCT_1955,1,boleto,1,42.23
ORD2018OCT_2315,1,credit_card,7,76.67
ORD2018OCT_2578,1,credit_card,3,76.39
ORD2018OCT_7355,1,credit_card,1,101.68
ORD2018OCT_7983,1,credit_card,2,62.6
ORD2018OCT_5421,1,boleto,1,131.47
ORD2018OCT_5198,1,credit_card,1,70.73
ORD2018OCT_3137,1,boleto,1,49.56
ORD2018OCT_2933,1,boleto,1,29.34
ORD2018OCT_1600,1,credit_card,8,163.06
ORD2018OCT_4929,1,credit_card,1,58.85
ORD2018OCT_2815,1,credit_card,5,55.75
ORD2018OCT_8537,1,credit_card,2,69.17
ORD2018OCT_7099,1,credit_card,3,274.38
ORD2018OCT_7580,1,credit_card,6,336.31
ORD2018OCT_7466,1,credit_card,6,86.86
ORD2018OCT_4667,1,credit_card,1,92.57
ORD2018OCT_1498,1,boleto,1,126.01
ORD2018OCT_8934,1,credit_card,1,87.64
ORD2018OCT_2786,1,credit_card,1,58.62
ORD2018OCT_6558,1,credit_card,2,211.01
ORD2018OCT_7732,1,credit_card,2,38.42
ORD2018OCT_2457,1,credit_card,1,35.69
ORD2018OCT_8090,1,credit_card,3,247.85
ORD2018OCT_2728,1,credit_card,1,87.55
ORD2018OCT_542,1,credit_card,2,75.53
ORD2018OCT_3822,1,credit_card,6,134.36
ORD2018OCT_663,1,credit_card,1,67.05
ORD2018OCT_1744,1,credit_card,6,188.89
ORD2018OCT_8033,1,credit_card,1,48.31
ORD2018OCT_3130,7,voucher,1,20.54
ORD2018OCT_9417,1,boleto,1,65.71
ORD2018OCT_2318,1,credit_card,1,56.78
ORD2018OCT_7434,1,credit_card,5,56.4
ORD2018OCT_1873,1,boleto,1,51.69
ORD2018OCT_9501,1,credit_card,3,90.81
ORD2018OCT_1637,2,voucher,1,50.0
ORD2018OCT_5299,1,credit_card,1,46.61
ORD2018OCT_869,1,boleto,1,92.67
ORD2018OCT_2834,1,credit_card,2,31.79
ORD2018OCT_9565,1,credit_card,5,125.87
ORD2018OCT_3798,1,credit_card,1,84.32
ORD2018OCT_6609,4,voucher,1,6.14
ORD2018OCT_5353,1,boleto,1,56.85
ORD2018OCT_6059,1,boleto,1,43.98
ORD2018OCT_6065,1,credit_card,1,52.75
ORD2018OCT_1543,1,credit_card,2,50.34
ORD2018OCT_1829,1,voucher,1,19.37
ORD2018OCT_4432,1,credit_card,1,54.7
ORD2018OCT_7331,1,credit_card,10,1104.93
ORD2018OCT_4671,1,credit_card,10,1827.72
ORD2018OCT_4351,1,boleto,1,35.38
ORD2018OCT_1055,1,credit_card,3,262.08
ORD2018OCT_2037,1,credit_card,4,166.29
ORD2018OCT_9417,1,credit_card,3,187.44
ORD2018OCT_5885,1,credit_card,1,61.69
ORD2018OCT_1700,1,credit_card,3,105.15
ORD2018OCT_537,1,credit_card,1,65.94
ORD2018OCT_4289,1,boleto,1,87.48
ORD2018OCT_2118,1,credit_card,7,77.03
ORD2018OCT_7701,1,boleto,1,91.96
ORD2018OCT_3738,1,boleto,1,202.26
ORD2018OCT_8802,1,credit_card,5,158.79
ORD2018OCT_8365,1,credit_card,1,67.44
ORD2018OCT_5780,1,credit_card,10,451.23
ORD2018OCT_9659,1,credit_card,10,158.45
ORD2018OCT_3013,1,boleto,1,473.2
ORD2018OCT_1542,1,credit_card,10,410.91
ORD2018OCT_6688,1,credit_card,3,47.96
ORD2018OCT_6636,1,credit_card,6,166.99
ORD2018OCT_1913,1,credit_card,3,32.0
ORD2018OCT_6844,1,credit_card,3,132.0
ORD2018OCT_313,1,credit_card,5,76.08
ORD2018OCT_4936,1,credit_card,1,43.41
ORD2018OCT_7572,1,credit_card,1,27.3
ORD2018OCT_4009,1,credit_card,1,95.18
ORD2018OCT_2420,1,credit_card,1,6.24
ORD2018OCT_9873,1,credit_card,4,477.77
ORD2018OCT_6479,1,credit_card,1,1341.26
ORD2018OCT_8251,1,credit_card,2,65.71
ORD2018OCT_8161,1,boleto,1,104.41
ORD2018OCT_7851,1,boleto,1,531.75
ORD2018OCT_2042,1,credit_card,1,21.77
ORD2018OCT_8785,1,credit_card,2,128.31
ORD2018OCT_8373,1,credit_card,2,138.12
ORD2018OCT_8985,1,credit_card,1,106.6
ORD2018OCT_6334,1,credit_card,1,58.62
ORD2018OCT_1071,1,boleto,1,78.42
ORD2018OCT_380,1,credit_card,4,42.78
ORD2018OCT_8921,1,credit_card,1,163.78
ORD2018OCT_9074,1,credit_card,2,52.78
ORD2018OCT_9057,2,voucher,1,44.53
ORD2018OCT_1833,1,credit_card,5,314.41
ORD2018OCT_4639,1,credit_card,3,174.26
ORD2018OCT_6638,1,credit_card,10,148.62
ORD2018OCT_134,1,credit_card,4,46.69
ORD2018OCT_1325,1,credit_card,1,36.38
ORD2018OCT_1987,1,credit_card,1,131.44
ORD2018OCT_5842,1,credit_card,7,77.57
ORD2018OCT_3611,1,credit_card,1,29.69
ORD2018OCT_7600,1,credit_card,1,115.35
ORD2018OCT_3340,1,credit_card,1,279.3
ORD2018OCT_7985,1,credit_card,1,33.52
ORD2018OCT_7051,1,credit_card,8,106.54
ORD2018OCT_1815,1,credit_card,5,192.56
ORD2018OCT_2109,1,credit_card,4,309.99
ORD2018OCT_495,1,credit_card,3,91.36
ORD2018OCT_8150,1,credit_card,1,103.37
ORD2018OCT_771,1,credit_card,3,62.31
ORD2018OCT_5829,1,credit_card,7,143.1
ORD2018OCT_9105,1,credit_card,4,242.99
ORD2018OCT_4370,1,credit_card,4,175.22
ORD2018OCT_6793,1,credit_card,4,141.42
ORD2018OCT_3750,1,boleto,1,35.09
ORD2018OCT_1353,1,credit_card,6,208.88
ORD2018OCT_1833,1,credit_card,1,84.49
ORD2018OCT_6812,1,credit_card,3,32.22
ORD2018OCT_7319,1,credit_card,3,58.06
ORD2018OCT_1818,1,credit_card,6,236.41
ORD2018OCT_5834,1,boleto,1,196.98
ORD2018OCT_2393,1,credit_card,1,171.03
ORD2018OCT_560,3,voucher,1,9.71
ORD2018OCT_1907,2,voucher,1,165.0
ORD2018OCT_5764,1,credit_card,1,58.22
ORD2018OCT_2995,1,credit_card,2,54.18
ORD2018OCT_1742,1,debit_card,1,53.9
ORD2018OCT_1883,1,credit_card,1,77.09
ORD2018OCT_2048,1,voucher,1,17.42
ORD2018OCT_3180,1,credit_card,10,336.09
ORD2018OCT_330,1,credit_card,5,55.7
ORD2018OCT_4195,1,boleto,1,75.53
ORD2018OCT_2574,1,credit_card,1,123.49
ORD2018OCT_946,1,credit_card,1,277.48
ORD2018OCT_6924,1,credit_card,10,117.92
ORD2018OCT_4808,1,credit_card,1,441.17
ORD2018OCT_7429,1,boleto,1,85.98
ORD2018OCT_9427,5,voucher,1,1.53
ORD2018OCT_9677,1,boleto,1,129.79
ORD2018OCT_9316,1,credit_card,5,56.7
ORD2018OCT_3591,1,credit_card,6,77.98
ORD2018OCT_1467,1,credit_card,1,57.51
ORD2018OCT_4673,1,credit_card,10,247.75
ORD2018OCT_101,1,credit_card,1,3.54
ORD2018OCT_1629,1,boleto,1,52.75
ORD2018OCT_6349,1,credit_card,6,118.07
ORD2018OCT_9685,1,credit_card,2,263.36
ORD2018OCT_9829,1,credit_card,2,166.4
ORD2018OCT_7268,1,boleto,1,96.37
ORD2018OCT_1104,2,voucher,1,43.92
ORD2018OCT_8186,1,credit_card,1,40.07
ORD2018OCT_1467,1,credit_card,10,257.83
ORD2018OCT_7469,1,credit_card,6,197.29
ORD2018OCT_4713,1,credit_card,1,132.24
ORD2018OCT_149,1,credit_card,7,73.43
ORD2018OCT_7515,1,credit_card,1,145.11
ORD2018OCT_6398,1,credit_card,8,1257.82
ORD2018OCT_1521,1,credit_card,10,256.92
ORD2018OCT_5617,1,boleto,1,284.89
ORD2018OCT_8324,1,credit_card,1,28.41
ORD2018OCT_9570,1,credit_card,2,47.59
ORD2018OCT_8559,1,credit_card,3,35.74
ORD2018OCT_2500,1,credit_card,5,216.15
ORD2018OCT_6251,1,boleto,1,64.86
ORD2018OCT_1778,1,credit_card,3,119.34
ORD2018OCT_6023,1,credit_card,2,22.39
ORD2018OCT_9721,1,credit_card,1,58.14
ORD2018OCT_3735,1,credit_card,1,69.37
ORD2018OCT_9676,1,credit_card,8,227.28
ORD2018OCT_3105,1,credit_card,1,37.47
ORD2018OCT_8336,1,credit_card,3,195.81
ORD2018OCT_9861,1,boleto,1,176.33
ORD2018OCT_5311,1,credit_card,3,36.35
ORD2018OCT_6210,1,credit_card,5,174.21
ORD2018OCT_3878,1,credit_card,2,68.04
ORD2018OCT_275,1,credit_card,9,96.22
ORD2018OCT_4084,1,credit_card,1,53.42
ORD2018OCT_3601,1,credit_card,4,41.79
ORD2018OCT_9604,1,credit_card,4,95.0
ORD2018OCT_3716,1,boleto,1,166.29
ORD2018OCT_5186,1,credit_card,2,199.07
ORD2018OCT_1016,1,boleto,1,192.69
ORD2018OCT_6462,1,credit_card,5,151.14
ORD2018OCT_6304,1,credit_card,2,140.03
ORD2018OCT_2729,1,credit_card,1,270.18
ORD2018OCT_5223,1,credit_card,2,63.73
ORD2018OCT_6803,1,credit_card,6,62.6
ORD2018OCT_3213,1,debit_card,1,300.73
ORD2018OCT_3668,1,credit_card,3,176.71
ORD2018OCT_7205,1,credit_card,1,138.29
ORD2018OCT_6689,1,credit_card,5,111.19
ORD2018OCT_3754,1,credit_card,1,88.72
ORD2018OCT_5544,1,credit_card,3,38.32
ORD2018OCT_4889,1,credit_card,8,94.66
ORD2018OCT_2308,1,voucher,1,148.14
ORD2018OCT_3053,1,credit_card,3,175.54
ORD2018OCT_7164,1,credit_card,2,44.05
ORD2018OCT_1202,1,credit_card,1,27.48
ORD2018OCT_260,2,voucher,1,50.0
ORD2018OCT_8930,1,credit_card,5,286.17
ORD2018OCT_1019,1,credit_card,1,88.72
ORD2018OCT_4952,1,credit_card,1,30.0
ORD2018OCT_5266,1,credit_card,8,1322.97
ORD2018OCT_1459,1,boleto,1,93.12
ORD2018OCT_3184,1,credit_card,2,204.88
ORD2018OCT_4926,1,credit_card,1,171.83
ORD2018OCT_7851,1,credit_card,8,217.15
ORD2018OCT_6471,1,credit_card,3,72.06
ORD2018OCT_4751,1,credit_card,5,54.87
ORD2018OCT_3368,1,credit_card,3,124.79
ORD2018OCT_7345,1,boleto,1,70.59
ORD2018OCT_4639,1,credit_card,7,140.51
ORD2018OCT_422,1,credit_card,1,30.27
ORD2018OCT_1861,1,boleto,1,42.19
ORD2018OCT_2130,1,boleto,1,50.62
ORD2018OCT_7401,2,voucher,1,44.96
ORD2018OCT_5474,1,credit_card,5,861.24
ORD2018OCT_7122,1,debit_card,1,170.31
ORD2018OCT_8252,1,boleto,1,51.71
ORD2018OCT_6550,1,credit_card,1,0.52
ORD2018OCT_3795,1,boleto,1,339.45
ORD2018OCT_3961,1,credit_card,2,210.99
ORD2018OCT_4035,1,credit_card,1,18.87
ORD2018OCT_3631,1,credit_card,1,189.43
ORD2018OCT_6422,1,credit_card,10,135.18
ORD2018OCT_7787,1,credit_card,1,68.12
ORD2018OCT_8960,1,credit_card,8,364.99
ORD2018OCT_2663,1,credit_card,10,181.51
ORD2018OCT_1905,1,credit_card,1,59.96
ORD2018OCT_788,1,credit_card,1,79.51
ORD2018OCT_3639,1,credit_card,2,35.84
ORD2018OCT_1403,1,credit_card,8,400.93
ORD2018OCT_1328,1,credit_card,8,427.23
ORD2018OCT_9622,1,credit_card,2,195.91
ORD2018OCT_3438,1,credit_card,4,112.12
ORD2018OCT_5426,1,credit_card,4,46.52
ORD2018OCT_7091,1,credit_card,1,17.68
ORD2018OCT_8836,1,credit_card,4,221.07
ORD2018OCT_1149,1,boleto,1,54.59
ORD2018OCT_6370,1,credit_card,2,116.62
ORD2018OCT_2809,1,credit_card,1,51.75
ORD2018OCT_9790,1,credit_card,2,71.31
ORD2018OCT_2627,1,credit_card,2,32.69
ORD2018OCT_2808,1,credit_card,2,112.02
ORD2018OCT_8388,1,boleto,1,408.09
ORD2018OCT_3518,1,credit_card,4,101.82
ORD2018OCT_3345,1,credit_card,2,32.38
ORD2018OCT_6792,2,voucher,1,49.73
ORD2018OCT_9591,1,credit_card,1,348.18
ORD2018OCT_5597,1,credit_card,3,46.29
ORD2018OCT_2316,1,credit_card,7,69.97
ORD2018OCT_8187,1,credit_card,1,63.65
ORD2018OCT_9787,1,credit_card,1,35.77
ORD2018OCT_656,1,boleto,1,175.39
ORD2018OCT_1774,1,credit_card,6,65.05
ORD2018OCT_5318,1,credit_card,1,72.48
ORD2018OCT_8912,1,boleto,1,72.36
ORD2018OCT_914,1,boleto,1,95.65
ORD2018OCT_3846,1,debit_card,1,33.37
ORD2018OCT_3527,1,credit_card,1,58.98
ORD2018OCT_1885,1,credit_card,1,85.92
ORD2018OCT_2520,1,credit_card,3,43.1
ORD2018OCT_7380,1,credit_card,1,94.63
ORD2018OCT_8596,1,credit_card,3,92.64
ORD2018OCT_7414,2,voucher,1,100.0
ORD2018OCT_9288,1,credit_card,6,89.35
ORD2018OCT_8848,1,credit_card,2,58.25
ORD2018OCT_6530,1,boleto,1,923.17
ORD2018OCT_5462,1,credit_card,1,65.94
ORD2018OCT_2169,1,credit_card,10,197.64
ORD2018OCT_8950,1,credit_card,10,149.34
ORD2018OCT_6799,1,credit_card,4,100.23
ORD2018OCT_5619,1,credit_card,1,224.32
ORD2018OCT_3190,1,credit_card,1,65.71
ORD2018OCT_891,1,credit_card,2,122.44
ORD2018OCT_5622,1,credit_card,1,69.64
ORD2018OCT_529,1,credit_card,1,356.53
ORD2018OCT_8290,1,credit_card,2,119.25
ORD2018OCT_1831,1,credit_card,1,2.22
ORD2018OCT_6689,1,credit_card,10,165.04
ORD2018OCT_6576,1,boleto,1,218.87
ORD2018OCT_316,1,boleto,1,68.13
ORD2018OCT_2087,1,credit_card,1,80.81
ORD2018OCT_8726,1,credit_card,1,18.29
ORD2018OCT_4129,1,credit_card,3,83.7
ORD2018OCT_6420,1,credit_card,1,116.95
ORD2018OCT_6733,1,boleto,1,74.65
ORD2018OCT_5390,1,credit_card,3,43.58
ORD2018OCT_1013,1,credit_card,3,74.38
ORD2018OCT_7503,1,credit_card,10,359.13
ORD2018OCT_9922,1,credit_card,5,125.01
ORD2018OCT_5637,1,credit_card,3,55.0
ORD2018OCT_1173,1,credit_card,1,207.52
ORD2018OCT_8832,1,credit_card,6,172.84
ORD2018OCT_210,1,credit_card,2,165.72
ORD2018OCT_7913,1,credit_card,10,305.19
ORD2018OCT_2733,1,credit_card,1,44.13
ORD2018OCT_179,1,credit_card,6,79.02
ORD2018OCT_6183,1,credit_card,5,166.81
ORD2018OCT_2685,1,credit_card,3,155.98
ORD2018OCT_5877,1,boleto,1,158.91
ORD2018OCT_156,1,boleto,1,62.17
ORD2018OCT_2842,1,credit_card,4,43.78
ORD2018OCT_8427,1,credit_card,4,229.99
ORD2018OCT_3680,1,credit_card,8,109.5
ORD2018OCT_6565,1,credit_card,2,209.41
ORD2018OCT_2661,1,credit_card,4,197.84
ORD2018OCT_3875,1,credit_card,2,107.55
ORD2018OCT_3778,1,credit_card,6,95.31
ORD2018OCT_9465,1,credit_card,3,61.43
ORD2018OCT_7131,1,credit_card,3,223.36
ORD2018OCT_4446,1,credit_card,3,242.83
ORD2018OCT_1082,1,credit_card,10,1203.68
ORD2018OCT_2442,2,voucher,1,2.36
ORD2018OCT_4729,1,credit_card,3,67.44
ORD2018OCT_1496,1,credit_card,7,107.78
ORD2018OCT_4120,1,boleto,1,64.43
ORD2018OCT_6038,1,credit_card,1,115.66
ORD2018OCT_5055,1,credit_card,1,35.41
ORD2018OCT_61,1,credit_card,4,116.94
ORD2018OCT_9795,1,credit_card,2,136.04
ORD2018OCT_1056,1,boleto,1,70.89
ORD2018OCT_1036,1,credit_card,10,272.63
ORD2018OCT_1098,1,credit_card,6,797.38
ORD2018OCT_8172,1,credit_card,3,36.94
ORD2018OCT_843,1,credit_card,2,46.39
ORD2018OCT_5112,1,boleto,1,39.62
ORD2018OCT_9119,1,credit_card,3,303.11
ORD2018OCT_7062,1,credit_card,1,0.19
ORD2018OCT_8294,1,credit_card,2,116.94
ORD2018OCT_4384,1,credit_card,8,201.14
ORD2018OCT_6403,1,credit_card,4,237.26
ORD2018OCT_5064,1,credit_card,3,74.64
ORD2018OCT_2870,1,voucher,1,226.88
ORD2018OCT_9868,1,credit_card,5,64.82
ORD2018OCT_7944,1,credit_card,10,1119.9
ORD2018OCT_5368,1,credit_card,4,75.08
ORD2018OCT_7103,1,credit_card,2,131.58
ORD2018OCT_8213,1,boleto,1,63.27
ORD2018OCT_1217,1,voucher,1,73.7
ORD2018OCT_6029,1,credit_card,3,163.65
ORD2018OCT_4477,2,voucher,1,15.9
ORD2018OCT_6952,1,credit_card,2,98.35
ORD2018OCT_6399,1,credit_card,1,72.14
ORD2018OCT_2850,1,credit_card,1,52.92
ORD2018OCT_2021,1,credit_card,4,41.88
ORD2018OCT_8263,1,credit_card,3,163.08
ORD2018OCT_1844,1,credit_card,1,309.9
ORD2018OCT_5243,1,credit_card,10,160.83
ORD2018OCT_9198,1,credit_card,6,136.3
ORD2018OCT_4769,1,credit_card,1,126.58
ORD2018OCT_5467,1,boleto,1,264.91
ORD2018OCT_7919,1,credit_card,3,227.36
ORD2018OCT_9082,1,boleto,1,378.93
ORD2018OCT_6301,1,credit_card,1,16.66
ORD2018OCT_5669,1,credit_card,5,166.98
ORD2018OCT_8087,1,boleto,1,117.93
ORD2018OCT_675,1,credit_card,10,623.18
ORD2018OCT_2770,1,credit_card,6,74.64
ORD2018OCT_6560,1,voucher,1,97.87
ORD2018OCT_1646,1,credit_card,10,228.01
ORD2018OCT_3482,1,credit_card,6,108.33
ORD2018OCT_9230,1,credit_card,1,85.14
ORD2018OCT_8632,1,boleto,1,57.68
ORD2018OCT_3014,1,credit_card,3,405.47
ORD2018OCT_5626,1,boleto,1,137.83
ORD2018OCT_6544,1,credit_card,1,35.77
ORD2018OCT_9479,1,credit_card,4,43.63
ORD2018OCT_5329,1,credit_card,6,66.67
ORD2018OCT_9673,1,credit_card,1,56.85
ORD2018OCT_5844,1,credit_card,1,161.23
ORD2018OCT_2961,1,credit_card,6,279.05
ORD2018OCT_4516,1,credit_card,10,169.69
ORD2018OCT_6296,1,credit_card,5,162.6
ORD2018OCT_941,1,credit_card,4,209.46
ORD2018OCT_4646,2,voucher,1,50.0
ORD2018OCT_9629,1,credit_card,1,103.43
ORD2018OCT_2155,1,credit_card,10,219.98
ORD2018OCT_8926,1,boleto,1,40.69
ORD2018OCT_9042,1,credit_card,2,155.42
ORD2018OCT_1242,1,credit_card,3,212.03
ORD2018OCT_2719,1,boleto,1,43.1
ORD2018OCT_3067,1,credit_card,4,41.1
ORD2018OCT_6325,1,credit_card,1,127.87
ORD2018OCT_9533,1,boleto,1,64.63
ORD2018OCT_8385,1,credit_card,2,117.94
ORD2018OCT_1915,1,credit_card,1,179.8
ORD2018OCT_2541,1,credit_card,1,109.41
ORD2018OCT_8874,1,boleto,1,137.25
ORD2018OCT_1631,1,boleto,1,48.0
ORD2018OCT_2575,1,credit_card,7,76.94
ORD2018OCT_1682,1,credit_card,3,52.68
ORD2018OCT_8500,1,credit_card,1,45.5
ORD2018OCT_1976,1,credit_card,3,138.49
ORD2018OCT_2513,1,credit_card,4,266.4
ORD2018OCT_3334,1,credit_card,1,81.05
ORD2018OCT_86,1,boleto,1,28.95
ORD2018OCT_1591,1,credit_card,3,146.88
ORD2018OCT_4435,1,credit_card,1,132.88
ORD2018OCT_8530,1,credit_card,1,47.68
ORD2018OCT_9568,1,boleto,1,382.74
ORD2018OCT_2684,1,boleto,1,501.5
ORD2018OCT_3474,1,credit_card,5,248.36
ORD2018OCT_1245,2,voucher,1,148.94
ORD2018OCT_7788,1,credit_card,10,137.99
ORD2018OCT_2478,1,credit_card,1,30.42
ORD2018OCT_1978,1,credit_card,3,81.65
ORD2018OCT_1082,1,credit_card,1,160.18
ORD2018OCT_7566,1,credit_card,1,64.04
ORD2018OCT_6582,1,credit_card,10,505.68
ORD2018OCT_140,1,credit_card,1,91.89
ORD2018OCT_6735,1,credit_card,1,113.68
ORD2018OCT_5819,1,credit_card,4,101.34
ORD2018OCT_4923,1,credit_card,5,325.47
ORD2018OCT_1850,1,credit_card,2,96.8
ORD2018OCT_7465,1,credit_card,2,125.42
ORD2018OCT_8863,1,credit_card,5,59.42
ORD2018OCT_751,1,credit_card,8,562.03
ORD2018OCT_341,1,credit_card,2,74.5
ORD2018OCT_4815,1,credit_card,6,282.52
ORD2018OCT_523,1,credit_card,5,136.71
ORD2018OCT_9459,1,boleto,1,43.98
ORD2018OCT_2868,1,credit_card,1,33.16
ORD2018OCT_776,1,credit_card,3,139.72
ORD2018OCT_1808,1,credit_card,6,165.24
ORD2018OCT_1128,1,credit_card,1,226.31
ORD2018OCT_886,1,credit_card,2,115.82
ORD2018OCT_4517,1,debit_card,1,27.77
ORD2018OCT_2393,1,boleto,1,74.07
ORD2018OCT_4877,1,credit_card,3,62.96
ORD2018OCT_8499,1,credit_card,4,63.82
ORD2018OCT_4818,1,credit_card,3,356.12
ORD2018OCT_2619,1,credit_card,1,61.8
ORD2018OCT_308,1,credit_card,1,64.44
ORD2018OCT_6631,1,credit_card,7,74.62
ORD2018OCT_1824,1,credit_card,10,192.35
ORD2018OCT_6252,1,credit_card,1,120.0
ORD2018OCT_2535,1,credit_card,6,161.46
ORD2018OCT_6071,1,credit_card,4,185.76
ORD2018OCT_9094,1,boleto,1,123.39
ORD2018OCT_1053,1,credit_card,4,97.98
ORD2018OCT_1522,1,credit_card,1,128.97
ORD2018OCT_8984,1,boleto,1,148.06
ORD2018OCT_754,1,boleto,1,39.24
ORD2018OCT_5210,1,boleto,1,206.72
ORD2018OCT_5121,1,boleto,1,177.39
ORD2018OCT_6823,1,boleto,1,34.0
ORD2018OCT_1468,1,credit_card,1,118.65
ORD2018OCT_5834,1,credit_card,1,19.64
ORD2018OCT_665,1,credit_card,4,202.82
ORD2018OCT_9091,1,boleto,1,108.84
ORD2018OCT_6317,1,boleto,1,144.97
ORD2018OCT_8366,1,credit_card,4,184.93
ORD2018OCT_8797,1,credit_card,3,71.82
ORD2018OCT_9600,1,credit_card,10,106.09
ORD2018OCT_3424,1,credit_card,2,68.18
ORD2018OCT_1479,1,credit_card,3,37.53
ORD2018OCT_615,1,boleto,1,107.9
ORD2018OCT_2918,1,boleto,1,128.5
ORD2018OCT_9031,1,credit_card,1,42.03
ORD2018OCT_5360,1,credit_card,4,89.72
ORD2018OCT_9756,1,credit_card,1,96.65
ORD2018OCT_5372,1,credit_card,3,132.81
ORD2018OCT_4730,1,credit_card,2,81.85
ORD2018OCT_8147,1,boleto,1,64.0
ORD2018OCT_7633,1,credit_card,1,68.35
ORD2018OCT_4056,1,credit_card,1,27.39
ORD2018OCT_3625,3,voucher,1,20.59
ORD2018OCT_7021,1,credit_card,3,68.0
ORD2018OCT_1591,1,credit_card,1,48.64
ORD2018OCT_6581,1,credit_card,1,208.2
ORD2018OCT_4802,1,credit_card,8,207.6
ORD2018OCT_5973,1,boleto,1,477.63
ORD2018OCT_5756,1,credit_card,8,148.06
ORD2018OCT_9925,1,credit_card,1,87.32
ORD2018OCT_6458,1,credit_card,4,94.3
ORD2018OCT_4403,1,credit_card,10,1733.7
ORD2018OCT_1950,1,credit_card,3,182.54
ORD2018OCT_1068,1,credit_card,3,79.2
ORD2018OCT_1595,1,boleto,1,68.74
ORD2018OCT_5057,1,boleto,1,159.75
ORD2018OCT_7801,1,credit_card,3,167.2
ORD2018OCT_8837,1,credit_card,2,218.64
ORD2018OCT_5642,1,boleto,1,67.27
ORD2018OCT_2530,1,credit_card,1,63.86
ORD2018OCT_7220,1,credit_card,10,195.01
ORD2018OCT_8144,1,credit_card,1,760.32
ORD2018OCT_6161,1,credit_card,1,117.76
ORD2018OCT_2058,1,credit_card,3,132.58
ORD2018OCT_8455,1,credit_card,3,44.23
ORD2018OCT_2544,1,boleto,1,269.17
ORD2018OCT_5144,1,credit_card,1,105.33
ORD2018OCT_5749,1,credit_card,2,56.0
ORD2018OCT_8130,1,credit_card,1,22.68
ORD2018OCT_9642,1,credit_card,3,31.85
ORD2018OCT_6774,1,credit_card,6,165.5
ORD2018OCT_4164,1,credit_card,1,95.21
ORD2018OCT_4311,1,credit_card,2,186.7
ORD2018OCT_8412,1,credit_card,4,150.12
ORD2018OCT_8087,1,debit_card,1,43.72
ORD2018OCT_4836,1,debit_card,1,103.85
ORD2018OCT_455,1,credit_card,2,60.23
ORD2018OCT_4856,2,credit_card,10,512.88
ORD2018OCT_9684,1,credit_card,2,56.78
ORD2018OCT_4350,1,credit_card,1,67.79
ORD2018OCT_4170,1,credit_card,2,134.99
ORD2018OCT_4572,1,credit_card,2,92.89
ORD2018OCT_778,1,credit_card,1,42.78
ORD2018OCT_1832,1,credit_card,1,98.04
ORD2018OCT_6044,1,credit_card,4,70.04
ORD2018OCT_7878,10,voucher,1,31.06
ORD2018OCT_5717,1,credit_card,2,176.97
ORD2018OCT_3303,1,credit_card,1,90.63
ORD2018OCT_2011,1,credit_card,2,84.15
ORD2018OCT_2450,1,credit_card,1,75.25
ORD2018OCT_6054,1,credit_card,1,89.11
ORD2018OCT_8079,1,boleto,1,77.57
ORD2018OCT_2813,1,credit_card,10,202.65
ORD2018OCT_1130,1,credit_card,4,118.86
ORD2018OCT_4436,1,credit_card,1,88.74
ORD2018OCT_6048,1,credit_card,4,179.6
ORD2018OCT_4556,1,credit_card,1,127.41
ORD2018OCT_1199,1,credit_card,4,50.46
ORD2018OCT_6088,1,credit_card,2,83.27
ORD2018OCT_1164,1,boleto,1,55.09
ORD2018OCT_6577,1,credit_card,2,138.6
ORD2018OCT_3745,1,credit_card,1,77.09
ORD2018OCT_1272,1,credit_card,8,246.29
ORD2018OCT_8576,1,credit_card,10,684.45
ORD2018OCT_6880,1,credit_card,1,47.86
ORD2018OCT_1429,1,credit_card,6,100.46
ORD2018OCT_5914,1,credit_card,2,89.61
ORD2018OCT_2787,1,credit_card,3,197.12
ORD2018OCT_8818,1,debit_card,1,123.21
ORD2018OCT_2466,1,credit_card,5,220.04
ORD2018OCT_9782,1,boleto,1,23.17
ORD2018OCT_8350,1,credit_card,1,43.0
ORD2018OCT_4563,1,boleto,1,70.7
ORD2018OCT_9721,1,credit_card,1,148.28
ORD2018OCT_7613,1,credit_card,10,265.73
ORD2018OCT_2170,1,credit_card,10,102.75
ORD2018OCT_4942,1,boleto,1,69.27
ORD2018OCT_8666,1,credit_card,8,908.67
ORD2018OCT_3531,1,boleto,1,146.15
ORD2018OCT_9038,1,credit_card,3,34.99
ORD2018OCT_5645,1,credit_card,1,230.25
ORD2018OCT_233,1,credit_card,1,34.38
ORD2018OCT_348,1,credit_card,1,29.38
ORD2018OCT_4713,1,credit_card,18,368.7
ORD2018OCT_7140,1,boleto,1,101.24
ORD2018OCT_6636,1,boleto,1,140.91
ORD2018OCT_7288,2,voucher,1,8.42
ORD2018OCT_9431,1,boleto,1,216.74
ORD2018OCT_8489,1,credit_card,10,243.51
ORD2018OCT_1287,1,credit_card,7,72.14
ORD2018OCT_8417,1,debit_card,1,143.83
ORD2018OCT_1405,1,voucher,1,55.13
ORD2018OCT_5091,1,credit_card,1,88.16
ORD2018OCT_3192,4,voucher,1,45.6
ORD2018OCT_6975,1,credit_card,3,261.01
ORD2018OCT_558,1,boleto,1,83.34
ORD2018OCT_777,1,credit_card,4,103.93
ORD2018OCT_7538,1,credit_card,1,102.56
ORD2018OCT_4565,1,credit_card,1,36.84
ORD2018OCT_9067,1,boleto,1,149.15
ORD2018OCT_3251,1,credit_card,1,37.53
ORD2018OCT_5666,1,credit_card,1,75.76
ORD2018OCT_9172,1,credit_card,1,33.62
ORD2018OCT_5597,1,credit_card,1,123.89
ORD2018OCT_9421,1,boleto,1,39.41
ORD2018OCT_6121,2,voucher,1,27.8
ORD2018OCT_6070,1,credit_card,1,111.17
ORD2018OCT_9159,1,credit_card,2,491.36
ORD2018OCT_7796,1,credit_card,3,37.09
ORD2018OCT_3561,1,credit_card,1,23.88
ORD2018OCT_4526,1,voucher,1,42.4
ORD2018OCT_3012,1,credit_card,1,82.98
ORD2018OCT_920,1,credit_card,1,426.94
ORD2018OCT_4162,1,credit_card,1,150.15
ORD2018OCT_7423,1,credit_card,7,344.55
ORD2018OCT_8079,1,credit_card,2,71.46
ORD2018OCT_4343,1,boleto,1,156.45
ORD2018OCT_8778,1,credit_card,2,205.18
ORD2018OCT_934,1,credit_card,6,176.99
ORD2018OCT_2686,1,credit_card,4,151.97
ORD2018OCT_6231,1,credit_card,2,46.09
ORD2018OCT_9674,1,credit_card,1,22.84
ORD2018OCT_8676,1,credit_card,1,92.2
ORD2018OCT_8385,1,credit_card,2,145.41
ORD2018OCT_2084,1,credit_card,1,8.88
ORD2018OCT_5814,1,credit_card,1,16.75
ORD2018OCT_1728,1,credit_card,3,175.89
ORD2018OCT_2905,1,credit_card,5,101.23
ORD2018OCT_6653,11,voucher,1,1.47
ORD2018OCT_3019,1,credit_card,1,318.44
ORD2018OCT_615,1,credit_card,3,124.32
ORD2018OCT_4221,1,credit_card,10,1038.36
ORD2018OCT_1240,1,credit_card,3,381.32
ORD2018OCT_1882,1,credit_card,4,365.1
ORD2018OCT_2552,1,credit_card,1,150.91
ORD2018OCT_3119,1,credit_card,7,567.22
ORD2018OCT_7647,1,credit_card,1,45.14
ORD2018OCT_5560,1,credit_card,8,81.55
ORD2018OCT_9046,1,boleto,1,32.29
ORD2018OCT_4366,1,voucher,1,95.3
ORD2018OCT_6138,1,credit_card,4,102.03
ORD2018OCT_190,1,boleto,1,38.12
ORD2018OCT_1903,1,credit_card,1,61.01
ORD2018OCT_3143,1,boleto,1,87.83
ORD2018OCT_6597,1,credit_card,10,163.44
ORD2018OCT_7564,1,credit_card,2,68.87
ORD2018OCT_6010,1,credit_card,1,61.84
ORD2018OCT_3785,1,credit_card,2,176.33
ORD2018OCT_1487,1,credit_card,2,45.48
ORD2018OCT_4234,1,credit_card,1,47.8
ORD2018OCT_6124,1,credit_card,1,112.02
ORD2018OCT_4914,1,credit_card,10,528.27
ORD2018OCT_3889,1,credit_card,8,87.13
ORD2018OCT_6366,1,credit_card,6,235.19
ORD2018OCT_6901,1,credit_card,9,131.47
ORD2018OCT_9809,1,credit_card,1,79.09
ORD2018OCT_1976,1,credit_card,3,146.04
ORD2018OCT_3967,1,credit_card,3,88.05
ORD2018OCT_1748,1,credit_card,4,123.4
ORD2018OCT_6880,1,credit_card,2,937.49
ORD2018OCT_6122,1,credit_card,1,108.51
ORD2018OCT_1034,1,credit_card,10,257.91
ORD2018OCT_5780,1,credit_card,1,18.69
ORD2018OCT_3068,1,credit_card,6,160.51
ORD2018OCT_1083,1,boleto,1,65.09
ORD2018OCT_9745,1,boleto,1,70.72
ORD2018OCT_4976,1,boleto,1,47.1
ORD2018OCT_2839,1,credit_card,5,65.79
ORD2018OCT_6447,1,boleto,1,75.07
ORD2018OCT_1443,1,boleto,1,457.2
ORD2018OCT_8182,1,credit_card,8,85.21
ORD2018OCT_9445,1,credit_card,5,53.79
ORD2018OCT_5020,1,credit_card,1,148.29
ORD2018OCT_2603,1,credit_card,2,63.55
ORD2018OCT_405,1,boleto,1,50.75
ORD2018OCT_7325,1,credit_card,2,84.56
ORD2018OCT_9014,1,credit_card,7,79.94
ORD2018OCT_4028,1,credit_card,3,52.22
ORD2018OCT_4900,1,credit_card,6,368.45
ORD2018OCT_6519,1,credit_card,1,214.09
ORD2018OCT_4216,1,credit_card,6,112.71
ORD2018OCT_2826,1,credit_card,10,120.16
ORD2018OCT_7350,1,credit_card,10,352.55
ORD2018OCT_3342,1,credit_card,3,97.16
ORD2018OCT_7175,1,credit_card,5,248.86
ORD2018OCT_8176,1,credit_card,1,133.06
ORD2018OCT_2468,1,credit_card,10,355.78
ORD2018OCT_1449,1,credit_card,6,158.98
ORD2018OCT_4579,1,credit_card,1,93.75
ORD2018OCT_4930,1,credit_card,1,39.94
ORD2018OCT_7987,1,credit_card,4,105.9
ORD2018OCT_2124,1,credit_card,2,113.79
ORD2018OCT_1355,1,credit_card,1,49.55
ORD2018OCT_1384,1,credit_card,5,135.04
ORD2018OCT_7759,1,boleto,1,48.0
ORD2018OCT_5914,1,boleto,1,44.35
ORD2018OCT_7012,1,credit_card,5,712.29
ORD2018OCT_3730,1,credit_card,1,92.87
ORD2018OCT_7058,1,credit_card,8,163.79
ORD2018OCT_1379,1,credit_card,5,467.51
ORD2018OCT_3158,1,credit_card,2,28.46
ORD2018OCT_6451,1,credit_card,2,198.44
ORD2018OCT_6123,1,credit_card,8,166.02
ORD2018OCT_7578,1,credit_card,6,104.12
ORD2018OCT_8572,1,boleto,1,114.27
ORD2018OCT_139,1,credit_card,3,162.41
ORD2018OCT_7423,1,boleto,1,50.07
ORD2018OCT_3342,1,boleto,1,155.7
ORD2018OCT_4066,1,credit_card,10,511.02
ORD2018OCT_7338,1,credit_card,1,83.22
ORD2018OCT_2563,1,credit_card,2,23.38
ORD2018OCT_9921,1,boleto,1,157.7
ORD2018OCT_4592,1,credit_card,8,357.13
ORD2018OCT_7173,1,boleto,1,73.34
ORD2018OCT_7875,1,credit_card,1,53.27
ORD2018OCT_7486,1,credit_card,2,185.9
ORD2018OCT_4912,1,credit_card,2,66.76
ORD2018OCT_4633,1,boleto,1,92.5
ORD2018OCT_3703,1,credit_card,1,30.13
ORD2018OCT_1656,1,credit_card,1,22.56
ORD2018OCT_5711,1,credit_card,1,27.67
ORD2018OCT_6591,1,boleto,1,305.43
ORD2018OCT_1233,1,boleto,1,117.74
ORD2018OCT_5667,1,credit_card,1,33.38
ORD2018OCT_9370,1,credit_card,1,92.57
ORD2018OCT_5344,1,credit_card,6,153.77
ORD2018OCT_6913,1,boleto,1,43.54
ORD2018OCT_651,1,credit_card,10,608.88
ORD2018OCT_1036,1,credit_card,10,233.81
ORD2018OCT_8362,1,credit_card,2,125.23
ORD2018OCT_7823,2,voucher,1,50.0
ORD2018OCT_3529,1,credit_card,3,33.85
ORD2018OCT_5331,1,credit_card,2,107.85
ORD2018OCT_9874,5,voucher,1,1.47
ORD2018OCT_5169,1,credit_card,10,932.47
ORD2018OCT_6706,1,credit_card,1,134.59
ORD2018OCT_4969,1,credit_card,3,292.72
ORD2018OCT_3884,1,credit_card,8,166.98
ORD2018OCT_1442,1,credit_card,3,104.86
ORD2018OCT_4488,1,credit_card,10,308.72
ORD2018OCT_8863,1,boleto,1,67.23
ORD2018OCT_7162,1,credit_card,2,56.01
ORD2018OCT_340,1,credit_card,2,101.56
ORD2018OCT_5303,1,credit_card,1,83.69
ORD2018OCT_5331,1,credit_card,5,313.29
ORD2018OCT_9378,1,credit_card,2,111.92
ORD2018OCT_3651,1,credit_card,1,18.8
ORD2018OCT_7146,1,boleto,1,42.03
ORD2018OCT_8108,1,credit_card,2,134.08
ORD2018OCT_2282,1,credit_card,3,74.17
ORD2018OCT_2710,1,credit_card,3,229.78
ORD2018OCT_9044,6,voucher,1,20.0
ORD2018OCT_1178,1,credit_card,3,37.09
ORD2018OCT_5330,1,credit_card,1,57.6
ORD2018OCT_933,1,credit_card,3,165.71
ORD2018OCT_5893,1,credit_card,6,68.3
ORD2018OCT_2783,1,credit_card,1,860.92
ORD2018OCT_6927,1,credit_card,2,118.02
ORD2018OCT_3374,1,credit_card,5,182.11
ORD2018OCT_491,1,debit_card,1,53.72
ORD2018OCT_7145,1,credit_card,10,116.95
ORD2018OCT_8063,1,boleto,1,61.18
ORD2018OCT_319,1,boleto,1,71.5
ORD2018OCT_5940,1,boleto,1,58.85
ORD2018OCT_139,1,credit_card,2,156.73
ORD2018OCT_3531,1,credit_card,1,145.07
ORD2018OCT_537,1,credit_card,4,43.09
ORD2018OCT_4424,1,credit_card,3,65.13
ORD2018OCT_585,1,credit_card,10,882.87
ORD2018OCT_4700,1,credit_card,2,56.78
ORD2018OCT_4172,1,credit_card,1,31.43
ORD2018OCT_5316,1,credit_card,3,147.08
ORD2018OCT_7856,2,voucher,1,50.0
ORD2018OCT_3227,1,boleto,1,108.72
ORD2018OCT_1437,1,credit_card,1,41.87
ORD2018OCT_5515,1,credit_card,7,73.43
ORD2018OCT_8723,1,voucher,1,447.68
ORD2018OCT_7418,1,credit_card,2,103.37
ORD2018OCT_9356,1,credit_card,8,223.1
ORD2018OCT_7861,1,credit_card,3,110.77
ORD2018OCT_117,1,credit_card,2,109.64
ORD2018OCT_3066,1,boleto,1,58.64
ORD2018OCT_4096,1,credit_card,4,82.98
ORD2018OCT_2640,1,credit_card,1,43.5
ORD2018OCT_232,1,voucher,1,43.79
ORD2018OCT_1806,1,credit_card,3,145.76
ORD2018OCT_4212,1,boleto,1,179.0
ORD2018OCT_4079,2,voucher,1,110.58
ORD2018OCT_2407,1,credit_card,4,48.22
ORD2018OCT_9031,1,credit_card,2,112.81
ORD2018OCT_4316,2,voucher,1,17.12
ORD2018OCT_5154,1,credit_card,1,158.74
ORD2018OCT_8094,1,credit_card,3,669.96
ORD2018OCT_5579,2,voucher,1,100.0
ORD2018OCT_3201,1,credit_card,4,40.77
ORD2018OCT_2429,1,credit_card,2,137.03
ORD2018OCT_4842,1,credit_card,10,369.6
ORD2018OCT_4628,1,credit_card,3,458.34
ORD2018OCT_9533,1,boleto,1,31.75
ORD2018OCT_9677,1,credit_card,8,179.07
ORD2018OCT_6560,1,credit_card,4,157.51
ORD2018OCT_7227,1,boleto,1,127.06
ORD2018OCT_8602,1,credit_card,1,46.13
ORD2018OCT_9376,1,credit_card,5,235.3
ORD2018OCT_5885,1,credit_card,1,78.55
ORD2018OCT_1560,1,credit_card,5,145.29
ORD2018OCT_7995,1,boleto,1,53.11
ORD2018OCT_6185,1,boleto,1,167.29
ORD2018OCT_880,1,boleto,1,40.75
ORD2018OCT_9725,9,voucher,1,10.45
ORD2018OCT_8033,1,credit_card,2,77.47
ORD2018OCT_5461,1,credit_card,1,45.09
ORD2018OCT_409,1,boleto,1,115.17
ORD2018OCT_7476,1,credit_card,3,100.46
ORD2018OCT_1959,1,credit_card,1,28.95
ORD2018OCT_4877,1,credit_card,3,68.59
ORD2018OCT_2020,1,credit_card,2,46.0
ORD2018OCT_1200,1,boleto,1,87.14
ORD2018OCT_1888,1,credit_card,1,21.04
ORD2018OCT_2328,1,boleto,1,91.66
ORD2018OCT_5004,1,credit_card,6,2158.57
ORD2018OCT_2075,1,credit_card,2,70.9
ORD2018OCT_1954,1,credit_card,6,68.3
ORD2018OCT_1565,1,voucher,1,20.0
ORD2018OCT_1793,1,debit_card,1,420.58
ORD2018OCT_8484,1,boleto,1,52.78
ORD2018OCT_7165,2,voucher,1,100.0
ORD2018OCT_6298,1,credit_card,1,66.57
ORD2018OCT_2076,1,credit_card,10,133.62
ORD2018OCT_1910,1,credit_card,2,113.13
ORD2018OCT_3165,1,boleto,1,334.05
ORD2018OCT_3120,1,credit_card,4,146.13
ORD2018OCT_3184,1,credit_card,1,75.88
ORD2018OCT_4702,1,credit_card,5,114.33
ORD2018OCT_9719,1,boleto,1,71.14
ORD2018OCT_8981,1,credit_card,2,62.91
ORD2018OCT_5772,1,boleto,1,51.75
ORD2018OCT_285,1,boleto,1,1534.58
ORD2018OCT_1272,1,boleto,1,32.1
ORD2018OCT_1549,1,credit_card,1,28.23
ORD2018OCT_522,1,credit_card,1,1427.58
ORD2018OCT_2091,1,credit_card,10,128.05
ORD2018OCT_6624,1,credit_card,1,88.09
ORD2018OCT_9928,1,credit_card,6,66.67
ORD2018OCT_7952,1,credit_card,2,143.02
ORD2018OCT_5066,1,credit_card,3,34.71
ORD2018OCT_6892,1,boleto,1,220.58
ORD2018OCT_6227,1,credit_card,8,158.52
ORD2018OCT_4269,1,credit_card,3,119.25
ORD2018OCT_7650,1,credit_card,4,235.75
ORD2018OCT_6867,1,credit_card,8,391.87
ORD2018OCT_2732,1,credit_card,8,232.03
ORD2018OCT_848,1,boleto,1,135.08
ORD2018OCT_183,1,credit_card,4,222.92
ORD2018OCT_5639,1,credit_card,5,58.74
ORD2018OCT_6437,1,credit_card,2,473.4
ORD2018OCT_2985,1,credit_card,5,144.9
ORD2018OCT_3666,1,credit_card,1,44.69
ORD2018OCT_808,1,boleto,1,77.82
ORD2018OCT_4946,2,voucher,1,100.0
ORD2018OCT_4696,1,boleto,1,217.67
ORD2018OCT_1121,1,credit_card,10,216.26
ORD2018OCT_6823,1,credit_card,8,183.89
ORD2018OCT_872,1,credit_card,3,186.23
ORD2018OCT_3660,1,credit_card,1,82.81
ORD2018OCT_8236,1,boleto,1,45.01
ORD2018OCT_5130,1,credit_card,10,378.39
ORD2018OCT_8589,1,credit_card,10,1014.99
ORD2018OCT_5170,1,credit_card,1,37.09
ORD2018OCT_4889,1,boleto,1,85.79
ORD2018OCT_3077,1,credit_card,4,44.0
ORD2018OCT_5690,1,credit_card,1,83.41
ORD2018OCT_1133,1,credit_card,2,166.81
ORD2018OCT_8370,1,credit_card,4,108.33
ORD2018OCT_1130,1,credit_card,5,98.01
ORD2018OCT_5970,1,credit_card,4,688.25
ORD2018OCT_3412,1,credit_card,8,219.4
ORD2018OCT_4117,1,boleto,1,110.0
ORD2018OCT_6274,1,credit_card,1,60.0
ORD2018OCT_1413,1,credit_card,1,164.63
ORD2018OCT_9609,1,credit_card,6,337.5
ORD2018OCT_6287,1,credit_card,10,318.44
ORD2018OCT_8470,1,credit_card,1,123.52
ORD2018OCT_1573,1,credit_card,1,112.9
ORD2018OCT_9934,1,credit_card,1,185.27
ORD2018OCT_978,1,credit_card,2,64.34
ORD2018OCT_5153,1,credit_card,8,1036.74
ORD2018OCT_5147,1,credit_card,3,33.84
ORD2018OCT_3140,5,voucher,1,13.56
ORD2018OCT_1825,1,credit_card,3,70.72
ORD2018OCT_2393,1,credit_card,1,115.65
ORD2018OCT_1053,1,credit_card,3,35.44
ORD2018OCT_7700,1,credit_card,3,89.25
ORD2018OCT_2378,1,credit_card,1,66.01
ORD2018OCT_1600,1,credit_card,2,90.38
ORD2018OCT_7382,1,credit_card,1,19.62
ORD2018OCT_4011,2,voucher,1,100.0
ORD2018OCT_9215,1,credit_card,9,206.07
ORD2018OCT_3998,1,credit_card,2,77.32
ORD2018OCT_6474,1,boleto,1,38.28
ORD2018OCT_4953,1,credit_card,1,118.9
ORD2018OCT_7113,1,credit_card,1,93.78
ORD2018OCT_6112,1,credit_card,10,870.04
ORD2018OCT_6413,1,credit_card,8,402.1
ORD2018OCT_9296,1,credit_card,2,157.13
ORD2018OCT_4326,1,credit_card,4,137.74
ORD2018OCT_8130,1,credit_card,6,69.29
ORD2018OCT_4428,1,credit_card,1,27.75
ORD2018OCT_997,1,boleto,1,40.78
ORD2018OCT_7655,1,credit_card,1,36.28
ORD2018OCT_6113,3,voucher,1,14.06
ORD2018OCT_5976,1,credit_card,5,105.28
ORD2018OCT_9890,1,credit_card,7,621.28
ORD2018OCT_4213,1,credit_card,1,72.57
ORD2018OCT_4427,1,credit_card,4,112.12
ORD2018OCT_8945,1,credit_card,2,179.6
ORD2018OCT_9229,1,credit_card,2,126.43
ORD2018OCT_9753,1,credit_card,1,63.27
ORD2018OCT_1820,1,boleto,1,195.46
ORD2018OCT_3257,1,credit_card,4,291.28
ORD2018OCT_9612,1,credit_card,8,126.23
ORD2018OCT_3689,1,boleto,1,27.78
ORD2018OCT_6558,1,credit_card,1,79.24
ORD2018OCT_3737,1,credit_card,2,94.4
ORD2018OCT_708,1,boleto,1,108.68
ORD2018OCT_4639,1,credit_card,4,145.66
ORD2018OCT_4229,1,credit_card,2,47.77
ORD2018OCT_633,2,voucher,1,72.77
ORD2018OCT_5543,1,credit_card,2,119.84
ORD2018OCT_9103,1,boleto,1,199.44
ORD2018OCT_4433,1,credit_card,10,417.5
ORD2018OCT_7510,1,credit_card,3,49.74
ORD2018OCT_2465,1,credit_card,2,220.27
ORD2018OCT_7179,1,credit_card,10,1148.88
ORD2018OCT_3666,1,boleto,1,181.68
ORD2018OCT_1713,1,credit_card,1,58.82
ORD2018OCT_9691,1,credit_card,3,283.32
ORD2018OCT_5759,1,credit_card,4,48.69
ORD2018OCT_8000,1,credit_card,6,104.76
ORD2018OCT_449,1,credit_card,2,558.89
ORD2018OCT_6341,1,credit_card,1,109.02
ORD2018OCT_5671,1,credit_card,1,222.68
ORD2018OCT_6476,1,credit_card,1,326.36
ORD2018OCT_4098,1,boleto,1,61.84
ORD2018OCT_8235,1,credit_card,1,68.72
ORD2018OCT_1285,1,credit_card,5,167.29
ORD2018OCT_2718,1,credit_card,9,98.2
ORD2018OCT_3682,1,boleto,1,237.72
ORD2018OCT_6254,1,credit_card,1,5.99
ORD2018OCT_1964,1,credit_card,1,76.08
ORD2018OCT_9111,1,credit_card,1,84.93
ORD2018OCT_2373,1,credit_card,1,92.57
ORD2018OCT_5110,1,credit_card,3,95.47
ORD2018OCT_3557,1,credit_card,4,133.69
ORD2018OCT_2477,1,credit_card,2,227.27
ORD2018OCT_9538,1,credit_card,1,34.36
ORD2018OCT_9396,1,credit_card,1,91.42
ORD2018OCT_9893,1,credit_card,5,96.24
ORD2018OCT_4942,1,credit_card,1,35.0
ORD2018OCT_6334,1,credit_card,3,122.37
ORD2018OCT_1197,1,boleto,1,28.0
ORD2018OCT_8077,1,credit_card,3,50.85
ORD2018OCT_6486,1,credit_card,1,89.17
ORD2018OCT_2505,1,credit_card,4,195.89
ORD2018OCT_6276,1,credit_card,1,36.11
ORD2018OCT_2130,1,credit_card,1,54.34
ORD2018OCT_6497,1,boleto,1,864.72
ORD2018OCT_2125,1,credit_card,2,143.12
ORD2018OCT_5055,1,credit_card,3,175.85
ORD2018OCT_2440,1,boleto,1,58.59
ORD2018OCT_705,1,credit_card,6,62.68
ORD2018OCT_2487,1,credit_card,8,372.52
ORD2018OCT_346,1,credit_card,1,51.4
ORD2018OCT_2174,1,credit_card,10,334.24
ORD2018OCT_4710,1,credit_card,10,203.84
ORD2018OCT_5260,1,credit_card,1,89.58
ORD2018OCT_6092,1,credit_card,5,115.35
ORD2018OCT_4841,1,credit_card,2,117.36
ORD2018OCT_2545,1,boleto,1,63.88
ORD2018OCT_8767,1,boleto,1,60.0
ORD2018OCT_5802,1,credit_card,6,459.12
ORD2018OCT_4830,1,credit_card,1,65.92
ORD2018OCT_7705,1,credit_card,1,17.9
ORD2018OCT_5808,1,credit_card,2,156.51
ORD2018OCT_70,1,credit_card,6,203.3
ORD2018OCT_1524,1,credit_card,1,133.25
ORD2018OCT_9404,2,voucher,1,84.99
ORD2018OCT_2228,1,credit_card,5,312.11
ORD2018OCT_9639,2,voucher,1,82.46
ORD2018OCT_9293,1,boleto,1,55.28
ORD2018OCT_6930,1,credit_card,1,83.75
ORD2018OCT_4501,1,credit_card,10,772.5
ORD2018OCT_2506,1,credit_card,4,281.63
ORD2018OCT_2090,4,voucher,1,4.84
ORD2018OCT_3000,1,boleto,1,803.92
ORD2018OCT_8739,1,debit_card,1,277.95
ORD2018OCT_7315,1,credit_card,1,82.59
ORD2018OCT_7705,1,credit_card,8,84.56
ORD2018OCT_790,1,credit_card,4,60.13
ORD2018OCT_3588,1,boleto,1,41.84
ORD2018OCT_4706,1,boleto,1,173.28
ORD2018OCT_2189,1,credit_card,5,71.15
ORD2018OCT_7829,1,credit_card,3,107.85
ORD2018OCT_7582,7,voucher,1,48.85
ORD2018OCT_7108,1,credit_card,9,91.44
ORD2018OCT_6270,1,credit_card,4,100.95
ORD2018OCT_8076,1,credit_card,2,110.0
ORD2018OCT_5981,1,credit_card,1,141.92
ORD2018OCT_675,1,credit_card,8,289.78
ORD2018OCT_6835,1,credit_card,1,77.22
ORD2018OCT_7778,1,credit_card,3,182.98
ORD2018OCT_7893,1,boleto,1,81.76
ORD2018OCT_1795,1,credit_card,8,219.1
ORD2018OCT_6050,1,credit_card,1,195.13
ORD2018OCT_597,1,debit_card,1,29.51
ORD2018OCT_8260,1,credit_card,3,162.79
ORD2018OCT_4493,1,credit_card,1,82.39
ORD2018OCT_4873,1,credit_card,10,208.46
ORD2018OCT_6340,1,credit_card,2,100.33
ORD2018OCT_5826,1,credit_card,4,621.76
ORD2018OCT_1647,1,credit_card,2,139.62
ORD2018OCT_8459,1,voucher,1,39.28
ORD2018OCT_1876,1,credit_card,1,40.23
ORD2018OCT_8860,1,boleto,1,39.24
ORD2018OCT_8985,1,credit_card,2,135.46
ORD2018OCT_5217,1,credit_card,7,73.2
ORD2018OCT_7773,1,credit_card,2,130.26
ORD2018OCT_9114,1,credit_card,3,72.18
ORD2018OCT_4090,1,credit_card,2,27.0
ORD2018OCT_355,1,credit_card,1,27.3
ORD2018OCT_8243,1,credit_card,1,107.06
ORD2018OCT_1692,1,boleto,1,100.27
ORD2018OCT_2447,1,credit_card,4,99.9
ORD2018OCT_8559,1,boleto,1,69.03
ORD2018OCT_6457,1,boleto,1,149.63
ORD2018OCT_1197,1,credit_card,5,70.14
ORD2018OCT_7660,1,credit_card,10,1008.95
ORD2018OCT_345,1,credit_card,1,51.05
ORD2018OCT_2272,1,credit_card,5,166.06
ORD2018OCT_8262,11,voucher,1,24.48
ORD2018OCT_4508,1,boleto,1,21.45
ORD2018OCT_7317,1,credit_card,3,79.44
ORD2018OCT_4120,1,credit_card,1,134.53
ORD2018OCT_4438,1,credit_card,5,72.18
ORD2018OCT_6732,1,credit_card,8,427.77
ORD2018OCT_271,1,credit_card,10,108.51
ORD2018OCT_9916,1,boleto,1,59.2
ORD2018OCT_4913,1,credit_card,1,104.79
ORD2018OCT_7387,1,credit_card,5,231.14
ORD2018OCT_690,1,boleto,1,160.28
ORD2018OCT_7304,1,boleto,1,132.59
ORD2018OCT_8251,3,voucher,1,14.7
ORD2018OCT_6925,1,credit_card,5,251.1
ORD2018OCT_5918,1,boleto,1,66.91
ORD2018OCT_1001,1,credit_card,4,238.18
ORD2018OCT_2157,1,credit_card,2,121.24
ORD2018OCT_9830,1,credit_card,5,52.34
ORD2018OCT_339,1,credit_card,3,163.97
ORD2018OCT_1102,1,credit_card,5,1963.14
ORD2018OCT_1806,1,boleto,1,31.76
ORD2018OCT_4924,1,credit_card,1,121.19
ORD2018OCT_8353,1,credit_card,2,117.46
ORD2018OCT_4315,7,voucher,1,1.47
ORD2018OCT_7412,1,credit_card,8,86.02
ORD2018OCT_3777,2,voucher,1,250.0
ORD2018OCT_843,1,credit_card,1,188.94
ORD2018OCT_222,1,credit_card,2,176.33
ORD2018OCT_175,1,credit_card,1,136.89
ORD2018OCT_5121,1,credit_card,6,328.84
ORD2018OCT_4935,1,credit_card,12,123.69
ORD2018OCT_2627,1,credit_card,1,1.71
ORD2018OCT_2302,1,credit_card,1,113.62
ORD2018OCT_6841,1,credit_card,10,172.75
ORD2018OCT_8356,2,voucher,1,13.89
ORD2018OCT_8844,1,credit_card,10,126.11
ORD2018OCT_1973,1,credit_card,5,286.9
ORD2018OCT_3147,1,boleto,1,130.28
ORD2018OCT_855,1,boleto,1,12.28
ORD2018OCT_8645,1,credit_card,1,49.0
ORD2018OCT_3147,1,credit_card,3,510.65
ORD2018OCT_5813,1,credit_card,10,290.95
ORD2018OCT_7148,1,credit_card,3,85.94
ORD2018OCT_6084,1,credit_card,1,162.25
ORD2018OCT_2821,1,credit_card,10,292.45
ORD2018OCT_2788,1,credit_card,2,126.87
ORD2018OCT_8424,1,credit_card,5,136.99
ORD2018OCT_6262,1,credit_card,1,25.38
ORD2018OCT_8561,1,credit_card,5,106.29
ORD2018OCT_5037,1,credit_card,8,89.6
ORD2018OCT_6528,1,debit_card,1,48.69
ORD2018OCT_8071,1,credit_card,1,23.78
ORD2018OCT_284,1,credit_card,10,119.84
ORD2018OCT_8696,1,boleto,1,686.41
ORD2018OCT_8305,1,credit_card,1,50.1
ORD2018OCT_589,1,credit_card,6,71.99
ORD2018OCT_3055,1,credit_card,7,220.0
ORD2018OCT_6844,1,boleto,1,336.6
ORD2018OCT_9902,1,credit_card,10,309.54
ORD2018OCT_1865,1,credit_card,2,67.77
ORD2018OCT_2565,1,voucher,1,56.6
ORD2018OCT_2573,1,boleto,1,51.1
ORD2018OCT_6864,1,credit_card,1,165.7
ORD2018OCT_2090,1,boleto,1,93.85
ORD2018OCT_2485,1,boleto,1,27.49
ORD2018OCT_8288,1,credit_card,4,113.62
ORD2018OCT_9008,1,credit_card,3,368.04
ORD2018OCT_6933,1,credit_card,4,97.74
ORD2018OCT_7176,1,boleto,1,103.04
ORD2018OCT_647,1,boleto,1,165.12
ORD2018OCT_3486,1,credit_card,2,126.69
ORD2018OCT_3548,1,credit_card,1,161.04
ORD2018OCT_1120,1,boleto,1,1161.18
ORD2018OCT_5068,1,credit_card,4,337.1
ORD2018OCT_7779,1,credit_card,1,88.58
ORD2018OCT_1355,1,credit_card,2,122.1
ORD2018OCT_8034,2,voucher,1,22.93
ORD2018OCT_3357,1,credit_card,6,66.5
ORD2018OCT_8125,1,credit_card,2,44.26
ORD2018OCT_9516,1,credit_card,7,75.43
ORD2018OCT_1112,1,credit_card,3,54.39
ORD2018OCT_2808,1,credit_card,1,195.51
ORD2018OCT_8295,1,boleto,1,50.51
ORD2018OCT_2720,1,credit_card,5,101.14
ORD2018OCT_2099,1,credit_card,5,80.2
ORD2018OCT_1825,1,voucher,1,36.84
ORD2018OCT_362,1,credit_card,1,58.06
ORD2018OCT_5585,1,voucher,1,47.1
ORD2018OCT_3352,1,credit_card,1,24.7
ORD2018OCT_634,1,credit_card,2,71.15
ORD2018OCT_8004,1,boleto,1,96.01
ORD2018OCT_7499,1,credit_card,3,120.72
ORD2018OCT_5129,1,credit_card,1,203.31
ORD2018OCT_4903,1,credit_card,4,107.5
ORD2018OCT_1442,1,boleto,1,49.09
ORD2018OCT_1558,1,boleto,1,47.62
ORD2018OCT_2167,1,boleto,1,132.03
ORD2018OCT_885,1,credit_card,3,81.77
ORD2018OCT_5591,1,credit_card,5,105.38
ORD2018OCT_5345,1,boleto,1,227.38
ORD2018OCT_6252,1,boleto,1,62.44
ORD2018OCT_2221,1,credit_card,2,118.98
ORD2018OCT_6860,1,boleto,1,198.08
ORD2018OCT_4118,1,credit_card,3,162.55
ORD2018OCT_363,1,boleto,1,133.76
ORD2018OCT_7167,1,credit_card,2,206.87
ORD2018OCT_2387,1,credit_card,6,77.65
ORD2018OCT_975,1,voucher,1,47.45
ORD2018OCT_9270,1,boleto,1,161.13
ORD2018OCT_5523,1,credit_card,1,30.29
ORD2018OCT_3026,1,boleto,1,64.66
ORD2018OCT_5600,1,credit_card,4,111.02
ORD2018OCT_7512,1,boleto,1,185.05
ORD2018OCT_8504,1,boleto,1,48.22
ORD2018OCT_7336,1,boleto,1,292.99
ORD2018OCT_8145,1,credit_card,10,162.25
ORD2018OCT_2050,1,voucher,1,166.86
ORD2018OCT_8022,1,credit_card,3,133.05
ORD2018OCT_9736,1,credit_card,1,40.0
ORD2018OCT_5623,1,credit_card,3,122.49
ORD2018OCT_8384,1,boleto,1,99.34
ORD2018OCT_1856,1,credit_card,8,254.25
ORD2018OCT_4644,1,credit_card,3,113.71
ORD2018OCT_2990,1,credit_card,1,80.89
ORD2018OCT_6992,1,credit_card,1,76.66
ORD2018OCT_722,1,credit_card,1,162.68
ORD2018OCT_3307,1,credit_card,2,109.84
ORD2018OCT_1913,1,credit_card,1,50.65
ORD2018OCT_7158,1,boleto,1,32.77
ORD2018OCT_7753,1,boleto,1,70.97
ORD2018OCT_310,1,credit_card,4,158.36
ORD2018OCT_6460,1,credit_card,2,76.08
ORD2018OCT_3105,1,credit_card,10,875.74
ORD2018OCT_3771,1,credit_card,3,127.41
ORD2018OCT_1054,1,credit_card,10,150.15
ORD2018OCT_9149,1,credit_card,1,124.28
ORD2018OCT_4029,1,boleto,1,980.33
ORD2018OCT_9478,1,credit_card,5,63.99
ORD2018OCT_4122,1,credit_card,3,84.48
ORD2018OCT_3609,1,credit_card,1,86.73
ORD2018OCT_9784,1,credit_card,2,26.28
ORD2018OCT_309,1,credit_card,10,374.25
ORD2018OCT_8242,1,boleto,1,524.81
ORD2018OCT_4117,1,credit_card,1,19.57
ORD2018OCT_9840,1,credit_card,2,184.85
ORD2018OCT_599,1,debit_card,1,68.43
ORD2018OCT_347,1,credit_card,10,1476.07
ORD2018OCT_5884,1,credit_card,8,437.36
ORD2018OCT_4439,1,credit_card,1,74.25
ORD2018OCT_7497,17,voucher,1,7.51
ORD2018OCT_26,1,credit_card,5,56.44
ORD2018OCT_8145,1,credit_card,8,229.37
ORD2018OCT_3280,1,credit_card,2,22.24
ORD2018OCT_5023,1,credit_card,1,96.65
ORD2018OCT_7264,1,credit_card,5,1821.82
ORD2018OCT_7844,1,boleto,1,49.85
ORD2018OCT_2262,2,voucher,1,40.52
ORD2018OCT_2408,1,boleto,1,49.75
ORD2018OCT_2089,1,credit_card,4,269.22
ORD2018OCT_7883,1,credit_card,1,174.36
ORD2018OCT_5895,1,credit_card,1,165.8
ORD2018OCT_1874,1,credit_card,10,757.97
ORD2018OCT_3396,1,credit_card,4,176.2
ORD2018OCT_9666,1,boleto,1,89.19
ORD2018OCT_9238,1,credit_card,1,41.79
ORD2018OCT_9257,1,credit_card,1,42.69
ORD2018OCT_3103,1,credit_card,1,125.21
ORD2018OCT_2260,1,credit_card,1,57.79
ORD2018OCT_9000,1,credit_card,3,192.95
ORD2018OCT_4948,1,credit_card,1,50.7
ORD2018OCT_8384,1,credit_card,3,168.29
ORD2018OCT_5397,1,boleto,1,95.42
ORD2018OCT_1289,1,credit_card,10,236.88
ORD2018OCT_1648,1,credit_card,8,160.21
ORD2018OCT_7863,1,credit_card,4,47.1
ORD2018OCT_5646,1,credit_card,1,82.22
ORD2018OCT_4204,1,credit_card,3,35.0
ORD2018OCT_7588,1,credit_card,3,187.19
ORD2018OCT_8663,1,credit_card,2,52.23
ORD2018OCT_7314,1,credit_card,2,40.68
ORD2018OCT_7133,1,credit_card,4,86.76
ORD2018OCT_4944,1,credit_card,2,197.27
ORD2018OCT_2609,1,credit_card,1,71.82
ORD2018OCT_1120,1,credit_card,7,169.32
ORD2018OCT_7477,1,credit_card,4,194.53
ORD2018OCT_7190,1,boleto,1,70.35
ORD2018OCT_8134,1,boleto,1,25.84
ORD2018OCT_531,1,credit_card,2,57.51
ORD2018OCT_6039,1,credit_card,1,18.52
ORD2018OCT_1965,1,credit_card,3,324.44
ORD2018OCT_4916,1,boleto,1,60.46
ORD2018OCT_4977,1,boleto,1,43.13
ORD2018OCT_7225,1,credit_card,2,262.07
ORD2018OCT_9096,1,debit_card,1,47.9
ORD2018OCT_6673,1,credit_card,3,32.43
ORD2018OCT_8846,1,credit_card,3,160.76
ORD2018OCT_4033,1,boleto,1,64.63
ORD2018OCT_669,1,credit_card,6,183.58
ORD2018OCT_5947,1,credit_card,2,25.74
ORD2018OCT_5534,1,credit_card,1,164.04
ORD2018OCT_998,1,boleto,1,144.28
ORD2018OCT_6212,1,credit_card,2,75.07
ORD2018OCT_798,1,credit_card,2,99.69
ORD2018OCT_8445,1,credit_card,2,196.81
ORD2018OCT_7627,1,debit_card,1,134.83
ORD2018OCT_7275,1,credit_card,1,38.64
ORD2018OCT_1312,1,credit_card,3,67.18
ORD2018OCT_9247,1,credit_card,5,384.27
ORD2018OCT_1487,1,credit_card,1,39.75
ORD2018OCT_795,1,credit_card,5,113.13
ORD2018OCT_7674,1,credit_card,2,90.73
ORD2018OCT_4845,1,voucher,1,412.64
ORD2018OCT_5365,1,credit_card,1,75.08
ORD2018OCT_9434,1,boleto,1,167.8
ORD2018OCT_8395,2,voucher,1,50.0
ORD2018OCT_2741,1,credit_card,1,47.46
ORD2018OCT_5213,1,credit_card,5,58.48
ORD2018OCT_5238,1,boleto,1,55.65
ORD2018OCT_9798,1,credit_card,1,40.09
ORD2018OCT_8986,1,boleto,1,104.96
ORD2018OCT_6868,1,credit_card,8,194.32
ORD2018OCT_1832,2,voucher,1,98.52
ORD2018OCT_4281,1,credit_card,1,53.52
ORD2018OCT_8895,1,credit_card,2,175.08
ORD2018OCT_9632,1,boleto,1,179.17
ORD2018OCT_9102,1,boleto,1,116.43
ORD2018OCT_2454,1,credit_card,1,96.95
ORD2018OCT_116,1,credit_card,1,89.41
ORD2018OCT_1095,1,credit_card,1,102.93
ORD2018OCT_2827,1,credit_card,3,72.66
ORD2018OCT_5248,1,credit_card,1,4.51
ORD2018OCT_1224,1,debit_card,1,38.38
ORD2018OCT_7288,1,credit_card,1,49.4
ORD2018OCT_2357,1,credit_card,10,519.37
ORD2018OCT_9924,1,credit_card,1,31.69
ORD2018OCT_6574,1,credit_card,1,19.33
ORD2018OCT_4657,1,credit_card,1,42.78
ORD2018OCT_7795,1,credit_card,1,201.08
ORD2018OCT_6188,1,credit_card,2,114.15
ORD2018OCT_728,1,credit_card,1,42.41
ORD2018OCT_1953,1,boleto,1,65.6
ORD2018OCT_8696,1,boleto,1,300.02
ORD2018OCT_5273,1,boleto,1,73.66
ORD2018OCT_7851,1,credit_card,1,298.73
ORD2018OCT_9944,1,credit_card,6,308.16
ORD2018OCT_5986,1,credit_card,1,69.41
ORD2018OCT_6846,1,credit_card,2,20.62
ORD2018OCT_5559,1,credit_card,4,192.03
ORD2018OCT_7095,1,credit_card,2,105.29
ORD2018OCT_9009,3,voucher,1,23.13
ORD2018OCT_1960,1,boleto,1,45.09
ORD2018OCT_2191,1,credit_card,2,68.02
ORD2018OCT_1820,1,boleto,1,99.33
ORD2018OCT_6765,1,credit_card,2,64.0
ORD2018OCT_4309,1,voucher,1,116.94
ORD2018OCT_8039,1,credit_card,4,325.95
ORD2018OCT_2130,1,boleto,1,131.73
ORD2018OCT_8472,1,credit_card,1,76.36
ORD2018OCT_4943,1,credit_card,4,108.0
ORD2018OCT_6168,1,credit_card,1,122.5
ORD2018OCT_6856,19,voucher,1,5.02
ORD2018OCT_2976,1,credit_card,1,62.39
ORD2018OCT_1593,1,credit_card,1,111.27
ORD2018OCT_1397,1,credit_card,10,123.6
ORD2018OCT_3070,1,boleto,1,172.09
ORD2018OCT_9360,1,credit_card,5,123.26
ORD2018OCT_7219,1,credit_card,3,44.04
ORD2018OCT_5478,1,voucher,1,0.01
ORD2018OCT_1503,1,credit_card,1,62.82
ORD2018OCT_1806,1,credit_card,1,48.71
ORD2018OCT_167,1,credit_card,1,20.27
ORD2018OCT_5705,1,credit_card,4,209.46
ORD2018OCT_1096,1,boleto,1,134.58
ORD2018OCT_7092,1,boleto,1,86.58
ORD2018OCT_5190,1,credit_card,10,145.56
ORD2018OCT_2396,1,credit_card,5,270.67
ORD2018OCT_1292,1,credit_card,1,232.11
ORD2018OCT_1451,1,credit_card,1,124.83
ORD2018OCT_4269,1,credit_card,10,300.08
ORD2018OCT_7656,1,boleto,1,36.04
ORD2018OCT_5031,1,credit_card,2,150.17
ORD2018OCT_7161,1,boleto,1,137.04
ORD2018OCT_71,1,credit_card,1,20.85
ORD2018OCT_9707,1,boleto,1,36.86
ORD2018OCT_187,1,credit_card,1,144.07
ORD2018OCT_4152,1,credit_card,1,7.63
ORD2018OCT_8317,1,credit_card,5,73.94
ORD2018OCT_5715,1,credit_card,3,74.97
ORD2018OCT_7381,1,credit_card,8,179.56
ORD2018OCT_9808,1,boleto,1,76.68
ORD2018OCT_611,1,credit_card,2,139.0
ORD2018OCT_358,1,boleto,1,127.33
ORD2018OCT_6850,1,credit_card,5,134.36
ORD2018OCT_5464,1,boleto,1,77.57
ORD2018OCT_9853,1,boleto,1,25.09
ORD2018OCT_5375,1,credit_card,2,133.83
ORD2018OCT_8000,1,credit_card,1,65.71
ORD2018OCT_6411,1,debit_card,1,75.37
ORD2018OCT_3047,1,credit_card,1,283.0
ORD2018OCT_5274,1,debit_card,1,49.09
ORD2018OCT_9201,2,credit_card,4,220.0
ORD2018OCT_9404,1,credit_card,2,40.22
ORD2018OCT_1528,1,credit_card,4,207.73
ORD2018OCT_8567,1,credit_card,1,604.84
ORD2018OCT_8349,1,credit_card,10,254.88
ORD2018OCT_9059,1,boleto,1,236.3
ORD2018OCT_4416,1,credit_card,2,170.84
ORD2018OCT_7883,1,credit_card,2,129.45
ORD2018OCT_5401,1,boleto,1,185.66
ORD2018OCT_4624,1,credit_card,3,56.6
ORD2018OCT_2326,1,boleto,1,73.91
ORD2018OCT_2822,1,boleto,1,65.1
ORD2018OCT_3744,1,credit_card,2,25.67
ORD2018OCT_1991,1,credit_card,10,882.46
ORD2018OCT_4721,1,credit_card,10,103.16
ORD2018OCT_5325,1,boleto,1,84.14
ORD2018OCT_3551,2,voucher,1,299.15
ORD2018OCT_3324,1,boleto,1,80.0
ORD2018OCT_2269,1,credit_card,1,19.54
ORD2018OCT_3614,1,credit_card,9,91.86
ORD2018OCT_7191,1,credit_card,4,257.42
ORD2018OCT_715,1,credit_card,3,176.65
ORD2018OCT_6993,1,credit_card,1,34.53
ORD2018OCT_4950,1,credit_card,3,164.78
ORD2018OCT_604,1,credit_card,1,64.0
ORD2018OCT_776,1,credit_card,1,106.77
ORD2018OCT_6433,1,credit_card,2,567.57
ORD2018OCT_1336,1,credit_card,1,68.7
ORD2018OCT_869,2,voucher,1,87.9
ORD2018OCT_2524,1,credit_card,1,37.36
ORD2018OCT_5764,1,credit_card,1,52.69
ORD2018OCT_286,1,boleto,1,159.12
ORD2018OCT_4974,1,credit_card,2,135.62
ORD2018OCT_7732,1,credit_card,1,66.01
ORD2018OCT_3939,1,credit_card,4,206.98
ORD2018OCT_9875,1,credit_card,1,137.03
ORD2018OCT_6818,1,credit_card,8,393.29
ORD2018OCT_6588,1,boleto,1,171.51
ORD2018OCT_2307,1,credit_card,4,306.24
ORD2018OCT_9840,1,boleto,1,68.33
ORD2018OCT_864,1,credit_card,10,163.39
ORD2018OCT_3389,1,credit_card,3,53.23
ORD2018OCT_547,1,credit_card,6,96.0
ORD2018OCT_8752,1,credit_card,5,120.28
ORD2018OCT_3709,1,credit_card,10,387.77
ORD2018OCT_2749,1,boleto,1,185.88
ORD2018OCT_7235,1,credit_card,10,123.25
ORD2018OCT_3284,1,credit_card,1,126.66
ORD2018OCT_1354,1,credit_card,3,471.6
ORD2018OCT_5355,1,credit_card,10,1162.88
ORD2018OCT_6887,1,credit_card,2,152.47
ORD2018OCT_7281,1,credit_card,3,147.65
ORD2018OCT_267,1,credit_card,2,79.34
ORD2018OCT_2649,2,voucher,1,33.56
ORD2018OCT_3346,2,voucher,1,4.81
ORD2018OCT_3216,1,debit_card,1,67.05
ORD2018OCT_7444,1,credit_card,1,20.29
ORD2018OCT_646,2,voucher,1,139.29
ORD2018OCT_573,2,voucher,1,20.0
ORD2018OCT_6341,1,voucher,1,44.0
ORD2018OCT_4197,1,credit_card,2,91.16
ORD2018OCT_6753,1,credit_card,6,64.82
ORD2018OCT_7756,1,boleto,1,68.88
ORD2018OCT_9462,1,credit_card,6,309.05
ORD2018OCT_7701,1,credit_card,1,69.9
ORD2018OCT_40,1,credit_card,1,52.46
ORD2018OCT_1016,1,credit_card,5,251.65
ORD2018OCT_4124,1,credit_card,8,210.47
ORD2018OCT_9663,1,boleto,1,82.6
ORD2018OCT_9456,1,credit_card,1,57.16
ORD2018OCT_4248,1,credit_card,1,30.84
ORD2018OCT_5645,1,credit_card,10,188.45
ORD2018OCT_4401,1,credit_card,4,86.96
ORD2018OCT_8543,1,credit_card,1,27.75
ORD2018OCT_8578,1,credit_card,10,229.28
ORD2018OCT_5455,1,voucher,1,216.54
ORD2018OCT_1154,1,credit_card,2,62.0
ORD2018OCT_6999,1,credit_card,2,72.1
ORD2018OCT_4755,1,credit_card,6,111.02
ORD2018OCT_6419,1,credit_card,3,177.77
ORD2018OCT_6815,1,credit_card,4,227.94
ORD2018OCT_2566,1,credit_card,6,535.07
ORD2018OCT_8485,1,credit_card,1,5.46
ORD2018OCT_2343,2,voucher,1,64.64
ORD2018OCT_9888,1,credit_card,1,102.51
ORD2018OCT_4037,1,credit_card,10,574.68
ORD2018OCT_5533,1,credit_card,4,87.23
ORD2018OCT_8496,2,voucher,1,100.0
ORD2018OCT_2748,1,boleto,1,64.44
ORD2018OCT_5163,1,credit_card,3,182.61
ORD2018OCT_9342,1,credit_card,4,103.55
ORD2018OCT_3351,1,credit_card,3,139.22
ORD2018OCT_9232,1,boleto,1,38.17
ORD2018OCT_4995,1,credit_card,3,38.63
ORD2018OCT_2744,1,credit_card,1,194.0
ORD2018OCT_7543,1,boleto,1,34.8
ORD2018OCT_2919,1,credit_card,1,55.86
ORD2018OCT_6058,1,credit_card,10,269.53
ORD2018OCT_8007,1,boleto,1,32.0
ORD2018OCT_6263,1,credit_card,10,301.16
ORD2018OCT_2224,1,boleto,1,69.9
ORD2018OCT_5368,1,credit_card,1,100.23
ORD2018OCT_4478,1,credit_card,2,76.74
ORD2018OCT_927,1,credit_card,4,168.06
ORD2018OCT_5161,1,credit_card,8,259.78
ORD2018OCT_7941,1,credit_card,6,69.69
ORD2018OCT_3122,1,credit_card,5,201.04
ORD2018OCT_6993,1,credit_card,1,23.38
ORD2018OCT_7810,1,credit_card,1,49.09
ORD2018OCT_6924,1,credit_card,1,40.63
ORD2018OCT_8133,1,credit_card,1,73.34
ORD2018OCT_4698,1,credit_card,6,89.36
ORD2018OCT_3371,1,boleto,1,40.52
ORD2018OCT_8516,1,boleto,1,551.52
ORD2018OCT_1326,1,boleto,1,113.62
ORD2018OCT_2204,1,voucher,1,35.09
ORD2018OCT_6059,1,credit_card,2,77.78
ORD2018OCT_4998,1,credit_card,1,22.7
ORD2018OCT_4426,1,credit_card,2,200.52
ORD2018OCT_2640,1,credit_card,2,118.35
ORD2018OCT_8879,1,credit_card,3,79.2
ORD2018OCT_1817,1,credit_card,2,108.67
ORD2018OCT_4406,1,credit_card,2,140.97
ORD2018OCT_1718,1,credit_card,1,114.79
ORD2018OCT_2397,1,credit_card,6,136.91
ORD2018OCT_5641,1,credit_card,1,35.49
ORD2018OCT_372,1,credit_card,6,406.56
ORD2018OCT_8380,1,boleto,1,60.37
ORD2018OCT_7176,1,credit_card,2,145.0
ORD2018OCT_5035,1,credit_card,7,85.58
ORD2018OCT_7466,1,credit_card,6,339.79
ORD2018OCT_7152,1,boleto,1,33.93
ORD2018OCT_9650,1,credit_card,3,672.4
ORD2018OCT_9713,1,credit_card,6,61.01
ORD2018OCT_4425,1,credit_card,8,172.52
ORD2018OCT_95,1,credit_card,6,65.71
ORD2018OCT_4936,1,credit_card,1,28.03
ORD2018OCT_4275,1,boleto,1,1028.62
ORD2018OCT_8930,1,credit_card,5,72.15
ORD2018OCT_2611,1,credit_card,10,156.64
ORD2018OCT_2870,1,credit_card,1,28.09
ORD2018OCT_2834,1,credit_card,1,114.13
ORD2018OCT_3470,1,credit_card,2,154.38
ORD2018OCT_589,1,credit_card,1,15.71
ORD2018OCT_6391,1,credit_card,1,54.1
ORD2018OCT_5788,1,credit_card,2,123.1
ORD2018OCT_1936,1,credit_card,1,21.01
ORD2018OCT_5883,1,credit_card,3,39.6
ORD2018OCT_2141,1,credit_card,3,155.14
ORD2018OCT_8022,1,boleto,1,128.25
ORD2018OCT_6290,1,credit_card,8,367.56
ORD2018OCT_5245,1,credit_card,1,73.68
ORD2018OCT_9198,1,boleto,1,97.01
ORD2018OCT_5488,1,boleto,1,53.76
ORD2018OCT_6408,1,credit_card,10,174.81
ORD2018OCT_3986,1,credit_card,1,98.7
ORD2018OCT_7334,1,voucher,1,84.46
ORD2018OCT_7293,1,credit_card,2,73.48
ORD2018OCT_2859,1,credit_card,10,607.87
ORD2018OCT_7066,1,credit_card,6,230.32
ORD2018OCT_203,1,credit_card,8,780.98
ORD2018OCT_5415,1,credit_card,2,137.61
ORD2018OCT_660,1,voucher,1,30.89
ORD2018OCT_6453,1,boleto,1,89.75
ORD2018OCT_253,1,credit_card,4,224.69
ORD2018OCT_3579,1,boleto,1,35.0
ORD2018OCT_3618,1,credit_card,1,83.56
ORD2018OCT_7970,1,credit_card,4,231.3
ORD2018OCT_4884,2,voucher,1,106.16
ORD2018OCT_6208,2,voucher,1,69.02
ORD2018OCT_8630,1,credit_card,3,50.96
ORD2018OCT_5240,1,credit_card,3,212.02
ORD2018OCT_9771,1,credit_card,4,139.29
ORD2018OCT_8695,1,voucher,1,61.58
ORD2018OCT_5503,1,credit_card,5,110.54
ORD2018OCT_3560,1,credit_card,2,128.24
ORD2018OCT_7831,4,voucher,1,2.54
ORD2018OCT_1029,1,credit_card,8,94.87
ORD2018OCT_2653,1,credit_card,7,73.76
ORD2018OCT_4648,1,credit_card,10,274.98
ORD2018OCT_3832,1,credit_card,10,566.07
ORD2018OCT_980,1,credit_card,6,64.11
ORD2018OCT_2208,1,credit_card,2,26.13
ORD2018OCT_7957,1,boleto,1,57.63
ORD2018OCT_8672,1,credit_card,3,39.2
ORD2018OCT_8099,1,credit_card,10,129.91
ORD2018OCT_5887,1,credit_card,3,30.0
ORD2018OCT_4044,1,credit_card,10,368.2
ORD2018OCT_1553,1,credit_card,3,85.14
ORD2018OCT_8124,1,boleto,1,128.24
ORD2018OCT_6539,1,boleto,1,328.35
ORD2018OCT_8849,1,credit_card,3,180.47
ORD2018OCT_9352,1,credit_card,1,230.5
ORD2018OCT_8364,1,credit_card,1,5.03
ORD2018OCT_3048,1,credit_card,2,196.01
ORD2018OCT_7232,1,credit_card,2,235.28
ORD2018OCT_1549,1,credit_card,2,104.37
ORD2018OCT_7845,1,credit_card,6,130.01
ORD2018OCT_9176,1,credit_card,2,35.38
ORD2018OCT_917,1,credit_card,3,288.54
ORD2018OCT_2233,1,credit_card,1,44.73
ORD2018OCT_2993,1,credit_card,2,27.86
ORD2018OCT_1600,1,credit_card,3,75.03
ORD2018OCT_8839,1,boleto,1,44.29
ORD2018OCT_9546,1,credit_card,8,132.36
ORD2018OCT_7911,1,credit_card,5,92.57
ORD2018OCT_2963,1,credit_card,3,77.21
ORD2018OCT_7569,1,credit_card,2,124.69
ORD2018OCT_40,1,credit_card,4,94.25
ORD2018OCT_6814,1,credit_card,6,183.95
ORD2018OCT_51,1,credit_card,2,115.45
ORD2018OCT_2608,1,credit_card,1,3.8
ORD2018OCT_4191,1,credit_card,3,497.07
ORD2018OCT_1219,1,credit_card,8,216.13
ORD2018OCT_3548,1,credit_card,3,69.12
ORD2018OCT_1698,1,credit_card,8,344.27
ORD2018OCT_1642,1,boleto,1,135.08
ORD2018OCT_9510,1,voucher,1,50.2
ORD2018OCT_1646,1,credit_card,5,56.78
ORD2018OCT_6176,1,boleto,1,27.73
ORD2018OCT_4300,1,credit_card,2,55.24
ORD2018OCT_8261,1,credit_card,4,46.29
ORD2018OCT_9218,1,credit_card,1,55.61
ORD2018OCT_3800,1,credit_card,7,76.31
ORD2018OCT_1549,1,debit_card,1,35.57
ORD2018OCT_5919,1,boleto,1,41.93
ORD2018OCT_6433,1,boleto,1,35.76
ORD2018OCT_4170,1,credit_card,1,126.43
ORD2018OCT_163,1,credit_card,2,69.43
ORD2018OCT_9901,1,credit_card,4,288.66
ORD2018OCT_402,1,credit_card,8,448.51
ORD2018OCT_7500,5,voucher,1,16.9
ORD2018OCT_2980,1,credit_card,6,110.93
ORD2018OCT_3573,1,boleto,1,23.79
ORD2018OCT_2820,1,credit_card,5,178.03
ORD2018OCT_7495,1,boleto,1,75.17
ORD2018OCT_2979,1,credit_card,7,77.57
ORD2018OCT_4528,1,credit_card,6,123.75
ORD2018OCT_7724,1,credit_card,4,195.13
ORD2018OCT_2985,1,credit_card,10,185.94
ORD2018OCT_5767,2,voucher,1,64.37
ORD2018OCT_2820,1,credit_card,4,74.63
ORD2018OCT_789,1,voucher,1,38.0
ORD2018OCT_9000,1,boleto,1,207.1
ORD2018OCT_8478,1,credit_card,2,169.7
ORD2018OCT_4268,1,credit_card,1,72.99
ORD2018OCT_5561,1,boleto,1,36.35
ORD2018OCT_7838,1,credit_card,1,45.86
ORD2018OCT_4348,1,credit_card,6,65.84
ORD2018OCT_1162,1,credit_card,2,103.52
ORD2018OCT_4136,1,credit_card,1,114.69
ORD2018OCT_6440,1,credit_card,10,756.49
ORD2018OCT_6741,1,credit_card,1,45.86
ORD2018OCT_7521,1,credit_card,2,35.77
ORD2018OCT_6402,1,credit_card,1,36.75
ORD2018OCT_121,1,debit_card,1,249.05
ORD2018OCT_4183,1,credit_card,5,318.96
ORD2018OCT_550,1,credit_card,1,57.8
ORD2018OCT_5643,1,credit_card,1,132.05
ORD2018OCT_3906,1,credit_card,3,177.62
ORD2018OCT_7881,1,credit_card,4,204.92
ORD2018OCT_3954,1,credit_card,1,376.19
ORD2018OCT_4467,1,credit_card,1,53.73
ORD2018OCT_7940,1,boleto,1,22.77
ORD2018OCT_2575,1,credit_card,8,191.14
ORD2018OCT_5510,1,credit_card,6,106.29
ORD2018OCT_9220,1,credit_card,5,99.43
ORD2018OCT_1159,1,credit_card,1,42.51
ORD2018OCT_3273,1,boleto,1,55.0
ORD2018OCT_9733,1,credit_card,3,148.15
ORD2018OCT_8816,1,credit_card,4,161.46
ORD2018OCT_1012,1,credit_card,10,224.71
ORD2018OCT_6979,1,credit_card,1,95.23
ORD2018OCT_3569,1,credit_card,2,83.0
ORD2018OCT_3862,1,credit_card,3,75.68
ORD2018OCT_7951,1,voucher,1,90.41
ORD2018OCT_3292,1,credit_card,5,97.24
ORD2018OCT_74,1,credit_card,1,59.11
ORD2018OCT_9720,1,credit_card,1,35.77
ORD2018OCT_2366,1,credit_card,8,126.43
ORD2018OCT_1963,1,credit_card,3,143.83
ORD2018OCT_3607,1,credit_card,8,84.61
ORD2018OCT_6177,1,credit_card,2,163.79
ORD2018OCT_6775,1,boleto,1,868.24
ORD2018OCT_1221,1,boleto,1,183.9
ORD2018OCT_5070,1,boleto,1,56.1
ORD2018OCT_7310,1,boleto,1,75.06
ORD2018OCT_262,1,credit_card,1,38.1
ORD2018OCT_3035,1,credit_card,4,48.22
ORD2018OCT_7493,1,boleto,1,33.99
ORD2018OCT_8967,1,credit_card,9,96.88
ORD2018OCT_7736,1,credit_card,1,71.53
ORD2018OCT_6941,1,credit_card,4,220.27
ORD2018OCT_3658,1,credit_card,1,70.84
ORD2018OCT_2649,1,credit_card,3,224.97
ORD2018OCT_8126,1,credit_card,24,609.56
ORD2018OCT_986,1,credit_card,5,96.8
ORD2018OCT_3996,1,boleto,1,117.51
ORD2018OCT_7773,1,credit_card,3,140.92
ORD2018OCT_7853,1,boleto,1,69.22
ORD2018OCT_9122,1,credit_card,1,37.75
ORD2018OCT_1334,1,credit_card,2,130.43
ORD2018OCT_8279,1,credit_card,1,134.81
ORD2018OCT_7693,1,credit_card,1,124.13
ORD2018OCT_6542,1,boleto,1,28.95
ORD2018OCT_9647,1,credit_card,3,126.22
ORD2018OCT_3434,1,credit_card,6,137.12
ORD2018OCT_5459,1,credit_card,1,69.83
ORD2018OCT_1913,1,boleto,1,659.41
ORD2018OCT_9666,1,credit_card,1,328.05
ORD2018OCT_2552,1,credit_card,1,323.54
ORD2018OCT_1350,2,voucher,1,13.44
ORD2018OCT_35,1,credit_card,5,61.8
ORD2018OCT_6529,1,credit_card,3,176.78
ORD2018OCT_100,1,credit_card,2,144.75
ORD2018OCT_5638,1,debit_card,1,44.2
ORD2018OCT_7355,2,voucher,1,50.0
ORD2018OCT_2587,1,credit_card,4,118.17
ORD2018OCT_71,1,credit_card,8,804.33
ORD2018OCT_6363,1,credit_card,6,87.96
ORD2018OCT_2356,1,credit_card,2,133.05
ORD2018OCT_7739,1,credit_card,5,190.99
ORD2018OCT_8904,1,credit_card,9,91.1
ORD2018OCT_3280,1,boleto,1,53.58
ORD2018OCT_6027,1,credit_card,5,264.05
ORD2018OCT_7597,1,boleto,1,191.83
ORD2018OCT_1999,1,credit_card,4,115.44
ORD2018OCT_6420,1,boleto,1,142.43
ORD2018OCT_4203,1,credit_card,4,117.39
ORD2018OCT_5689,1,credit_card,4,102.96
ORD2018OCT_2672,1,credit_card,2,27.38
ORD2018OCT_932,1,credit_card,2,246.61
ORD2018OCT_4423,1,credit_card,3,34.3
ORD2018OCT_4273,1,credit_card,1,38.24
ORD2018OCT_7345,1,credit_card,3,303.53
ORD2018OCT_2977,1,boleto,1,46.13
ORD2018OCT_1070,1,credit_card,10,116.79
ORD2018OCT_9004,1,credit_card,8,257.94
ORD2018OCT_3417,1,credit_card,7,78.18
ORD2018OCT_430,1,voucher,1,207.9
ORD2018OCT_3632,1,credit_card,8,82.48
ORD2018OCT_862,1,credit_card,2,42.58
ORD2018OCT_4300,1,credit_card,10,172.09
ORD2018OCT_3925,1,credit_card,10,1481.03
ORD2018OCT_8746,1,credit_card,1,63.41
ORD2018OCT_1797,1,credit_card,1,183.97
ORD2018OCT_876,1,credit_card,1,11.22
ORD2018OCT_5057,1,boleto,1,142.21
ORD2018OCT_7376,1,boleto,1,83.59
ORD2018OCT_2744,1,credit_card,5,104.27
ORD2018OCT_7207,1,credit_card,3,32.23
ORD2018OCT_842,2,voucher,1,293.54
ORD2018OCT_3191,1,boleto,1,60.5
ORD2018OCT_6225,1,credit_card,1,26.83
ORD2018OCT_3311,1,credit_card,3,32.77
ORD2018OCT_4218,1,voucher,1,200.0
ORD2018OCT_53,1,boleto,1,162.19
ORD2018OCT_3919,1,boleto,1,86.24
ORD2018OCT_2542,1,credit_card,5,102.66
ORD2018OCT_8374,1,boleto,1,143.08
ORD2018OCT_2606,1,voucher,1,35.96
ORD2018OCT_3370,1,boleto,1,76.83
ORD2018OCT_4465,1,credit_card,1,142.67
ORD2018OCT_7318,1,credit_card,1,137.55
ORD2018OCT_8210,1,credit_card,3,93.52
ORD2018OCT_1162,1,credit_card,1,24.34
ORD2018OCT_9792,1,voucher,1,225.71
ORD2018OCT_1139,1,credit_card,3,203.42
ORD2018OCT_6272,1,voucher,1,25.0
ORD2018OCT_4277,1,credit_card,1,233.31
ORD2018OCT_7119,1,boleto,1,87.13
ORD2018OCT_2569,1,credit_card,5,199.78
ORD2018OCT_3745,1,credit_card,6,167.29
ORD2018OCT_5917,1,credit_card,1,66.67
ORD2018OCT_8529,1,credit_card,5,107.0
ORD2018OCT_45,1,credit_card,1,137.57
ORD2018OCT_1934,1,credit_card,3,33.72
ORD2018OCT_4557,1,credit_card,1,38.78
ORD2018OCT_8404,1,credit_card,1,343.08
ORD2018OCT_6977,1,credit_card,6,129.91
ORD2018OCT_8130,1,credit_card,1,129.56
ORD2018OCT_5166,1,credit_card,4,66.81
ORD2018OCT_3884,1,credit_card,2,198.13
ORD2018OCT_1423,1,credit_card,2,162.97
ORD2018OCT_302,1,credit_card,6,295.52
ORD2018OCT_4967,1,credit_card,1,77.89
ORD2018OCT_576,1,credit_card,1,40.38
ORD2018OCT_9048,1,credit_card,2,146.44
ORD2018OCT_1628,1,credit_card,6,121.94
ORD2018OCT_613,1,credit_card,1,39.09
ORD2018OCT_869,1,boleto,1,55.96
ORD2018OCT_19,1,boleto,1,53.13
ORD2018OCT_6564,1,credit_card,3,254.14
ORD2018OCT_2016,1,credit_card,5,107.46
ORD2018OCT_378,1,credit_card,2,217.64
ORD2018OCT_3515,1,boleto,1,112.42
ORD2018OCT_4730,1,credit_card,5,237.07
ORD2018OCT_1632,1,credit_card,5,98.04
ORD2018OCT_2723,1,credit_card,10,258.55
ORD2018OCT_6164,1,credit_card,5,315.94
ORD2018OCT_4017,1,boleto,1,148.94
ORD2018OCT_5195,1,credit_card,2,209.51
ORD2018OCT_1137,1,credit_card,8,580.44
ORD2018OCT_4216,1,credit_card,6,86.74
ORD2018OCT_8980,1,credit_card,1,32.69
ORD2018OCT_7154,1,credit_card,1,43.09
ORD2018OCT_8992,1,credit_card,3,97.37
ORD2018OCT_6171,1,credit_card,4,235.81
ORD2018OCT_3813,1,credit_card,6,77.97
ORD2018OCT_8691,1,credit_card,3,112.94
ORD2018OCT_3753,1,credit_card,1,134.12
ORD2018OCT_5425,1,credit_card,1,63.12
ORD2018OCT_7962,1,credit_card,1,41.0
ORD2018OCT_378,1,credit_card,1,32.38
ORD2018OCT_5344,1,credit_card,1,76.37
ORD2018OCT_289,1,credit_card,1,28.23
ORD2018OCT_9431,1,credit_card,3,35.0
ORD2018OCT_3553,1,credit_card,8,236.0
ORD2018OCT_2863,1,credit_card,1,40.09
ORD2018OCT_2406,1,credit_card,1,30.0
ORD2018OCT_9125,1,credit_card,1,25.42
ORD2018OCT_5315,1,credit_card,3,38.09
ORD2018OCT_4378,1,credit_card,10,573.74
ORD2018OCT_6835,1,credit_card,3,180.71
ORD2018OCT_9839,1,credit_card,6,122.27
ORD2018OCT_1285,1,credit_card,6,418.24
ORD2018OCT_4793,1,boleto,1,42.09
ORD2018OCT_327,1,credit_card,2,45.22
ORD2018OCT_1231,1,credit_card,10,143.66
ORD2018OCT_1640,1,credit_card,1,36.35
ORD2018OCT_6333,1,boleto,1,176.12
ORD2018OCT_8885,1,boleto,1,28.95
ORD2018OCT_1076,1,credit_card,8,126.88
ORD2018OCT_1385,1,credit_card,3,151.06
ORD2018OCT_6213,1,credit_card,3,31.75
ORD2018OCT_8161,5,voucher,1,15.04
ORD2018OCT_9442,1,credit_card,4,234.47
ORD2018OCT_8551,1,credit_card,1,57.68
ORD2018OCT_8514,1,credit_card,2,90.63
ORD2018OCT_44,1,credit_card,1,48.62
ORD2018OCT_5812,1,credit_card,1,94.71
ORD2018OCT_5166,2,voucher,1,5.37
ORD2018OCT_2876,1,credit_card,1,104.28
ORD2018OCT_8052,1,credit_card,3,51.02
ORD2018OCT_2267,1,boleto,1,49.05
ORD2018OCT_6131,1,credit_card,4,60.52
ORD2018OCT_110,1,credit_card,2,95.34
ORD2018OCT_1616,1,credit_card,3,131.33
ORD2018OCT_2808,1,credit_card,2,139.71
ORD2018OCT_306,1,credit_card,1,119.74
ORD2018OCT_6301,1,credit_card,2,67.48
ORD2018OCT_9366,2,voucher,1,78.01
ORD2018OCT_9163,1,credit_card,3,51.1
ORD2018OCT_725,1,credit_card,6,66.01
ORD2018OCT_5795,1,debit_card,1,48.84
ORD2018OCT_600,1,boleto,1,106.25
ORD2018OCT_9113,1,boleto,1,33.1
ORD2018OCT_6068,1,credit_card,3,158.45
ORD2018OCT_8896,1,credit_card,2,60.85
ORD2018OCT_7208,1,credit_card,10,480.46
ORD2018OCT_9556,1,credit_card,2,146.1
ORD2018OCT_779,1,credit_card,2,732.68
ORD2018OCT_9403,1,credit_card,1,79.77
ORD2018OCT_4085,1,credit_card,1,96.93
ORD2018OCT_2848,1,credit_card,1,28.29
ORD2018OCT_9172,1,credit_card,5,693.59
ORD2018OCT_1632,1,boleto,1,225.03
ORD2018OCT_8352,1,credit_card,5,284.9
ORD2018OCT_7593,1,credit_card,8,560.65
ORD2018OCT_5979,1,credit_card,6,168.31
ORD2018OCT_5950,1,credit_card,3,157.13
ORD2018OCT_4914,1,boleto,1,77.9
ORD2018OCT_257,1,credit_card,5,59.69
ORD2018OCT_8524,1,credit_card,4,133.96
ORD2018OCT_6712,1,credit_card,1,31.51
ORD2018OCT_3926,1,credit_card,4,41.75
ORD2018OCT_6760,1,credit_card,3,35.24
ORD2018OCT_2776,1,boleto,1,77.57
ORD2018OCT_2450,1,boleto,1,99.73
ORD2018OCT_8776,1,credit_card,1,56.5
ORD2018OCT_2161,1,credit_card,10,870.11
ORD2018OCT_275,1,credit_card,3,37.32
ORD2018OCT_7611,1,credit_card,8,170.71
ORD2018OCT_2489,1,credit_card,1,218.32
ORD2018OCT_7495,1,credit_card,10,158.58
ORD2018OCT_1025,1,credit_card,2,67.19
ORD2018OCT_8553,1,boleto,1,114.03
ORD2018OCT_5582,1,credit_card,2,163.97
ORD2018OCT_4100,1,credit_card,4,116.18
ORD2018OCT_7199,1,boleto,1,280.72
ORD2018OCT_2606,1,credit_card,1,370.1
ORD2018OCT_1840,1,credit_card,10,406.48
ORD2018OCT_1462,1,boleto,1,136.04
ORD2018OCT_8566,1,credit_card,10,168.45
ORD2018OCT_5102,1,credit_card,1,24.38
ORD2018OCT_3546,1,credit_card,7,80.7
ORD2018OCT_4587,1,credit_card,3,74.67
ORD2018OCT_58,1,credit_card,1,12.72
ORD2018OCT_8688,1,credit_card,10,254.91
ORD2018OCT_8330,1,credit_card,3,292.96
ORD2018OCT_958,1,credit_card,4,47.03
ORD2018OCT_9228,1,boleto,1,42.4
ORD2018OCT_5229,1,boleto,1,118.3
ORD2018OCT_1347,1,boleto,1,99.74
ORD2018OCT_5984,1,credit_card,8,80.16
ORD2018OCT_7066,1,credit_card,4,324.82
ORD2018OCT_7527,1,credit_card,1,149.57
ORD2018OCT_5068,1,credit_card,10,101.45
ORD2018OCT_1382,1,credit_card,2,63.0
ORD2018OCT_9717,1,credit_card,3,117.94
ORD2018OCT_9102,1,credit_card,1,24.47
ORD2018OCT_5175,1,boleto,1,230.97
ORD2018OCT_4499,1,credit_card,1,87.97
ORD2018OCT_6416,2,voucher,1,50.0
ORD2018OCT_5939,1,boleto,1,979.26
ORD2018OCT_3323,1,credit_card,4,93.54
ORD2018OCT_9260,1,credit_card,10,280.16
ORD2018OCT_6829,1,boleto,1,334.58
ORD2018OCT_3189,1,credit_card,10,685.56
ORD2018OCT_1054,1,boleto,1,179.34
ORD2018OCT_3282,1,credit_card,1,34.35
ORD2018OCT_4927,1,credit_card,1,69.9
ORD2018OCT_2612,1,credit_card,2,75.69
ORD2018OCT_3837,1,boleto,1,558.62
ORD2018OCT_8329,1,credit_card,1,26.64
ORD2018OCT_2971,1,credit_card,1,113.44
ORD2018OCT_114,1,credit_card,3,387.76
ORD2018OCT_802,1,credit_card,2,58.59
ORD2018OCT_5684,1,credit_card,1,21.43
ORD2018OCT_3048,1,credit_card,2,117.27
ORD2018OCT_9298,1,credit_card,1,90.76
ORD2018OCT_1712,1,credit_card,6,118.56
ORD2018OCT_9080,1,credit_card,4,213.5
ORD2018OCT_1990,1,credit_card,4,287.97
ORD2018OCT_5706,1,boleto,1,67.62
ORD2018OCT_7776,1,credit_card,1,173.84
ORD2018OCT_1611,1,credit_card,1,61.1
ORD2018OCT_8921,1,credit_card,1,68.37
ORD2018OCT_3174,1,boleto,1,211.6
ORD2018OCT_8244,1,credit_card,10,644.54
ORD2018OCT_2358,1,credit_card,10,159.3
ORD2018OCT_2946,2,voucher,1,1.63
ORD2018OCT_1354,1,credit_card,1,73.14
ORD2018OCT_597,1,boleto,1,43.11
ORD2018OCT_2755,1,credit_card,10,1415.8
ORD2018OCT_7657,1,credit_card,7,362.79
ORD2018OCT_4293,1,credit_card,1,83.33
ORD2018OCT_9633,1,boleto,1,150.39
ORD2018OCT_5416,2,voucher,1,6.29
ORD2018OCT_6623,1,credit_card,9,93.76
ORD2018OCT_5349,1,credit_card,2,189.0
ORD2018OCT_7173,1,credit_card,1,86.15
ORD2018OCT_9713,1,credit_card,10,304.7
ORD2018OCT_5,1,boleto,1,127.92
ORD2018OCT_3307,1,credit_card,4,229.28
ORD2018OCT_8516,1,credit_card,8,206.92
ORD2018OCT_1905,1,credit_card,3,157.21
ORD2018OCT_8743,1,boleto,1,318.01
ORD2018OCT_8173,1,credit_card,2,87.7
ORD2018OCT_3189,1,credit_card,3,162.11
ORD2018OCT_5225,1,credit_card,4,100.65
ORD2018OCT_9802,1,credit_card,8,250.73
ORD2018OCT_6173,1,credit_card,2,143.98
ORD2018OCT_2862,1,boleto,1,35.0
ORD2018OCT_7472,1,credit_card,1,113.16
ORD2018OCT_2572,1,credit_card,10,374.67
ORD2018OCT_1889,1,credit_card,3,78.96
ORD2018OCT_1976,1,credit_card,10,205.88
ORD2018OCT_7525,1,credit_card,9,262.6
ORD2018OCT_3395,1,credit_card,3,151.84
ORD2018OCT_610,1,credit_card,10,297.17
ORD2018OCT_2795,1,boleto,1,74.05
ORD2018OCT_4190,2,voucher,1,84.48
ORD2018OCT_2826,1,credit_card,3,58.2
ORD2018OCT_9257,1,boleto,1,153.09
ORD2018OCT_5216,1,credit_card,1,277.97
ORD2018OCT_9481,2,voucher,1,50.0
ORD2018OCT_8466,1,credit_card,1,89.41
ORD2018OCT_9310,1,credit_card,1,39.39
ORD2018OCT_6087,1,boleto,1,556.83
ORD2018OCT_2551,1,credit_card,4,113.62
ORD2018OCT_4752,1,boleto,1,22.78
ORD2018OCT_1590,1,credit_card,3,71.04
ORD2018OCT_1356,1,credit_card,5,128.73
ORD2018OCT_8650,1,credit_card,6,183.63
ORD2018OCT_3627,1,credit_card,2,189.42
ORD2018OCT_8489,1,boleto,1,51.84
ORD2018OCT_900,1,credit_card,2,85.24
ORD2018OCT_6638,1,boleto,1,33.0
ORD2018OCT_2388,1,boleto,1,30.43
ORD2018OCT_8701,1,boleto,1,39.0
ORD2018OCT_1798,1,boleto,1,83.18
ORD2018OCT_4340,1,credit_card,4,305.63
ORD2018OCT_875,1,credit_card,10,222.8
ORD2018OCT_3410,1,credit_card,2,176.09
ORD2018OCT_518,1,credit_card,1,53.9
ORD2018OCT_1023,1,boleto,1,142.65
ORD2018OCT_6993,1,credit_card,4,201.17
ORD2018OCT_4437,2,voucher,1,15.69
ORD2018OCT_936,1,credit_card,10,119.94
ORD2018OCT_1560,1,credit_card,1,84.18
ORD2018OCT_6875,1,credit_card,1,55.0
ORD2018OCT_4972,1,credit_card,3,240.08
ORD2018OCT_2443,1,credit_card,1,22.14
ORD2018OCT_2951,1,credit_card,2,46.27
ORD2018OCT_8920,1,credit_card,2,100.53
ORD2018OCT_8962,1,credit_card,1,27.8
ORD2018OCT_5068,1,credit_card,4,312.95
ORD2018OCT_9342,2,voucher,1,30.0
ORD2018OCT_6839,1,credit_card,3,61.42
ORD2018OCT_3515,1,boleto,1,29.09
ORD2018OCT_3405,1,debit_card,1,323.47
ORD2018OCT_513,1,credit_card,1,270.03
ORD2018OCT_5272,1,credit_card,5,153.26
ORD2018OCT_2069,1,credit_card,3,95.92
ORD2018OCT_863,1,credit_card,3,316.58
ORD2018OCT_2038,1,credit_card,1,8.44
ORD2018OCT_6703,1,credit_card,3,68.45
ORD2018OCT_3022,1,credit_card,7,159.65
ORD2018OCT_7542,1,boleto,1,148.35
ORD2018OCT_9241,1,credit_card,1,32.07
ORD2018OCT_7186,1,voucher,1,65.71
ORD2018OCT_7647,1,credit_card,1,162.55
ORD2018OCT_5940,1,credit_card,4,194.75
ORD2018OCT_7347,1,boleto,1,33.1
ORD2018OCT_7708,1,credit_card,1,287.77
ORD2018OCT_397,1,boleto,1,159.75
ORD2018OCT_8055,1,credit_card,2,95.22
ORD2018OCT_9944,1,boleto,1,386.48
ORD2018OCT_7960,1,credit_card,3,189.68
ORD2018OCT_7223,1,credit_card,1,20.04
ORD2018OCT_2094,1,credit_card,1,99.55
ORD2018OCT_5708,1,credit_card,1,39.23
ORD2018OCT_2307,1,credit_card,1,64.0
ORD2018OCT_1266,1,credit_card,1,79.61
ORD2018OCT_4049,1,boleto,1,61.85
ORD2018OCT_1971,1,boleto,1,81.21
ORD2018OCT_9612,1,credit_card,2,130.4
ORD2018OCT_5131,1,boleto,1,284.81
ORD2018OCT_9671,1,credit_card,6,307.43
ORD2018OCT_35,1,credit_card,2,88.37
ORD2018OCT_3492,1,credit_card,7,75.08
ORD2018OCT_2463,1,credit_card,2,122.78
ORD2018OCT_1807,1,credit_card,1,46.1
ORD2018OCT_8425,1,credit_card,1,83.61
ORD2018OCT_3535,1,credit_card,2,455.29
ORD2018OCT_3863,1,credit_card,10,260.5
ORD2018OCT_1819,1,credit_card,2,44.93
ORD2018OCT_3420,1,credit_card,5,72.16
ORD2018OCT_4741,1,credit_card,5,54.13
ORD2018OCT_3369,1,credit_card,5,199.26
ORD2018OCT_3332,1,credit_card,1,42.68
ORD2018OCT_2894,1,credit_card,2,167.97
ORD2018OCT_9172,1,credit_card,1,65.09
ORD2018OCT_7945,1,credit_card,1,38.01
ORD2018OCT_3901,1,credit_card,1,124.35
ORD2018OCT_1715,1,credit_card,1,121.7
ORD2018OCT_455,1,boleto,1,600.74
ORD2018OCT_915,2,voucher,1,15.43
ORD2018OCT_132,1,boleto,1,84.24
ORD2018OCT_1850,1,boleto,1,95.34
ORD2018OCT_503,1,credit_card,1,76.79
ORD2018OCT_2394,1,credit_card,1,71.38
ORD2018OCT_3268,1,credit_card,4,45.49
ORD2018OCT_3048,1,credit_card,1,87.9
ORD2018OCT_6428,1,boleto,1,123.61
ORD2018OCT_3544,1,boleto,1,51.67
ORD2018OCT_3345,1,credit_card,1,133.46
ORD2018OCT_8335,1,credit_card,2,108.83
ORD2018OCT_7897,2,voucher,1,156.55
ORD2018OCT_7032,1,credit_card,4,128.77
ORD2018OCT_2519,1,boleto,1,233.78
ORD2018OCT_2394,3,voucher,1,83.61
ORD2018OCT_811,7,voucher,1,14.92
ORD2018OCT_1133,1,credit_card,8,116.43
ORD2018OCT_3236,1,credit_card,2,137.26
ORD2018OCT_4804,1,credit_card,4,118.74
ORD2018OCT_3881,2,voucher,1,6.86
ORD2018OCT_4824,1,credit_card,2,53.14
ORD2018OCT_1211,1,boleto,1,77.98
ORD2018OCT_749,1,credit_card,3,33.0
ORD2018OCT_8965,1,credit_card,5,126.68
ORD2018OCT_4230,1,credit_card,1,28.67
ORD2018OCT_8673,1,credit_card,4,56.69
ORD2018OCT_42,1,boleto,1,102.06
ORD2018OCT_775,1,credit_card,3,166.4
ORD2018OCT_3730,1,credit_card,2,29.24
ORD2018OCT_6298,2,voucher,1,50.0
ORD2018OCT_8899,1,credit_card,1,287.16
ORD2018OCT_4434,1,credit_card,4,69.03
ORD2018OCT_1476,1,credit_card,2,50.95
ORD2018OCT_125,1,credit_card,8,81.11
ORD2018OCT_2870,1,credit_card,20,458.31
ORD2018OCT_4507,1,credit_card,3,58.76
ORD2018OCT_7234,1,credit_card,1,7.08
ORD2018OCT_4501,1,boleto,1,62.78
ORD2018OCT_2194,1,credit_card,1,82.11
ORD2018OCT_6233,1,credit_card,5,138.73
ORD2018OCT_3726,1,credit_card,1,67.5
ORD2018OCT_3939,1,credit_card,3,61.01
ORD2018OCT_6841,1,credit_card,2,53.68
ORD2018OCT_8332,1,credit_card,5,68.18
ORD2018OCT_8507,7,voucher,1,3.48
ORD2018OCT_5715,1,credit_card,7,72.42
ORD2018OCT_4975,1,credit_card,10,2067.42
ORD2018OCT_3408,1,debit_card,1,117.85
ORD2018OCT_2565,2,voucher,1,33.35
ORD2018OCT_8315,1,credit_card,6,123.67
ORD2018OCT_7952,1,boleto,1,93.91
ORD2018OCT_3913,6,voucher,1,7.11
ORD2018OCT_5634,1,credit_card,3,46.3
ORD2018OCT_4554,1,credit_card,2,40.87
ORD2018OCT_8475,1,credit_card,1,65.43
ORD2018OCT_2652,1,boleto,1,42.68
ORD2018OCT_5550,1,credit_card,6,215.19
ORD2018OCT_5863,1,credit_card,3,308.84
ORD2018OCT_5437,1,credit_card,2,237.94
ORD2018OCT_7819,1,credit_card,10,283.67
ORD2018OCT_3367,1,credit_card,2,77.57
ORD2018OCT_6548,1,credit_card,4,66.01
ORD2018OCT_3714,1,credit_card,2,87.15
ORD2018OCT_8556,1,boleto,1,81.05
ORD2018OCT_3328,2,voucher,1,100.0
ORD2018OCT_8666,1,credit_card,7,171.13
ORD2018OCT_463,1,credit_card,1,24.38
ORD2018OCT_8756,1,credit_card,1,35.69
ORD2018OCT_8877,1,boleto,1,163.81
ORD2018OCT_1456,1,credit_card,6,132.08
ORD2018OCT_1463,1,credit_card,2,90.45
ORD2018OCT_7188,1,credit_card,10,180.51
ORD2018OCT_3280,1,boleto,1,62.69
ORD2018OCT_1562,1,credit_card,10,777.24
ORD2018OCT_2393,1,credit_card,1,297.2
ORD2018OCT_7567,1,credit_card,1,55.0
ORD2018OCT_8566,1,credit_card,2,41.03
ORD2018OCT_5958,1,credit_card,7,74.16
ORD2018OCT_1314,1,credit_card,6,81.73
ORD2018OCT_4855,1,credit_card,8,126.42
ORD2018OCT_5485,2,voucher,1,42.3
ORD2018OCT_4883,1,credit_card,2,27.08
ORD2018OCT_9646,2,voucher,1,100.0
ORD2018OCT_4308,1,boleto,1,77.57
ORD2018OCT_2423,1,credit_card,1,57.53
ORD2018OCT_6647,1,credit_card,1,60.8
ORD2018OCT_3089,1,credit_card,1,73.06
ORD2018OCT_7272,1,credit_card,1,18.87
ORD2018OCT_6634,1,credit_card,6,139.7
ORD2018OCT_8030,1,credit_card,6,171.62
ORD2018OCT_9032,1,credit_card,2,200.35
ORD2018OCT_1167,1,credit_card,10,125.42
ORD2018OCT_9625,1,credit_card,2,45.86
ORD2018OCT_4427,1,credit_card,2,43.13
ORD2018OCT_1926,1,credit_card,2,36.75
ORD2018OCT_3668,1,credit_card,1,129.14
ORD2018OCT_1463,1,credit_card,10,177.75
ORD2018OCT_2010,1,credit_card,2,144.31
ORD2018OCT_4221,1,credit_card,2,206.5
ORD2018OCT_4902,1,credit_card,2,155.64
ORD2018OCT_7925,1,boleto,1,91.18
ORD2018OCT_4057,1,credit_card,1,59.42
ORD2018OCT_2581,1,boleto,1,283.53
ORD2018OCT_3276,1,credit_card,3,295.99
ORD2018OCT_5964,1,credit_card,6,297.22
ORD2018OCT_1166,1,credit_card,1,50.22
ORD2018OCT_4554,1,credit_card,2,260.37
ORD2018OCT_5009,1,credit_card,5,403.62
ORD2018OCT_3563,1,credit_card,1,66.15
ORD2018OCT_4991,1,credit_card,5,95.58
ORD2018OCT_3418,1,credit_card,2,190.75
ORD2018OCT_9549,1,credit_card,2,116.36
ORD2018OCT_9021,1,credit_card,1,159.71
ORD2018OCT_4217,1,credit_card,1,82.92
ORD2018OCT_4416,1,credit_card,3,93.97
ORD2018OCT_5611,1,credit_card,4,47.62
ORD2018OCT_7014,1,credit_card,1,51.01
ORD2018OCT_697,1,credit_card,10,123.25
ORD2018OCT_7622,1,credit_card,1,6.83
ORD2018OCT_8401,1,voucher,1,189.88
ORD2018OCT_3580,1,boleto,1,21.43
ORD2018OCT_9722,1,credit_card,1,123.25
ORD2018OCT_2284,1,credit_card,1,19.39
ORD2018OCT_8557,1,credit_card,1,142.27
ORD2018OCT_6596,1,credit_card,4,161.77
ORD2018OCT_6695,1,credit_card,5,175.02
ORD2018OCT_5054,1,credit_card,5,108.7
ORD2018OCT_8727,1,boleto,1,205.61
ORD2018OCT_8571,1,credit_card,5,78.87
ORD2018OCT_6161,1,credit_card,2,61.28
ORD2018OCT_5579,1,boleto,1,173.09
ORD2018OCT_2820,1,credit_card,5,115.32
ORD2018OCT_3992,1,credit_card,1,33.01
ORD2018OCT_4859,18,voucher,1,1.7
ORD2018OCT_3983,1,credit_card,2,246.99
ORD2018OCT_2002,1,credit_card,3,449.43
ORD2018OCT_1214,1,boleto,1,54.81
ORD2018OCT_7983,1,credit_card,1,56.36
ORD2018OCT_1033,1,credit_card,1,80.39
ORD2018OCT_6356,1,credit_card,1,59.21
ORD2018OCT_8833,1,boleto,1,237.77
ORD2018OCT_875,1,credit_card,1,81.54
ORD2018OCT_5762,1,credit_card,10,187.24
ORD2018OCT_3212,1,credit_card,5,134.05
ORD2018OCT_9853,1,credit_card,4,176.99
ORD2018OCT_5928,1,credit_card,4,130.33
ORD2018OCT_3107,1,credit_card,8,85.83
ORD2018OCT_8596,1,credit_card,2,183.98
ORD2018OCT_7179,1,credit_card,2,60.1
ORD2018OCT_1846,1,credit_card,4,42.62
ORD2018OCT_1541,1,boleto,1,195.54
ORD2018OCT_9494,1,boleto,1,164.63
ORD2018OCT_762,1,credit_card,2,65.71
ORD2018OCT_2938,1,credit_card,1,66.71
ORD2018OCT_4701,1,credit_card,2,101.61
ORD2018OCT_6994,1,credit_card,4,106.86
ORD2018OCT_8290,1,credit_card,15,197.58
ORD2018OCT_3633,1,credit_card,3,106.07
ORD2018OCT_6240,1,credit_card,3,137.03
ORD2018OCT_4333,1,credit_card,2,52.26
ORD2018OCT_3142,1,boleto,1,274.15
ORD2018OCT_6102,1,credit_card,2,210.74
ORD2018OCT_9124,1,credit_card,1,80.77
ORD2018OCT_4529,1,credit_card,1,40.1
ORD2018OCT_570,1,boleto,1,32.38
ORD2018OCT_7489,1,credit_card,1,254.01
ORD2018OCT_236,1,credit_card,1,95.87
ORD2018OCT_723,1,credit_card,8,865.78
ORD2018OCT_7821,1,boleto,1,33.68
ORD2018OCT_5108,1,boleto,1,180.67
ORD2018OCT_8363,1,credit_card,1,31.72
ORD2018OCT_8733,1,credit_card,1,39.11
ORD2018OCT_342,1,credit_card,3,123.06
ORD2018OCT_2202,1,boleto,1,243.35
ORD2018OCT_2197,1,boleto,1,61.37
ORD2018OCT_3105,1,credit_card,1,182.14
ORD2018OCT_3168,1,credit_card,2,104.19
ORD2018OCT_470,1,boleto,1,62.99
ORD2018OCT_2967,1,boleto,1,226.9
ORD2018OCT_4555,1,credit_card,10,107.78
ORD2018OCT_9033,1,credit_card,3,159.02
ORD2018OCT_2298,1,boleto,1,27.23
ORD2018OCT_3318,1,credit_card,1,254.63
ORD2018OCT_3147,1,credit_card,3,73.15
ORD2018OCT_9002,1,credit_card,1,36.96
ORD2018OCT_1528,1,credit_card,2,84.79
ORD2018OCT_6996,1,credit_card,5,50.78
ORD2018OCT_3598,1,credit_card,1,80.32
ORD2018OCT_3159,1,debit_card,1,150.87
ORD2018OCT_4976,1,credit_card,3,169.23
ORD2018OCT_8271,1,credit_card,3,130.57
ORD2018OCT_3087,1,credit_card,2,143.48
ORD2018OCT_6589,1,credit_card,3,63.99
ORD2018OCT_7962,1,credit_card,3,74.16
ORD2018OCT_6835,1,credit_card,5,58.02
ORD2018OCT_6663,1,boleto,1,239.65
ORD2018OCT_9934,1,credit_card,1,238.96
ORD2018OCT_2109,1,credit_card,4,96.94
ORD2018OCT_8129,1,credit_card,2,21.77
ORD2018OCT_9627,1,credit_card,8,188.5
ORD2018OCT_4732,1,boleto,1,78.73
ORD2018OCT_4582,1,credit_card,1,54.36
ORD2018OCT_1560,1,boleto,1,99.9
ORD2018OCT_353,2,voucher,1,14.41
ORD2018OCT_1386,1,credit_card,1,5.19
ORD2018OCT_9148,1,credit_card,2,20.75
ORD2018OCT_6979,1,credit_card,10,251.82
ORD2018OCT_7180,1,boleto,1,121.86
ORD2018OCT_2939,1,credit_card,5,56.01
ORD2018OCT_4049,1,boleto,1,126.9
ORD2018OCT_5516,2,voucher,1,78.24
ORD2018OCT_5250,1,credit_card,2,211.89
ORD2018OCT_8324,1,credit_card,2,174.98
ORD2018OCT_1506,1,credit_card,1,94.24
ORD2018OCT_9478,1,credit_card,2,80.71
ORD2018OCT_3451,1,credit_card,1,50.95
ORD2018OCT_5753,1,voucher,1,110.42
ORD2018OCT_7175,1,credit_card,2,86.15
ORD2018OCT_7658,1,credit_card,1,81.78
ORD2018OCT_3704,1,credit_card,2,55.1
ORD2018OCT_4896,1,voucher,1,50.8
ORD2018OCT_8665,1,credit_card,6,319.94
ORD2018OCT_4137,1,credit_card,8,132.6
ORD2018OCT_1214,1,boleto,1,1054.63
ORD2018OCT_1540,1,credit_card,3,178.27
ORD2018OCT_2176,1,credit_card,1,37.06
ORD2018OCT_3345,1,boleto,1,51.09
ORD2018OCT_8921,1,credit_card,1,43.27
ORD2018OCT_7309,1,boleto,1,53.29
ORD2018OCT_4682,1,credit_card,1,84.34
ORD2018OCT_424,1,boleto,1,140.0
ORD2018OCT_3056,1,credit_card,1,125.38
ORD2018OCT_4651,3,voucher,1,20.0
ORD2018OCT_7818,1,credit_card,1,27.77
ORD2018OCT_3035,1,credit_card,4,68.41
ORD2018OCT_5861,1,boleto,1,34.75
ORD2018OCT_2624,1,boleto,1,77.34
ORD2018OCT_1490,1,boleto,1,103.12
ORD2018OCT_353,1,credit_card,3,37.69
ORD2018OCT_1402,1,credit_card,1,88.62
ORD2018OCT_7705,1,credit_card,1,68.89
ORD2018OCT_599,1,credit_card,1,64.63
ORD2018OCT_2440,1,boleto,1,518.84
ORD2018OCT_4669,2,voucher,1,20.0
ORD2018OCT_3705,1,boleto,1,138.39
ORD2018OCT_768,1,boleto,1,51.14
ORD2018OCT_3521,1,credit_card,1,3.68
ORD2018OCT_1492,1,boleto,1,32.77
ORD2018OCT_896,1,credit_card,1,15.09
ORD2018OCT_1124,1,credit_card,10,152.47
ORD2018OCT_3434,1,credit_card,2,420.62
ORD2018OCT_8068,1,credit_card,3,210.56
ORD2018OCT_589,1,credit_card,10,795.61
ORD2018OCT_33,1,credit_card,3,168.9
ORD2018OCT_794,1,credit_card,6,342.39
ORD2018OCT_6345,1,credit_card,1,114.23
ORD2018OCT_2263,1,credit_card,7,143.92
ORD2018OCT_9190,1,credit_card,1,141.86
ORD2018OCT_8686,2,voucher,1,100.0
ORD2018OCT_9853,1,credit_card,3,164.01
ORD2018OCT_1225,2,voucher,1,31.36
ORD2018OCT_768,1,credit_card,3,34.37
ORD2018OCT_7191,1,credit_card,2,120.29
ORD2018OCT_3443,1,boleto,1,65.09
ORD2018OCT_8343,1,credit_card,4,154.65
ORD2018OCT_3598,1,credit_card,3,147.78
ORD2018OCT_5385,1,credit_card,3,237.11
ORD2018OCT_9798,1,credit_card,5,343.07
ORD2018OCT_4958,1,credit_card,1,106.87
ORD2018OCT_1067,1,boleto,1,103.4
ORD2018OCT_1628,1,boleto,1,58.28
ORD2018OCT_7207,1,boleto,1,117.42
ORD2018OCT_9094,1,credit_card,2,25.0
ORD2018OCT_2496,1,credit_card,5,272.76
ORD2018OCT_3464,1,boleto,1,194.1
ORD2018OCT_6789,1,credit_card,8,348.07
ORD2018OCT_9372,1,boleto,1,104.59
ORD2018OCT_5965,1,credit_card,2,25.09
ORD2018OCT_242,1,credit_card,2,106.38
ORD2018OCT_2259,1,boleto,1,135.3
ORD2018OCT_5152,1,credit_card,2,67.63
ORD2018OCT_6404,1,credit_card,6,318.97
ORD2018OCT_1624,1,credit_card,4,41.84
ORD2018OCT_8768,1,credit_card,3,150.3
ORD2018OCT_7755,1,boleto,1,227.38
ORD2018OCT_7454,1,credit_card,1,29.42
ORD2018OCT_6315,1,credit_card,1,44.48
ORD2018OCT_6357,1,boleto,1,273.22
ORD2018OCT_1856,1,credit_card,5,119.45
ORD2018OCT_5939,1,boleto,1,135.59
ORD2018OCT_6075,1,credit_card,3,67.57
ORD2018OCT_6208,1,debit_card,1,425.06
ORD2018OCT_3318,1,credit_card,3,42.58
ORD2018OCT_5362,1,credit_card,8,86.09
ORD2018OCT_6245,1,boleto,1,238.56
ORD2018OCT_5982,2,voucher,1,92.44
ORD2018OCT_9921,1,credit_card,1,154.33
ORD2018OCT_7107,1,credit_card,6,296.64
ORD2018OCT_8264,1,credit_card,4,40.09
ORD2018OCT_9468,1,credit_card,5,545.08
ORD2018OCT_6597,1,boleto,1,44.13
ORD2018OCT_9126,1,credit_card,2,27.29
ORD2018OCT_5999,1,credit_card,1,55.96
ORD2018OCT_6475,1,credit_card,2,108.93
ORD2018OCT_2133,1,credit_card,1,66.17
ORD2018OCT_8436,1,credit_card,3,135.49
ORD2018OCT_3427,1,credit_card,2,198.44
ORD2018OCT_4495,1,credit_card,1,97.75
ORD2018OCT_5293,1,boleto,1,81.89
ORD2018OCT_7528,1,boleto,1,78.17
ORD2018OCT_4495,1,boleto,1,115.94
ORD2018OCT_9566,2,voucher,1,9.91
ORD2018OCT_9590,1,credit_card,3,87.94
ORD2018OCT_3677,1,credit_card,3,105.39
ORD2018OCT_8691,1,voucher,1,19.53
ORD2018OCT_3660,1,credit_card,4,177.02
ORD2018OCT_1530,1,boleto,1,168.77
ORD2018OCT_6942,1,credit_card,1,67.36
ORD2018OCT_9704,1,credit_card,1,64.49
ORD2018OCT_4483,1,credit_card,1,247.48
ORD2018OCT_2463,1,credit_card,1,76.39
ORD2018OCT_4710,1,boleto,1,232.77
ORD2018OCT_7569,1,credit_card,1,105.69
ORD2018OCT_4584,1,credit_card,1,75.07
ORD2018OCT_3521,1,credit_card,5,50.0
ORD2018OCT_3300,1,credit_card,10,247.23
ORD2018OCT_4490,1,credit_card,1,388.44
ORD2018OCT_1473,1,credit_card,5,155.14
ORD2018OCT_752,1,boleto,1,139.17
ORD2018OCT_8080,1,credit_card,6,364.99
ORD2018OCT_29,1,credit_card,1,210.09
ORD2018OCT_8800,1,credit_card,2,135.12
ORD2018OCT_8166,1,credit_card,3,89.28
ORD2018OCT_2462,1,boleto,1,65.7
ORD2018OCT_1569,1,boleto,1,134.23
ORD2018OCT_4264,1,credit_card,1,42.58
ORD2018OCT_5832,1,credit_card,1,25.65
ORD2018OCT_5856,1,credit_card,10,359.88
ORD2018OCT_3794,2,voucher,1,50.87
ORD2018OCT_8580,1,boleto,1,189.0
ORD2018OCT_5113,1,credit_card,2,88.34
ORD2018OCT_4623,1,credit_card,1,257.44
ORD2018OCT_992,1,credit_card,8,100.37
ORD2018OCT_3456,1,credit_card,3,196.16
ORD2018OCT_5249,1,credit_card,1,19.64
ORD2018OCT_3062,7,voucher,1,4.82
ORD2018OCT_3213,1,credit_card,1,73.34
ORD2018OCT_7327,1,credit_card,1,53.0
ORD2018OCT_2572,1,credit_card,1,112.36
ORD2018OCT_7110,1,credit_card,3,39.84
ORD2018OCT_5555,1,boleto,1,211.28
ORD2018OCT_3084,1,credit_card,2,90.86
ORD2018OCT_470,1,boleto,1,307.24
ORD2018OCT_7854,1,credit_card,2,22.58
ORD2018OCT_1511,1,credit_card,2,337.33
ORD2018OCT_8767,1,credit_card,5,59.35
ORD2018OCT_973,1,boleto,1,216.25
ORD2018OCT_5072,1,credit_card,2,83.04
ORD2018OCT_208,1,credit_card,1,87.54
ORD2018OCT_7125,1,credit_card,8,89.31
ORD2018OCT_5365,2,voucher,1,100.0
ORD2018OCT_7645,1,credit_card,2,100.23
ORD2018OCT_4120,1,credit_card,1,34.1
ORD2018OCT_3865,1,credit_card,5,174.32
ORD2018OCT_4199,1,credit_card,2,24.86
ORD2018OCT_8232,1,credit_card,2,77.57
ORD2018OCT_7225,1,credit_card,2,102.64
ORD2018OCT_6994,5,voucher,1,20.0
ORD2018OCT_6362,1,credit_card,5,119.45
ORD2018OCT_6555,1,credit_card,2,69.18
ORD2018OCT_1178,1,boleto,1,120.99
ORD2018OCT_3698,1,credit_card,2,113.76
ORD2018OCT_1447,1,credit_card,3,139.52
ORD2018OCT_4343,1,boleto,1,90.88
ORD2018OCT_6664,1,credit_card,1,45.13
ORD2018OCT_535,2,voucher,1,64.18
ORD2018OCT_8160,1,credit_card,1,27.8
ORD2018OCT_7828,1,credit_card,5,57.69
ORD2018OCT_3262,1,credit_card,5,58.0
ORD2018OCT_5263,1,credit_card,3,139.68
ORD2018OCT_6193,1,credit_card,1,221.48
ORD2018OCT_3359,1,credit_card,1,201.05
ORD2018OCT_502,1,boleto,1,286.45
ORD2018OCT_7979,1,boleto,1,50.53
ORD2018OCT_9386,1,credit_card,1,41.37
ORD2018OCT_1637,1,credit_card,1,61.19
ORD2018OCT_2937,1,credit_card,4,305.77
ORD2018OCT_9745,1,credit_card,3,31.75
ORD2018OCT_5449,1,boleto,1,45.29
ORD2018OCT_9078,1,credit_card,1,63.81
ORD2018OCT_8740,1,credit_card,1,112.71
ORD2018OCT_4889,7,voucher,1,20.0
ORD2018OCT_9176,1,credit_card,1,66.01
ORD2018OCT_9376,1,credit_card,1,61.23
ORD2018OCT_202,1,credit_card,2,195.36
ORD2018OCT_5456,1,credit_card,4,53.95
ORD2018OCT_173,1,credit_card,2,302.55
ORD2018OCT_2735,1,credit_card,7,77.97
ORD2018OCT_6413,1,credit_card,7,124.12
ORD2018OCT_3367,1,credit_card,1,4.28
ORD2018OCT_1749,1,credit_card,2,176.0
ORD2018OCT_8616,1,credit_card,10,621.35
ORD2018OCT_2045,1,credit_card,10,189.62
ORD2018OCT_3010,1,credit_card,2,171.81
ORD2018OCT_4438,1,credit_card,2,35.42
ORD2018OCT_9878,1,credit_card,8,87.81
ORD2018OCT_6893,1,credit_card,4,45.09
ORD2018OCT_4720,1,credit_card,8,156.61
ORD2018OCT_4218,1,credit_card,1,64.52
ORD2018OCT_2862,1,credit_card,4,272.29
ORD2018OCT_2527,2,voucher,1,81.49
ORD2018OCT_5214,1,credit_card,5,98.83
ORD2018OCT_234,1,boleto,1,37.77
ORD2018OCT_8683,1,credit_card,6,117.85
ORD2018OCT_6098,1,voucher,1,20.0
ORD2018OCT_7983,1,boleto,1,188.97
ORD2018OCT_4218,1,boleto,1,112.91
ORD2018OCT_1551,1,credit_card,1,164.42
ORD2018OCT_7281,4,voucher,1,39.4
ORD2018OCT_3182,1,credit_card,4,102.03
ORD2018OCT_3216,1,credit_card,8,213.59
ORD2018OCT_2049,1,credit_card,6,231.27
ORD2018OCT_9019,1,boleto,1,147.8
ORD2018OCT_557,1,boleto,1,635.91
ORD2018OCT_3538,1,credit_card,4,108.19
ORD2018OCT_9600,1,debit_card,1,197.8
ORD2018OCT_2333,1,credit_card,2,36.35
ORD2018OCT_656,1,boleto,1,178.27
ORD2018OCT_6484,1,credit_card,6,118.0
ORD2018OCT_9667,1,credit_card,2,51.78
ORD2018OCT_2317,1,credit_card,2,105.3
ORD2018OCT_8622,1,credit_card,1,75.03
ORD2018OCT_5130,1,credit_card,1,152.44
ORD2018OCT_8877,1,credit_card,10,258.29
ORD2018OCT_4477,1,credit_card,4,41.7
ORD2018OCT_540,1,voucher,1,56.66
ORD2018OCT_8300,1,credit_card,8,326.38
ORD2018OCT_5653,1,boleto,1,60.53
ORD2018OCT_6788,1,credit_card,2,51.84
ORD2018OCT_8204,1,credit_card,1,68.32
ORD2018OCT_6372,1,credit_card,2,87.64
ORD2018OCT_5314,3,voucher,1,25.0
ORD2018OCT_3630,1,credit_card,1,36.35
ORD2018OCT_4747,2,voucher,1,82.98
ORD2018OCT_1021,1,credit_card,10,174.47
ORD2018OCT_6963,1,credit_card,1,179.78
ORD2018OCT_3954,1,credit_card,4,398.85
ORD2018OCT_1551,1,credit_card,1,77.04
ORD2018OCT_1584,1,credit_card,8,167.61
ORD2018OCT_8846,1,boleto,1,76.9
ORD2018OCT_4467,1,credit_card,4,109.16
ORD2018OCT_1379,1,credit_card,4,130.1
ORD2018OCT_2820,1,credit_card,12,126.57
ORD2018OCT_5068,1,credit_card,3,225.88
ORD2018OCT_6342,1,boleto,1,123.34
ORD2018OCT_9059,1,credit_card,2,36.77
ORD2018OCT_3364,1,credit_card,1,69.73
ORD2018OCT_6564,1,credit_card,1,134.21
ORD2018OCT_2636,1,credit_card,1,198.49
ORD2018OCT_2314,1,boleto,1,79.61
ORD2018OCT_105,1,credit_card,6,143.83
ORD2018OCT_3232,1,credit_card,1,32.43
ORD2018OCT_2276,1,credit_card,5,380.46
ORD2018OCT_5579,1,credit_card,6,79.9
ORD2018OCT_8226,1,credit_card,1,115.4
ORD2018OCT_1878,1,credit_card,4,41.68
ORD2018OCT_7375,1,credit_card,2,54.13
ORD2018OCT_5196,1,credit_card,1,15.39
ORD2018OCT_7748,1,credit_card,1,27.3
ORD2018OCT_4877,1,credit_card,5,104.9
ORD2018OCT_1697,1,credit_card,8,87.9
ORD2018OCT_2833,1,credit_card,2,131.61
ORD2018OCT_7648,1,credit_card,1,41.36
ORD2018OCT_146,1,credit_card,3,134.52
ORD2018OCT_3370,1,credit_card,10,308.33
ORD2018OCT_6492,1,debit_card,1,119.8
ORD2018OCT_4978,1,credit_card,1,36.75
ORD2018OCT_6110,1,boleto,1,45.79
ORD2018OCT_1219,1,boleto,1,44.13
ORD2018OCT_4949,1,credit_card,1,46.28
ORD2018OCT_8245,1,credit_card,10,190.75
ORD2018OCT_6624,1,boleto,1,34.57
ORD2018OCT_7358,1,credit_card,8,492.93
ORD2018OCT_2176,1,credit_card,10,345.91
ORD2018OCT_4771,1,credit_card,1,38.01
ORD2018OCT_8830,1,credit_card,3,220.58
ORD2018OCT_9805,1,credit_card,3,365.38
ORD2018OCT_7733,1,credit_card,1,37.99
ORD2018OCT_3021,1,credit_card,2,23.66
ORD2018OCT_6846,1,credit_card,3,115.35
ORD2018OCT_3350,1,boleto,1,66.44
ORD2018OCT_8649,1,boleto,1,37.37
ORD2018OCT_5331,1,credit_card,1,57.9
ORD2018OCT_7181,1,boleto,1,19.88
ORD2018OCT_9131,1,boleto,1,276.94
ORD2018OCT_5514,1,credit_card,3,90.05
ORD2018OCT_8603,1,credit_card,1,119.18
ORD2018OCT_6412,1,credit_card,7,1759.26
ORD2018OCT_7896,1,boleto,1,207.08
ORD2018OCT_2023,1,credit_card,1,73.56
ORD2018OCT_8362,1,credit_card,1,0.79
ORD2018OCT_7523,1,credit_card,4,79.24
ORD2018OCT_8482,1,credit_card,4,46.63
ORD2018OCT_2847,1,credit_card,1,44.11
ORD2018OCT_7995,1,credit_card,1,63.1
ORD2018OCT_4575,1,credit_card,2,193.7
ORD2018OCT_690,1,boleto,1,123.47
ORD2018OCT_1934,2,voucher,1,100.0
ORD2018OCT_3753,1,credit_card,1,65.0
ORD2018OCT_2510,1,credit_card,3,102.64
ORD2018OCT_9837,1,credit_card,3,163.79
ORD2018OCT_276,1,boleto,1,55.36
ORD2018OCT_3976,1,credit_card,2,57.09
ORD2018OCT_4136,1,credit_card,3,62.62
ORD2018OCT_2974,2,voucher,1,44.87
ORD2018OCT_9918,1,credit_card,10,103.11
ORD2018OCT_7909,1,credit_card,10,266.92
ORD2018OCT_1742,1,credit_card,3,168.83
ORD2018OCT_7753,1,boleto,1,288.06
ORD2018OCT_5435,1,credit_card,6,163.65
ORD2018OCT_6599,1,credit_card,2,445.5
ORD2018OCT_5846,1,boleto,1,47.69
ORD2018OCT_7498,1,credit_card,1,103.12
ORD2018OCT_4771,1,credit_card,2,149.66
ORD2018OCT_906,1,credit_card,15,152.81
ORD2018OCT_3102,1,credit_card,3,429.31
ORD2018OCT_6878,1,credit_card,3,99.7
ORD2018OCT_155,1,credit_card,1,34.09
ORD2018OCT_7699,1,credit_card,1,34.86
ORD2018OCT_2150,4,voucher,1,30.0
ORD2018OCT_617,1,credit_card,20,200.08
ORD2018OCT_9872,1,credit_card,2,60.86
ORD2018OCT_2951,1,credit_card,1,148.14
ORD2018OCT_890,1,credit_card,7,75.65
ORD2018OCT_4412,1,credit_card,3,79.19
ORD2018OCT_6327,1,boleto,1,62.34
ORD2018OCT_6636,1,credit_card,1,35.1
ORD2018OCT_1644,1,credit_card,1,32.37
ORD2018OCT_5246,1,credit_card,6,118.38
ORD2018OCT_2759,1,credit_card,4,141.92
ORD2018OCT_1491,1,boleto,1,115.44
ORD2018OCT_6249,1,credit_card,3,156.08
ORD2018OCT_1488,1,boleto,1,56.78
ORD2018OCT_398,1,credit_card,1,31.42
ORD2018OCT_238,1,credit_card,1,79.34
ORD2018OCT_4001,1,credit_card,4,89.75
ORD2018OCT_511,1,credit_card,3,32.11
ORD2018OCT_8905,1,credit_card,3,97.13
ORD2018OCT_8802,1,boleto,1,149.73
ORD2018OCT_4131,1,boleto,1,98.97
ORD2018OCT_5241,1,credit_card,6,62.65
ORD2018OCT_688,1,credit_card,5,57.68
ORD2018OCT_7609,1,boleto,1,77.99
ORD2018OCT_9919,1,credit_card,5,162.44
ORD2018OCT_1200,1,credit_card,1,64.99
ORD2018OCT_252,1,credit_card,10,979.91
ORD2018OCT_4155,1,credit_card,1,19.08
ORD2018OCT_3332,1,credit_card,4,76.36
ORD2018OCT_158,1,credit_card,1,910.07
ORD2018OCT_9338,1,credit_card,4,117.04
ORD2018OCT_1002,1,credit_card,1,27.79
ORD2018OCT_7802,1,credit_card,1,32.38
ORD2018OCT_5406,1,credit_card,1,77.57
ORD2018OCT_5832,2,credit_card,4,243.82
ORD2018OCT_8843,1,credit_card,10,106.38
ORD2018OCT_6241,1,boleto,1,66.9
ORD2018OCT_9146,1,credit_card,3,49.24
ORD2018OCT_5107,1,credit_card,1,46.01
ORD2018OCT_6872,1,credit_card,1,90.8
ORD2018OCT_3492,1,voucher,1,36.05
ORD2018OCT_4961,1,credit_card,5,265.84
ORD2018OCT_7006,1,credit_card,1,61.06
ORD2018OCT_5406,1,boleto,1,133.58
ORD2018OCT_777,1,credit_card,8,116.79
ORD2018OCT_5755,1,credit_card,2,144.78
ORD2018OCT_6940,2,voucher,1,126.76
ORD2018OCT_1716,1,credit_card,10,903.04
ORD2018OCT_4410,1,credit_card,1,141.63
ORD2018OCT_6687,1,boleto,1,247.04
ORD2018OCT_509,1,boleto,1,48.6
ORD2018OCT_230,1,credit_card,10,201.16
ORD2018OCT_122,1,credit_card,1,129.6
ORD2018OCT_4267,1,credit_card,8,247.21
ORD2018OCT_2964,1,boleto,1,59.74
ORD2018OCT_9460,1,credit_card,1,101.74
ORD2018OCT_1068,1,credit_card,3,60.85
ORD2018OCT_2752,1,credit_card,1,127.14
ORD2018OCT_1344,1,boleto,1,38.39
ORD2018OCT_5675,1,credit_card,1,31.77
ORD2018OCT_5375,1,credit_card,10,464.34
ORD2018OCT_131,1,credit_card,10,675.75
ORD2018OCT_732,1,credit_card,5,57.49
ORD2018OCT_2871,1,credit_card,6,126.6
ORD2018OCT_9646,1,credit_card,2,158.35
ORD2018OCT_5894,1,credit_card,10,395.58
ORD2018OCT_4584,1,credit_card,5,254.7
ORD2018OCT_8561,1,credit_card,10,220.04
ORD2018OCT_449,1,boleto,1,126.39
ORD2018OCT_8571,1,credit_card,2,51.84
ORD2018OCT_2449,1,credit_card,2,155.73
ORD2018OCT_9346,1,debit_card,1,131.58
ORD2018OCT_9624,1,credit_card,2,68.33
ORD2018OCT_9088,1,credit_card,3,73.27
ORD2018OCT_7770,2,voucher,1,22.21
ORD2018OCT_324,1,credit_card,3,34.51
ORD2018OCT_694,1,credit_card,4,222.1
ORD2018OCT_476,1,credit_card,6,66.47
ORD2018OCT_3903,1,credit_card,10,1367.5
ORD2018OCT_378,1,credit_card,3,71.04
ORD2018OCT_8063,1,credit_card,1,63.27
ORD2018OCT_8800,1,credit_card,3,213.29
ORD2018OCT_9750,1,credit_card,1,40.01
ORD2018OCT_9266,1,credit_card,1,119.39
ORD2018OCT_8212,1,credit_card,4,47.59
ORD2018OCT_1379,1,credit_card,1,57.63
ORD2018OCT_5889,1,credit_card,2,21.78
ORD2018OCT_2811,1,credit_card,1,40.13
ORD2018OCT_2050,1,credit_card,3,32.77
ORD2018OCT_5192,1,credit_card,2,113.08
ORD2018OCT_4673,1,credit_card,3,64.4
ORD2018OCT_294,1,boleto,1,61.19
ORD2018OCT_2855,1,credit_card,3,192.39
ORD2018OCT_4279,1,boleto,1,42.42
ORD2018OCT_9545,1,credit_card,7,73.34
ORD2018OCT_7169,1,credit_card,1,120.09
ORD2018OCT_2048,1,credit_card,8,123.89
ORD2018OCT_4405,1,credit_card,1,54.44
ORD2018OCT_2100,1,credit_card,5,149.19
ORD2018OCT_4861,1,boleto,1,34.09
ORD2018OCT_104,1,boleto,1,74.46
ORD2018OCT_2575,1,credit_card,8,214.14
ORD2018OCT_9746,2,voucher,1,54.09
ORD2018OCT_7034,1,credit_card,8,87.73
ORD2018OCT_7908,1,credit_card,1,25.71
ORD2018OCT_3784,1,credit_card,4,193.23
ORD2018OCT_2967,1,credit_card,1,53.28
ORD2018OCT_6436,1,credit_card,4,51.39
ORD2018OCT_595,1,credit_card,1,132.27
ORD2018OCT_9562,1,boleto,1,35.86
ORD2018OCT_8828,1,credit_card,10,118.05
ORD2018OCT_3576,1,credit_card,1,101.86
ORD2018OCT_2633,1,credit_card,5,115.46
ORD2018OCT_2162,1,boleto,1,54.84
ORD2018OCT_4426,1,boleto,1,81.5
ORD2018OCT_5269,1,boleto,1,236.58
ORD2018OCT_4454,1,credit_card,3,311.1
ORD2018OCT_7492,1,boleto,1,93.29
ORD2018OCT_703,1,boleto,1,51.04
ORD2018OCT_172,1,credit_card,1,99.43
ORD2018OCT_1503,1,credit_card,5,174.71
ORD2018OCT_8327,1,credit_card,2,148.15
ORD2018OCT_5725,1,credit_card,5,70.51
ORD2018OCT_199,1,credit_card,3,211.89
ORD2018OCT_2342,1,credit_card,2,120.14
ORD2018OCT_8208,1,credit_card,3,129.01
ORD2018OCT_6747,1,credit_card,10,283.17
ORD2018OCT_8513,1,credit_card,4,102.12
ORD2018OCT_7325,1,credit_card,1,94.04
ORD2018OCT_9533,1,credit_card,1,48.24
ORD2018OCT_4261,1,boleto,1,156.38
ORD2018OCT_1314,1,credit_card,1,330.17
ORD2018OCT_2531,1,credit_card,8,118.17
ORD2018OCT_3180,1,credit_card,7,175.41
ORD2018OCT_5235,1,credit_card,3,78.54
ORD2018OCT_835,1,credit_card,1,51.38
ORD2018OCT_3715,1,credit_card,1,109.29
ORD2018OCT_5581,1,boleto,1,199.27
ORD2018OCT_1336,1,credit_card,1,60.75
ORD2018OCT_4441,1,credit_card,1,135.62
ORD2018OCT_5018,1,boleto,1,19.71
ORD2018OCT_8731,1,credit_card,1,549.14
ORD2018OCT_445,2,voucher,1,2.11
ORD2018OCT_1193,1,debit_card,1,47.4
ORD2018OCT_8823,1,credit_card,4,77.66
ORD2018OCT_4814,1,credit_card,6,140.68
ORD2018OCT_1646,1,credit_card,3,161.38
ORD2018OCT_3136,1,boleto,1,193.19
ORD2018OCT_9401,1,credit_card,1,48.71
ORD2018OCT_8027,1,credit_card,3,177.44
ORD2018OCT_1785,1,credit_card,1,0.76
ORD2018OCT_9042,1,credit_card,2,332.16
ORD2018OCT_3790,1,credit_card,2,60.46
ORD2018OCT_9392,1,credit_card,5,53.99
ORD2018OCT_3223,1,debit_card,1,26.88
ORD2018OCT_7568,1,credit_card,2,107.78
ORD2018OCT_6359,1,boleto,1,78.2
ORD2018OCT_7742,1,credit_card,10,114.27
ORD2018OCT_7256,1,credit_card,4,48.68
ORD2018OCT_6602,1,credit_card,10,841.99
ORD2018OCT_3523,1,credit_card,4,230.6
ORD2018OCT_6355,1,credit_card,6,360.81
ORD2018OCT_42,1,credit_card,2,186.84
ORD2018OCT_2925,1,boleto,1,96.8
ORD2018OCT_8156,1,credit_card,1,72.84
ORD2018OCT_5826,1,credit_card,3,30.84
ORD2018OCT_2901,1,credit_card,8,162.19
ORD2018OCT_3443,1,credit_card,6,68.45
ORD2018OCT_3245,1,credit_card,5,423.51
ORD2018OCT_1439,1,credit_card,1,20.38
ORD2018OCT_9471,1,credit_card,10,154.62
ORD2018OCT_4243,1,credit_card,1,61.74
ORD2018OCT_794,1,credit_card,1,72.86
ORD2018OCT_5622,1,credit_card,1,57.68
ORD2018OCT_5315,1,credit_card,10,136.1
ORD2018OCT_1584,1,credit_card,6,287.96
ORD2018OCT_1685,1,credit_card,8,218.58
ORD2018OCT_7435,1,credit_card,2,288.27
ORD2018OCT_3917,1,boleto,1,26.77
ORD2018OCT_6822,1,credit_card,5,332.73
ORD2018OCT_4210,1,credit_card,1,25.0
ORD2018OCT_8961,1,credit_card,1,87.64
ORD2018OCT_6757,1,credit_card,4,99.43
ORD2018OCT_8698,1,credit_card,2,52.68
ORD2018OCT_2768,1,credit_card,2,164.71
ORD2018OCT_4965,1,credit_card,1,26.78
ORD2018OCT_2753,1,credit_card,2,62.76
ORD2018OCT_2240,1,boleto,1,278.22
ORD2018OCT_8220,1,credit_card,1,38.38
ORD2018OCT_1594,1,credit_card,1,87.16
ORD2018OCT_4843,1,credit_card,10,440.71
ORD2018OCT_1625,1,debit_card,1,91.21
ORD2018OCT_4649,1,credit_card,6,176.16
ORD2018OCT_8434,1,boleto,1,65.09
ORD2018OCT_4469,1,credit_card,3,30.95
ORD2018OCT_3623,1,credit_card,1,65.07
ORD2018OCT_9327,1,credit_card,2,157.35
ORD2018OCT_3598,1,boleto,1,57.82
ORD2018OCT_1312,1,credit_card,3,217.9
ORD2018OCT_9240,1,credit_card,6,159.51
ORD2018OCT_3842,1,credit_card,3,270.45
ORD2018OCT_3838,1,credit_card,1,251.65
ORD2018OCT_258,1,debit_card,1,196.99
ORD2018OCT_5577,1,boleto,1,133.48
ORD2018OCT_2311,1,credit_card,4,85.58
ORD2018OCT_6809,1,credit_card,3,63.22
ORD2018OCT_9396,2,voucher,1,66.81
ORD2018OCT_6449,1,boleto,1,47.0
ORD2018OCT_5871,1,credit_card,6,63.5
ORD2018OCT_3300,1,credit_card,1,98.49
ORD2018OCT_448,1,credit_card,2,417.31
ORD2018OCT_1683,1,credit_card,2,129.98
ORD2018OCT_9141,1,credit_card,1,76.64
ORD2018OCT_7384,1,credit_card,3,198.2
ORD2018OCT_2088,1,credit_card,1,106.06
ORD2018OCT_6501,1,credit_card,1,57.51
ORD2018OCT_8698,1,credit_card,4,136.64
ORD2018OCT_735,1,boleto,1,177.49
ORD2018OCT_6555,1,credit_card,1,77.51
ORD2018OCT_9680,1,credit_card,1,83.32
ORD2018OCT_9554,1,boleto,1,37.61
ORD2018OCT_9770,1,credit_card,8,87.92
ORD2018OCT_9249,1,debit_card,1,118.65
ORD2018OCT_4732,1,credit_card,3,104.12
ORD2018OCT_3818,1,credit_card,2,85.14
ORD2018OCT_8588,1,credit_card,2,220.17
ORD2018OCT_3932,1,boleto,1,75.08
ORD2018OCT_604,1,credit_card,1,194.92
ORD2018OCT_1034,1,credit_card,1,17.59
ORD2018OCT_5743,1,credit_card,4,41.59
ORD2018OCT_245,1,boleto,1,54.0
ORD2018OCT_3362,1,credit_card,4,122.36
ORD2018OCT_6439,1,boleto,1,88.71
ORD2018OCT_7445,1,credit_card,1,44.42
ORD2018OCT_2289,1,credit_card,3,148.9
ORD2018OCT_9735,1,credit_card,10,975.92
ORD2018OCT_7650,1,credit_card,6,313.43
ORD2018OCT_4825,1,credit_card,3,93.01
ORD2018OCT_1082,1,credit_card,7,140.3
ORD2018OCT_8797,1,credit_card,2,163.25
ORD2018OCT_4819,1,credit_card,2,53.89
ORD2018OCT_577,1,credit_card,1,426.27
ORD2018OCT_5273,1,credit_card,1,91.99
ORD2018OCT_7960,1,boleto,1,49.09
ORD2018OCT_2650,1,credit_card,2,453.92
ORD2018OCT_1021,1,boleto,1,92.13
ORD2018OCT_521,1,credit_card,3,161.42
ORD2018OCT_2732,1,credit_card,24,241.42
ORD2018OCT_6970,1,credit_card,8,108.46
ORD2018OCT_8301,1,credit_card,1,139.07
ORD2018OCT_4034,1,credit_card,2,45.62
ORD2018OCT_6464,1,credit_card,4,382.62
ORD2018OCT_8654,1,credit_card,5,57.58
ORD2018OCT_6163,1,credit_card,5,75.89
ORD2018OCT_8865,1,credit_card,6,67.39
ORD2018OCT_7344,1,credit_card,3,62.56
ORD2018OCT_4545,1,credit_card,1,305.59
ORD2018OCT_5479,1,boleto,1,112.84
ORD2018OCT_989,1,credit_card,8,147.07
ORD2018OCT_1529,1,credit_card,3,317.64
ORD2018OCT_9396,1,credit_card,1,72.56
ORD2018OCT_9712,1,credit_card,9,95.09
ORD2018OCT_197,1,boleto,1,469.71
ORD2018OCT_7955,1,credit_card,1,32.38
ORD2018OCT_8282,1,credit_card,5,352.55
ORD2018OCT_5849,1,credit_card,1,76.57
ORD2018OCT_4609,1,credit_card,2,173.86
ORD2018OCT_2587,1,boleto,1,133.8
ORD2018OCT_5080,1,credit_card,3,112.1
ORD2018OCT_9343,1,credit_card,5,147.78
ORD2018OCT_7299,1,credit_card,1,53.13
ORD2018OCT_9931,1,credit_card,3,369.28
ORD2018OCT_7106,1,credit_card,1,45.78
ORD2018OCT_8475,1,credit_card,10,102.64
ORD2018OCT_4535,1,credit_card,8,86.85
ORD2018OCT_8782,1,credit_card,1,44.1
ORD2018OCT_5529,1,credit_card,2,81.28
ORD2018OCT_8723,1,boleto,1,120.94
ORD2018OCT_8441,1,voucher,1,26.87
ORD2018OCT_7833,1,credit_card,3,33.72
ORD2018OCT_2579,1,credit_card,2,174.13
ORD2018OCT_4114,1,boleto,1,94.84
ORD2018OCT_2904,1,credit_card,4,48.78
ORD2018OCT_5097,1,boleto,1,87.8
ORD2018OCT_3805,1,credit_card,4,104.37
ORD2018OCT_3725,1,credit_card,4,161.54
ORD2018OCT_2533,1,credit_card,6,117.04
ORD2018OCT_3075,1,boleto,1,252.88
ORD2018OCT_2011,1,credit_card,8,6929.31
ORD2018OCT_7523,1,boleto,1,48.69
ORD2018OCT_2167,1,credit_card,6,108.86
ORD2018OCT_3456,1,credit_card,6,86.63
ORD2018OCT_8876,1,boleto,1,42.53
ORD2018OCT_1000,1,credit_card,6,343.65
ORD2018OCT_5385,1,boleto,1,88.54
ORD2018OCT_9592,1,credit_card,1,25.89
ORD2018OCT_2692,1,credit_card,2,153.39
ORD2018OCT_5083,1,boleto,1,74.28
ORD2018OCT_12,1,credit_card,5,126.01
ORD2018OCT_8576,1,credit_card,4,43.11
ORD2018OCT_1916,1,credit_card,3,35.75
ORD2018OCT_7645,1,credit_card,1,87.51
ORD2018OCT_880,1,credit_card,8,784.07
ORD2018OCT_5850,2,voucher,1,13.14
ORD2018OCT_4652,1,credit_card,10,408.51
ORD2018OCT_6300,1,credit_card,4,147.52
ORD2018OCT_5417,1,boleto,1,167.15
ORD2018OCT_1022,1,credit_card,2,40.23
ORD2018OCT_6904,1,credit_card,3,153.27
ORD2018OCT_7768,1,credit_card,2,79.39
ORD2018OCT_9372,1,credit_card,10,100.24
ORD2018OCT_7149,1,credit_card,10,443.33
ORD2018OCT_9450,1,boleto,1,64.32
ORD2018OCT_6499,1,boleto,1,180.32
ORD2018OCT_1767,1,credit_card,1,10.86
ORD2018OCT_7723,3,voucher,1,7.3
ORD2018OCT_7801,1,boleto,1,87.7
ORD2018OCT_1676,1,credit_card,5,53.0
ORD2018OCT_8200,1,credit_card,2,181.82
ORD2018OCT_2596,1,credit_card,1,35.38
ORD2018OCT_8952,1,credit_card,1,21.43
ORD2018OCT_5705,1,credit_card,3,54.99
ORD2018OCT_679,1,credit_card,5,103.83
ORD2018OCT_7590,1,boleto,1,153.1
ORD2018OCT_1521,2,voucher,1,72.4
ORD2018OCT_7186,1,credit_card,6,107.79
ORD2018OCT_3979,1,boleto,1,49.0
ORD2018OCT_2997,1,boleto,1,159.12
ORD2018OCT_5278,1,boleto,1,158.59
ORD2018OCT_2512,1,credit_card,1,63.73
ORD2018OCT_9531,1,credit_card,5,65.0
ORD2018OCT_6316,1,credit_card,10,118.98
ORD2018OCT_1312,1,credit_card,3,49.23
ORD2018OCT_7581,1,credit_card,2,144.58
ORD2018OCT_391,1,credit_card,1,76.84
ORD2018OCT_4882,1,credit_card,3,39.09
ORD2018OCT_3130,1,credit_card,2,75.53
ORD2018OCT_2988,1,credit_card,1,80.11
ORD2018OCT_2057,1,boleto,1,100.91
ORD2018OCT_2924,1,credit_card,1,108.2
ORD2018OCT_2382,1,boleto,1,805.75
ORD2018OCT_3760,1,credit_card,1,12.03
ORD2018OCT_8482,1,credit_card,1,79.24
ORD2018OCT_9523,1,credit_card,6,171.84
ORD2018OCT_5953,1,credit_card,2,68.13
ORD2018OCT_6158,1,boleto,1,57.51
ORD2018OCT_1196,1,credit_card,1,46.39
ORD2018OCT_7549,1,credit_card,7,578.78
ORD2018OCT_8111,1,credit_card,2,188.6
ORD2018OCT_8466,1,credit_card,10,471.84
ORD2018OCT_9654,1,boleto,1,35.87
ORD2018OCT_4901,1,credit_card,1,372.28
ORD2018OCT_6981,1,credit_card,3,183.56
ORD2018OCT_948,1,credit_card,2,90.17
ORD2018OCT_8316,1,credit_card,1,114.42
ORD2018OCT_5877,1,credit_card,1,145.34
ORD2018OCT_8415,1,boleto,1,43.0
ORD2018OCT_4546,1,credit_card,4,194.82
ORD2018OCT_3451,1,credit_card,1,293.36
ORD2018OCT_2522,1,credit_card,2,155.63
ORD2018OCT_9228,3,voucher,1,30.67
ORD2018OCT_2810,1,credit_card,5,59.6
ORD2018OCT_811,1,credit_card,10,172.29
ORD2018OCT_9734,1,credit_card,7,73.77
ORD2018OCT_7638,1,credit_card,2,277.12
ORD2018OCT_8820,1,credit_card,8,182.16
ORD2018OCT_2644,1,boleto,1,35.71
ORD2018OCT_7196,1,credit_card,2,195.74
ORD2018OCT_666,1,voucher,1,54.22
ORD2018OCT_970,1,boleto,1,80.11
ORD2018OCT_4103,1,credit_card,1,69.89
ORD2018OCT_4049,1,credit_card,6,63.51
ORD2018OCT_2517,1,credit_card,6,710.48
ORD2018OCT_9334,1,credit_card,1,119.65
ORD2018OCT_4192,1,credit_card,5,99.43
ORD2018OCT_2227,1,credit_card,3,106.85
ORD2018OCT_910,1,credit_card,2,173.88
ORD2018OCT_3171,1,credit_card,2,133.76
ORD2018OCT_2718,1,boleto,1,331.26
ORD2018OCT_4060,1,boleto,1,42.87
ORD2018OCT_9242,1,credit_card,5,114.8
ORD2018OCT_5410,1,credit_card,4,171.13
ORD2018OCT_8295,1,credit_card,2,246.39
ORD2018OCT_7802,1,boleto,1,106.77
ORD2018OCT_5492,1,credit_card,1,62.41
ORD2018OCT_3876,1,credit_card,4,172.81
ORD2018OCT_2122,1,credit_card,2,88.87
ORD2018OCT_1509,1,credit_card,10,277.28
ORD2018OCT_6242,1,credit_card,2,102.03
ORD2018OCT_2311,1,credit_card,2,144.3
ORD2018OCT_7747,1,credit_card,2,65.71
ORD2018OCT_28,1,credit_card,1,17.66
ORD2018OCT_4680,1,credit_card,4,49.13
ORD2018OCT_4166,1,boleto,1,27.69
ORD2018OCT_4240,1,boleto,1,89.36
ORD2018OCT_4236,1,credit_card,10,234.15
ORD2018OCT_3588,1,credit_card,2,111.32
ORD2018OCT_8108,1,credit_card,6,217.16
ORD2018OCT_2207,1,credit_card,1,61.75
ORD2018OCT_629,1,boleto,1,56.79
ORD2018OCT_1581,1,credit_card,2,186.24
ORD2018OCT_463,1,credit_card,1,40.99
ORD2018OCT_3630,1,credit_card,1,37.85
ORD2018OCT_1945,1,boleto,1,157.78
ORD2018OCT_1404,1,credit_card,1,90.44
ORD2018OCT_3190,1,credit_card,10,481.3
ORD2018OCT_9059,1,credit_card,2,237.47
ORD2018OCT_496,1,credit_card,2,57.51
ORD2018OCT_8398,1,boleto,1,73.27
ORD2018OCT_5765,1,credit_card,20,425.94
ORD2018OCT_9311,1,boleto,1,1541.7
ORD2018OCT_9404,1,credit_card,1,72.16
ORD2018OCT_4550,1,boleto,1,116.24
ORD2018OCT_5103,1,credit_card,1,92.57
ORD2018OCT_5148,1,credit_card,1,31.77
ORD2018OCT_366,1,boleto,1,40.96
ORD2018OCT_548,1,boleto,1,49.16
ORD2018OCT_3688,1,boleto,1,79.11
ORD2018OCT_9869,1,credit_card,2,109.5
ORD2018OCT_3112,1,boleto,1,141.28
ORD2018OCT_9907,1,credit_card,1,153.9
ORD2018OCT_1251,1,credit_card,4,241.25
ORD2018OCT_3516,1,credit_card,6,442.18
ORD2018OCT_3330,1,boleto,1,82.73
ORD2018OCT_842,1,credit_card,10,2455.12
ORD2018OCT_2176,1,boleto,1,127.52
ORD2018OCT_4448,1,credit_card,2,108.73
ORD2018OCT_5462,1,credit_card,1,63.96
ORD2018OCT_790,1,credit_card,5,117.85
ORD2018OCT_45,1,credit_card,1,104.87
ORD2018OCT_3167,1,credit_card,10,436.49
ORD2018OCT_979,1,boleto,1,111.89
ORD2018OCT_9181,1,credit_card,3,102.1
ORD2018OCT_1008,1,credit_card,10,622.28
ORD2018OCT_6264,1,credit_card,10,205.84
ORD2018OCT_8767,1,boleto,1,108.76
ORD2018OCT_2245,1,boleto,1,46.69
ORD2018OCT_3958,1,credit_card,4,420.88
ORD2018OCT_7516,1,boleto,1,45.01
ORD2018OCT_5826,1,boleto,1,127.0
ORD2018OCT_3064,1,boleto,1,177.44
ORD2018OCT_9089,1,credit_card,1,118.35
ORD2018OCT_1150,1,credit_card,1,73.34
ORD2018OCT_160,1,boleto,1,101.34
ORD2018OCT_796,1,credit_card,1,38.89
ORD2018OCT_8411,1,credit_card,5,50.0
ORD2018OCT_894,1,boleto,1,54.64
ORD2018OCT_2660,1,credit_card,10,273.6
ORD2018OCT_9555,4,voucher,1,13.18
ORD2018OCT_9792,1,credit_card,1,53.1
ORD2018OCT_2186,1,credit_card,1,35.0
ORD2018OCT_3199,1,credit_card,10,134.94
ORD2018OCT_7123,1,credit_card,1,38.95
ORD2018OCT_9816,1,boleto,1,397.3
ORD2018OCT_9687,1,credit_card,1,91.28
ORD2018OCT_1990,1,credit_card,2,33.85
ORD2018OCT_5158,1,credit_card,7,155.64
ORD2018OCT_599,1,credit_card,2,88.71
ORD2018OCT_756,1,credit_card,16,167.37
ORD2018OCT_6418,1,boleto,1,37.13
ORD2018OCT_2963,1,credit_card,1,62.57
ORD2018OCT_1655,1,credit_card,1,10.39
ORD2018OCT_1833,1,credit_card,9,111.89
ORD2018OCT_8963,1,credit_card,3,46.14
ORD2018OCT_5636,1,credit_card,8,336.38
ORD2018OCT_245,1,credit_card,1,31.86
ORD2018OCT_1548,1,credit_card,1,125.05
ORD2018OCT_8625,1,credit_card,4,40.84
ORD2018OCT_5346,1,boleto,1,77.03
ORD2018OCT_4128,1,credit_card,7,76.07
ORD2018OCT_2619,1,credit_card,3,35.14
ORD2018OCT_8485,1,credit_card,2,112.82
ORD2018OCT_4007,1,credit_card,3,170.4
ORD2018OCT_9572,1,credit_card,1,29.08
ORD2018OCT_1128,1,credit_card,12,156.84
ORD2018OCT_6747,1,credit_card,3,246.26
ORD2018OCT_7959,1,credit_card,1,263.94
ORD2018OCT_542,1,credit_card,8,167.98
ORD2018OCT_1989,1,credit_card,4,41.13
ORD2018OCT_4131,1,credit_card,1,71.82
ORD2018OCT_9539,1,boleto,1,37.0
ORD2018OCT_4228,1,credit_card,1,66.63
ORD2018OCT_246,1,boleto,1,65.77
ORD2018OCT_6325,1,boleto,1,208.42
ORD2018OCT_9833,1,credit_card,4,45.09
ORD2018OCT_7442,1,credit_card,3,428.8
ORD2018OCT_9689,2,voucher,1,15.11
ORD2018OCT_907,1,boleto,1,96.61
ORD2018OCT_9026,1,boleto,1,108.3
ORD2018OCT_5026,1,voucher,1,159.1
ORD2018OCT_2066,1,credit_card,5,104.28
ORD2018OCT_2322,2,voucher,1,20.0
ORD2018OCT_8900,1,credit_card,2,127.92
ORD2018OCT_5255,1,boleto,1,105.28
ORD2018OCT_5645,1,credit_card,1,255.91
ORD2018OCT_9299,1,boleto,1,138.15
ORD2018OCT_7012,1,credit_card,5,111.6
ORD2018OCT_950,1,boleto,1,74.41
ORD2018OCT_6329,1,credit_card,4,249.49
ORD2018OCT_6641,1,credit_card,1,32.15
ORD2018OCT_1088,1,debit_card,1,216.38
ORD2018OCT_9614,1,boleto,1,141.51
ORD2018OCT_4847,1,boleto,1,125.07
ORD2018OCT_8439,1,credit_card,5,424.97
ORD2018OCT_5967,1,credit_card,4,80.78
ORD2018OCT_986,1,boleto,1,143.82
ORD2018OCT_2948,1,credit_card,7,145.56
ORD2018OCT_9315,1,credit_card,3,144.94
ORD2018OCT_190,1,credit_card,1,126.23
ORD2018OCT_4747,1,credit_card,3,192.01
ORD2018OCT_7384,1,credit_card,1,166.59
ORD2018OCT_4576,1,boleto,1,51.0
ORD2018OCT_7581,1,credit_card,6,62.54
ORD2018OCT_933,1,boleto,1,114.54
ORD2018OCT_9440,1,credit_card,6,219.74
ORD2018OCT_664,1,credit_card,5,160.09
ORD2018OCT_5017,1,credit_card,3,138.48
ORD2018OCT_4098,1,boleto,1,77.57
ORD2018OCT_1245,1,credit_card,3,101.01
ORD2018OCT_3118,1,credit_card,2,51.78
ORD2018OCT_1049,1,credit_card,1,140.88
ORD2018OCT_7255,1,credit_card,1,124.49
ORD2018OCT_6355,1,voucher,1,45.0
ORD2018OCT_4281,1,credit_card,4,42.77
ORD2018OCT_1216,1,boleto,1,77.1
ORD2018OCT_2198,1,credit_card,1,16.78
ORD2018OCT_7236,1,credit_card,3,110.13
ORD2018OCT_492,1,credit_card,10,1894.41
ORD2018OCT_15,1,credit_card,3,32.78
ORD2018OCT_9062,1,credit_card,3,70.52
ORD2018OCT_1518,1,credit_card,6,225.86
ORD2018OCT_2436,1,boleto,1,113.44
ORD2018OCT_2367,1,credit_card,1,37.73
ORD2018OCT_649,1,credit_card,1,39.1
ORD2018OCT_8591,4,voucher,1,7.73
ORD2018OCT_7094,2,credit_card,2,65.94
ORD2018OCT_6915,1,boleto,1,146.57
ORD2018OCT_5263,1,boleto,1,293.94
ORD2018OCT_9356,1,credit_card,3,68.04
ORD2018OCT_7249,1,boleto,1,83.14
ORD2018OCT_9039,1,voucher,1,113.82
ORD2018OCT_845,1,credit_card,2,73.74
ORD2018OCT_7437,6,voucher,1,12.81
ORD2018OCT_6980,1,credit_card,6,93.48
ORD2018OCT_3784,1,boleto,1,615.85
ORD2018OCT_4477,1,credit_card,3,527.03
ORD2018OCT_7348,1,credit_card,3,215.72
ORD2018OCT_5953,1,credit_card,1,132.97
ORD2018OCT_1986,1,credit_card,10,357.62
ORD2018OCT_6282,1,credit_card,1,215.07
ORD2018OCT_5877,1,credit_card,2,86.25
ORD2018OCT_7397,1,credit_card,1,33.68
ORD2018OCT_1513,1,debit_card,1,56.54
ORD2018OCT_4917,1,boleto,1,221.52
ORD2018OCT_7632,1,credit_card,10,213.73
ORD2018OCT_4312,1,credit_card,1,29.41
ORD2018OCT_6484,1,credit_card,4,199.48
ORD2018OCT_7131,1,credit_card,1,22.81
ORD2018OCT_6610,1,credit_card,6,93.84
ORD2018OCT_8799,1,credit_card,3,31.82
ORD2018OCT_3706,1,credit_card,5,108.33
ORD2018OCT_8442,1,boleto,1,32.09
ORD2018OCT_1369,1,credit_card,6,90.88
ORD2018OCT_8482,1,credit_card,1,111.37
ORD2018OCT_4962,2,debit_card,1,35.77
ORD2018OCT_7256,1,credit_card,10,161.0
ORD2018OCT_7195,1,boleto,1,255.96
ORD2018OCT_7493,1,credit_card,3,149.23
ORD2018OCT_1798,1,credit_card,1,104.86
ORD2018OCT_9435,1,boleto,1,81.89
ORD2018OCT_6833,1,boleto,1,237.94
ORD2018OCT_5260,1,credit_card,3,60.6
ORD2018OCT_8313,1,credit_card,4,129.53
ORD2018OCT_5290,1,credit_card,1,55.54
ORD2018OCT_4346,1,credit_card,1,199.42
ORD2018OCT_9063,1,credit_card,1,5.26
ORD2018OCT_612,1,credit_card,2,58.82
ORD2018OCT_7458,7,voucher,1,0.74
ORD2018OCT_9193,1,credit_card,1,59.09
ORD2018OCT_451,1,credit_card,2,149.04
ORD2018OCT_2637,1,boleto,1,116.85
ORD2018OCT_118,1,credit_card,2,125.23
ORD2018OCT_4375,1,credit_card,2,82.33
ORD2018OCT_7458,1,credit_card,2,45.48
ORD2018OCT_4286,1,voucher,1,88.49
ORD2018OCT_3341,1,credit_card,5,115.45
ORD2018OCT_2514,1,credit_card,2,277.97
ORD2018OCT_45,1,credit_card,1,33.16
ORD2018OCT_5267,1,credit_card,2,68.22
ORD2018OCT_7914,1,credit_card,10,230.9
ORD2018OCT_5851,1,credit_card,8,340.72
ORD2018OCT_7523,1,credit_card,1,136.56
ORD2018OCT_7080,1,credit_card,6,219.63
ORD2018OCT_8081,1,credit_card,5,220.25
ORD2018OCT_358,1,credit_card,2,97.71
ORD2018OCT_698,1,credit_card,4,203.77
ORD2018OCT_2639,1,credit_card,1,80.69
ORD2018OCT_7224,1,credit_card,1,22.79
ORD2018OCT_3868,2,voucher,1,50.0
ORD2018OCT_8847,1,boleto,1,218.45
ORD2018OCT_6644,1,credit_card,1,47.29
ORD2018OCT_6125,1,credit_card,2,22.29
ORD2018OCT_5609,1,credit_card,1,92.21
ORD2018OCT_7844,1,boleto,1,249.45
ORD2018OCT_6488,1,boleto,1,84.13
ORD2018OCT_5741,1,credit_card,3,225.08
ORD2018OCT_8667,1,credit_card,9,450.53
ORD2018OCT_6316,1,credit_card,3,67.23
ORD2018OCT_5455,1,credit_card,3,270.78
ORD2018OCT_6093,1,credit_card,3,38.13
ORD2018OCT_5859,1,credit_card,1,148.18
ORD2018OCT_3877,1,boleto,1,71.15
ORD2018OCT_4283,2,voucher,1,72.35
ORD2018OCT_5509,1,credit_card,1,41.85
ORD2018OCT_863,1,credit_card,3,63.72
ORD2018OCT_7501,1,credit_card,5,317.53
ORD2018OCT_3163,1,boleto,1,38.78
ORD2018OCT_4636,1,credit_card,2,78.6
ORD2018OCT_9089,1,credit_card,7,74.88
ORD2018OCT_3280,1,credit_card,2,107.78
ORD2018OCT_1915,1,credit_card,2,131.56
ORD2018OCT_7660,1,voucher,1,41.54
ORD2018OCT_2407,1,credit_card,4,218.66
ORD2018OCT_5027,1,debit_card,1,68.63
ORD2018OCT_832,1,credit_card,1,26.71
ORD2018OCT_9203,1,boleto,1,138.06
ORD2018OCT_6152,1,credit_card,1,97.14
ORD2018OCT_544,1,debit_card,1,107.42
ORD2018OCT_91,1,credit_card,4,128.95
ORD2018OCT_2627,1,credit_card,8,914.11
ORD2018OCT_3849,1,credit_card,1,38.29
ORD2018OCT_850,1,credit_card,2,111.13
ORD2018OCT_7733,1,credit_card,5,119.76
ORD2018OCT_3519,1,credit_card,4,48.21
ORD2018OCT_7021,1,credit_card,2,56.4
ORD2018OCT_1450,1,credit_card,3,99.9
ORD2018OCT_9371,1,credit_card,2,123.85
ORD2018OCT_6945,1,credit_card,2,106.95
ORD2018OCT_6973,1,credit_card,4,83.56
ORD2018OCT_516,1,credit_card,10,638.57
ORD2018OCT_9214,2,voucher,1,29.18
ORD2018OCT_1820,1,credit_card,1,21.43
ORD2018OCT_1113,1,credit_card,6,158.29
ORD2018OCT_8289,1,credit_card,3,142.54
ORD2018OCT_2625,1,boleto,1,112.81
ORD2018OCT_3605,3,voucher,1,200.0
ORD2018OCT_2534,1,boleto,1,354.01
ORD2018OCT_6506,1,credit_card,1,37.09
ORD2018OCT_424,1,credit_card,1,52.44
ORD2018OCT_3213,1,boleto,1,60.08
ORD2018OCT_2963,1,credit_card,8,1110.59
ORD2018OCT_2677,1,credit_card,1,42.04
ORD2018OCT_7074,1,boleto,1,69.22
ORD2018OCT_7556,1,boleto,1,53.52
ORD2018OCT_5516,1,credit_card,2,27.86
ORD2018OCT_124,1,boleto,1,277.3
ORD2018OCT_846,1,credit_card,1,93.66
ORD2018OCT_1222,1,credit_card,5,118.35
ORD2018OCT_4990,1,credit_card,2,162.44
ORD2018OCT_7006,1,credit_card,3,37.09
ORD2018OCT_868,1,voucher,1,188.97
ORD2018OCT_5548,1,credit_card,3,181.91
ORD2018OCT_8637,1,voucher,1,38.89
ORD2018OCT_7451,1,credit_card,1,30.44
ORD2018OCT_3539,1,credit_card,3,67.44
ORD2018OCT_579,1,boleto,1,162.85
ORD2018OCT_4954,1,debit_card,1,87.51
ORD2018OCT_2641,1,credit_card,1,46.13
ORD2018OCT_3157,1,credit_card,1,157.15
ORD2018OCT_8419,1,credit_card,3,63.44
ORD2018OCT_114,1,boleto,1,395.45
ORD2018OCT_617,1,credit_card,4,48.3
ORD2018OCT_1014,1,credit_card,1,32.33
ORD2018OCT_4811,1,credit_card,1,82.55
ORD2018OCT_2602,1,credit_card,1,173.32
ORD2018OCT_1931,1,credit_card,2,70.38
ORD2018OCT_7628,1,boleto,1,102.1
ORD2018OCT_3550,1,credit_card,7,148.71
ORD2018OCT_9033,1,boleto,1,1323.79
ORD2018OCT_4275,1,credit_card,1,24.09
ORD2018OCT_3569,1,voucher,1,48.92
ORD2018OCT_7782,1,credit_card,2,108.76
ORD2018OCT_5048,1,credit_card,3,145.47
ORD2018OCT_6573,1,boleto,1,27.1
ORD2018OCT_940,1,credit_card,1,173.3
ORD2018OCT_3935,1,credit_card,10,161.77
ORD2018OCT_8788,1,credit_card,2,150.7
ORD2018OCT_352,1,credit_card,3,104.56
ORD2018OCT_311,1,credit_card,1,43.09
ORD2018OCT_8628,1,credit_card,3,37.68
ORD2018OCT_4141,1,credit_card,10,648.77
ORD2018OCT_7438,1,boleto,1,459.05
ORD2018OCT_5832,1,boleto,1,147.62
ORD2018OCT_420,1,credit_card,12,446.66
ORD2018OCT_6866,1,credit_card,1,40.95
ORD2018OCT_7180,2,voucher,1,43.12
ORD2018OCT_8020,1,boleto,1,94.16
ORD2018OCT_2327,1,credit_card,1,48.24
ORD2018OCT_546,1,credit_card,2,52.04
ORD2018OCT_4192,1,credit_card,1,34.68
ORD2018OCT_1015,1,credit_card,12,1125.9
ORD2018OCT_121,1,credit_card,4,41.75
ORD2018OCT_4021,1,credit_card,8,301.34
ORD2018OCT_3294,1,credit_card,3,148.12
ORD2018OCT_2781,1,credit_card,8,253.18
ORD2018OCT_7650,1,credit_card,9,215.05
ORD2018OCT_1850,1,credit_card,1,82.97
ORD2018OCT_1005,1,boleto,1,60.53
ORD2018OCT_589,2,voucher,1,1.7
ORD2018OCT_3871,1,credit_card,1,118.43
ORD2018OCT_3936,1,credit_card,1,109.3
ORD2018OCT_5313,1,credit_card,1,207.5
ORD2018OCT_3193,1,credit_card,6,180.82
ORD2018OCT_4328,1,boleto,1,110.88
ORD2018OCT_1948,1,credit_card,1,74.1
ORD2018OCT_6565,1,boleto,1,145.06
ORD2018OCT_1750,1,credit_card,2,105.66
ORD2018OCT_6407,1,credit_card,1,46.15
ORD2018OCT_7172,1,boleto,1,114.69
ORD2018OCT_7689,1,boleto,1,113.11
ORD2018OCT_7905,1,credit_card,3,72.83
ORD2018OCT_578,2,voucher,1,22.47
ORD2018OCT_2296,1,credit_card,1,66.67
ORD2018OCT_168,1,credit_card,2,211.91
ORD2018OCT_994,1,credit_card,1,19.78
ORD2018OCT_1407,2,credit_card,3,36.61
ORD2018OCT_349,1,credit_card,3,134.18
ORD2018OCT_1300,1,credit_card,1,271.18
ORD2018OCT_9723,1,credit_card,2,118.49
ORD2018OCT_996,1,boleto,1,66.78
ORD2018OCT_9595,1,credit_card,1,143.39
ORD2018OCT_9357,1,credit_card,4,45.52
ORD2018OCT_9705,1,boleto,1,223.78
ORD2018OCT_7162,1,credit_card,2,43.32
ORD2018OCT_7844,1,credit_card,1,187.94
ORD2018OCT_628,1,credit_card,1,126.85
ORD2018OCT_2377,1,credit_card,3,189.06
ORD2018OCT_3169,1,boleto,1,112.47
ORD2018OCT_1449,1,boleto,1,31.77
ORD2018OCT_26,1,credit_card,10,622.86
ORD2018OCT_7950,4,voucher,1,5.18
ORD2018OCT_5293,1,boleto,1,133.68
ORD2018OCT_9263,1,credit_card,1,135.77
ORD2018OCT_7054,1,credit_card,1,39.42
ORD2018OCT_2323,1,credit_card,1,56.22
ORD2018OCT_365,1,boleto,1,70.03
ORD2018OCT_6281,1,credit_card,1,88.06
ORD2018OCT_3196,1,credit_card,1,133.95
ORD2018OCT_7413,1,credit_card,5,143.02
ORD2018OCT_7247,1,credit_card,10,1942.0
ORD2018OCT_9556,1,credit_card,5,112.49
ORD2018OCT_5164,1,boleto,1,29.77
ORD2018OCT_7013,1,credit_card,10,126.07
ORD2018OCT_8106,1,boleto,1,237.68
ORD2018OCT_6488,1,credit_card,2,216.05
ORD2018OCT_1951,1,credit_card,1,68.22
ORD2018OCT_6873,1,credit_card,4,146.68
ORD2018OCT_148,1,boleto,1,77.06
ORD2018OCT_9524,1,boleto,1,42.69
ORD2018OCT_1497,1,credit_card,2,131.51
ORD2018OCT_7457,1,credit_card,1,4.29
ORD2018OCT_5845,1,credit_card,3,192.56
ORD2018OCT_3628,1,boleto,1,60.1
ORD2018OCT_8152,1,boleto,1,38.28
ORD2018OCT_6171,1,boleto,1,138.15
ORD2018OCT_3310,1,credit_card,5,58.18
ORD2018OCT_6022,1,credit_card,1,44.18
ORD2018OCT_1322,1,credit_card,4,43.79
ORD2018OCT_999,1,credit_card,1,92.81
ORD2018OCT_5766,1,credit_card,10,437.48
ORD2018OCT_8024,1,credit_card,2,58.46
ORD2018OCT_268,1,credit_card,2,196.11
ORD2018OCT_2645,1,credit_card,1,420.28
ORD2018OCT_5413,1,debit_card,1,367.2
ORD2018OCT_1389,1,boleto,1,31.77
ORD2018OCT_7702,1,credit_card,4,257.98
ORD2018OCT_1370,1,credit_card,3,168.8
ORD2018OCT_780,1,credit_card,1,144.58
ORD2018OCT_1031,1,credit_card,1,41.23
ORD2018OCT_3770,1,credit_card,8,307.42
ORD2018OCT_7016,1,credit_card,3,350.94
ORD2018OCT_5479,1,credit_card,2,457.52
ORD2018OCT_9336,1,credit_card,4,158.3
ORD2018OCT_1979,1,debit_card,1,44.58
ORD2018OCT_6918,1,credit_card,5,496.44
ORD2018OCT_1238,1,credit_card,10,184.48
ORD2018OCT_8634,1,credit_card,8,837.42
ORD2018OCT_7588,1,credit_card,1,419.95
ORD2018OCT_4451,1,boleto,1,65.95
ORD2018OCT_831,1,credit_card,3,226.9
ORD2018OCT_8616,1,credit_card,4,445.59
ORD2018OCT_8263,4,voucher,1,15.0
ORD2018OCT_9688,1,credit_card,2,125.67
ORD2018OCT_1819,1,credit_card,1,55.96
ORD2018OCT_2314,1,credit_card,1,59.24
ORD2018OCT_3759,1,boleto,1,177.69
ORD2018OCT_1898,1,credit_card,1,32.94
ORD2018OCT_2928,1,credit_card,5,116.37
ORD2018OCT_4659,1,credit_card,5,55.73
ORD2018OCT_990,1,credit_card,3,118.02
ORD2018OCT_1955,1,credit_card,3,65.71
ORD2018OCT_9903,1,credit_card,4,224.1
ORD2018OCT_8502,1,credit_card,1,87.64
ORD2018OCT_8801,1,credit_card,3,143.04
ORD2018OCT_3931,1,credit_card,1,79.04
ORD2018OCT_3213,1,credit_card,4,78.48
ORD2018OCT_3856,1,credit_card,5,73.52
ORD2018OCT_5159,1,credit_card,6,321.58
ORD2018OCT_5279,1,credit_card,3,33.0
ORD2018OCT_361,1,credit_card,2,68.3
ORD2018OCT_884,2,voucher,1,90.1
ORD2018OCT_6506,1,credit_card,4,77.57
ORD2018OCT_6842,1,boleto,1,76.86
ORD2018OCT_4520,1,credit_card,10,208.07
ORD2018OCT_2705,1,credit_card,5,58.74
ORD2018OCT_8167,2,voucher,1,92.79
ORD2018OCT_7123,1,boleto,1,354.52
ORD2018OCT_7733,1,credit_card,1,49.03
ORD2018OCT_3909,1,credit_card,2,117.53
ORD2018OCT_1189,1,credit_card,2,108.71
ORD2018OCT_5741,1,credit_card,1,43.62
ORD2018OCT_6442,1,credit_card,4,150.15
ORD2018OCT_193,1,credit_card,2,106.16
ORD2018OCT_6741,1,credit_card,3,82.65
ORD2018OCT_2940,1,credit_card,1,30.49
ORD2018OCT_731,1,credit_card,4,210.6
ORD2018OCT_118,1,credit_card,1,96.81
ORD2018OCT_1671,1,credit_card,3,253.52
ORD2018OCT_644,1,credit_card,1,68.02
ORD2018OCT_4206,1,boleto,1,70.72
ORD2018OCT_3548,1,credit_card,1,49.56
ORD2018OCT_5954,1,credit_card,1,131.94
ORD2018OCT_4712,1,credit_card,1,1.77
ORD2018OCT_8675,1,credit_card,6,106.23
ORD2018OCT_3361,1,credit_card,1,38.09
ORD2018OCT_8627,1,credit_card,1,206.08
ORD2018OCT_7364,2,voucher,1,12.98
ORD2018OCT_7641,1,boleto,1,47.29
ORD2018OCT_1198,1,credit_card,1,32.98
ORD2018OCT_5672,1,credit_card,1,120.14
ORD2018OCT_4889,1,credit_card,5,61.7
ORD2018OCT_2212,1,credit_card,1,113.15
ORD2018OCT_110,1,boleto,1,163.02
ORD2018OCT_3390,1,boleto,1,63.99
ORD2018OCT_194,1,credit_card,7,103.93
ORD2018OCT_8794,1,credit_card,2,83.01
ORD2018OCT_4049,1,credit_card,4,207.55
ORD2018OCT_3798,1,boleto,1,73.34
ORD2018OCT_6748,1,boleto,1,86.54
ORD2018OCT_468,1,credit_card,1,70.93
ORD2018OCT_9197,1,credit_card,5,127.51
ORD2018OCT_4508,1,voucher,1,65.61
ORD2018OCT_5530,1,boleto,1,34.51
ORD2018OCT_4549,1,credit_card,2,112.67
ORD2018OCT_9531,1,credit_card,3,33.51
ORD2018OCT_9764,1,credit_card,1,109.72
ORD2018OCT_5464,1,boleto,1,54.5
ORD2018OCT_938,1,boleto,1,94.19
ORD2018OCT_3344,1,credit_card,1,117.47
ORD2018OCT_2351,1,boleto,1,56.58
ORD2018OCT_6595,1,credit_card,10,119.19
ORD2018OCT_5079,1,boleto,1,52.18
ORD2018OCT_4104,1,credit_card,3,48.11
ORD2018OCT_7569,1,boleto,1,175.19
ORD2018OCT_2762,1,credit_card,1,29.17
ORD2018OCT_4248,1,boleto,1,122.17
ORD2018OCT_1349,1,boleto,1,158.03
ORD2018OCT_5235,1,boleto,1,32.09
ORD2018OCT_8754,1,boleto,1,179.45
ORD2018OCT_6223,1,credit_card,7,514.11
ORD2018OCT_9152,1,credit_card,1,47.68
ORD2018OCT_3635,1,credit_card,3,81.11
ORD2018OCT_6413,1,boleto,1,84.14
ORD2018OCT_5024,1,credit_card,10,135.0
ORD2018OCT_4781,1,boleto,1,40.0
ORD2018OCT_7909,1,credit_card,3,148.57
ORD2018OCT_670,1,credit_card,1,84.13
ORD2018OCT_4286,1,credit_card,10,169.94
ORD2018OCT_8683,1,credit_card,2,129.91
ORD2018OCT_8987,2,voucher,1,100.0
ORD2018OCT_7460,1,boleto,1,386.33
ORD2018OCT_7410,1,credit_card,5,135.77
ORD2018OCT_4444,1,voucher,1,13.51
ORD2018OCT_2091,1,voucher,1,73.05
ORD2018OCT_9578,1,boleto,1,100.34
ORD2018OCT_6120,1,credit_card,1,37.94
ORD2018OCT_1894,1,credit_card,2,51.69
ORD2018OCT_8321,1,credit_card,3,162.55
ORD2018OCT_6861,1,credit_card,8,568.51
ORD2018OCT_208,1,credit_card,5,78.28
ORD2018OCT_5777,1,credit_card,2,191.19
ORD2018OCT_6841,2,credit_card,4,704.51
ORD2018OCT_1094,1,credit_card,10,675.01
ORD2018OCT_7963,1,credit_card,3,98.07
ORD2018OCT_8593,1,voucher,1,70.24
ORD2018OCT_1402,1,credit_card,10,291.7
ORD2018OCT_1567,1,credit_card,1,70.98
ORD2018OCT_7699,1,credit_card,5,243.57
ORD2018OCT_2094,1,credit_card,2,394.97
ORD2018OCT_1938,1,credit_card,3,189.07
ORD2018OCT_5131,1,credit_card,1,42.51
ORD2018OCT_3572,1,credit_card,2,173.27
ORD2018OCT_8448,1,credit_card,3,47.04
ORD2018OCT_4014,1,boleto,1,220.04
ORD2018OCT_9097,1,credit_card,6,64.44
ORD2018OCT_7667,1,credit_card,8,349.53
ORD2018OCT_585,1,credit_card,8,81.89
ORD2018OCT_2798,1,credit_card,1,70.89
ORD2018OCT_5109,1,credit_card,1,209.86
ORD2018OCT_7567,1,credit_card,4,60.44
ORD2018OCT_7131,1,boleto,1,32.6
ORD2018OCT_7843,2,voucher,1,26.99
ORD2018OCT_5849,1,credit_card,1,37.5
ORD2018OCT_9454,1,credit_card,10,174.85
ORD2018OCT_6361,1,boleto,1,209.21
ORD2018OCT_1299,1,credit_card,2,55.0
ORD2018OCT_8111,1,credit_card,5,58.28
ORD2018OCT_9776,1,credit_card,1,278.86
ORD2018OCT_2509,1,credit_card,1,90.34
ORD2018OCT_9336,1,credit_card,5,117.77
ORD2018OCT_5876,1,credit_card,2,122.27
ORD2018OCT_9230,1,credit_card,1,66.53
ORD2018OCT_1260,1,boleto,1,38.6
ORD2018OCT_3738,1,boleto,1,147.97
ORD2018OCT_6475,1,credit_card,8,173.73
ORD2018OCT_1761,1,boleto,1,241.21
ORD2018OCT_6580,1,credit_card,8,286.56
ORD2018OCT_6832,1,credit_card,6,127.84
ORD2018OCT_7315,1,boleto,1,173.82
ORD2018OCT_5119,1,boleto,1,31.66
ORD2018OCT_2620,1,credit_card,1,254.31
ORD2018OCT_7849,1,boleto,1,600.09
ORD2018OCT_9275,1,credit_card,5,72.68
ORD2018OCT_5775,1,credit_card,6,178.25
ORD2018OCT_4806,1,credit_card,1,14.86
ORD2018OCT_4019,1,credit_card,1,43.25
ORD2018OCT_5543,1,boleto,1,54.0
ORD2018OCT_8551,1,credit_card,5,163.89
ORD2018OCT_5978,1,credit_card,3,75.07
ORD2018OCT_1922,1,boleto,1,188.51
ORD2018OCT_569,1,credit_card,3,61.4
ORD2018OCT_9354,1,credit_card,6,208.16
ORD2018OCT_5270,1,credit_card,4,206.56
ORD2018OCT_1695,1,credit_card,10,124.01
ORD2018OCT_549,1,credit_card,1,71.14
ORD2018OCT_7138,1,credit_card,5,173.26
ORD2018OCT_7305,1,boleto,1,60.07
ORD2018OCT_458,1,credit_card,1,66.78
ORD2018OCT_349,1,boleto,1,255.02
ORD2018OCT_4074,1,credit_card,3,218.1
ORD2018OCT_4590,1,credit_card,1,91.08
ORD2018OCT_410,1,credit_card,3,123.6
ORD2018OCT_171,1,credit_card,8,85.14
ORD2018OCT_9632,1,credit_card,1,161.86
ORD2018OCT_4241,1,credit_card,3,195.24
ORD2018OCT_141,1,credit_card,3,170.87
ORD2018OCT_1235,1,credit_card,8,521.37
ORD2018OCT_6345,1,credit_card,6,216.93
ORD2018OCT_7535,1,credit_card,1,119.39
ORD2018OCT_5608,1,credit_card,3,238.78
ORD2018OCT_1404,1,boleto,1,24.29
ORD2018OCT_6629,1,boleto,1,103.02
ORD2018OCT_9018,1,credit_card,5,139.09
ORD2018OCT_3916,1,credit_card,3,73.05
ORD2018OCT_9384,1,boleto,1,103.68
ORD2018OCT_4317,1,credit_card,5,99.52
ORD2018OCT_8664,1,credit_card,2,61.77
ORD2018OCT_7063,1,credit_card,1,48.19
ORD2018OCT_4553,1,credit_card,8,176.65
ORD2018OCT_2222,1,boleto,1,60.92
ORD2018OCT_7084,1,credit_card,1,128.26
ORD2018OCT_6181,1,credit_card,1,32.32
ORD2018OCT_4539,1,credit_card,3,72.14
ORD2018OCT_766,1,credit_card,1,65.0
ORD2018OCT_3510,1,boleto,1,119.42
ORD2018OCT_4868,1,credit_card,1,78.18
ORD2018OCT_5647,1,credit_card,1,18.39
ORD2018OCT_3341,1,credit_card,10,413.31
ORD2018OCT_7688,1,boleto,1,63.6
ORD2018OCT_2572,1,credit_card,1,22.56
ORD2018OCT_4193,1,credit_card,3,349.78
ORD2018OCT_9580,1,credit_card,3,31.75
ORD2018OCT_3973,1,credit_card,2,485.29
ORD2018OCT_6114,1,credit_card,1,22.39
ORD2018OCT_7660,1,voucher,1,426.28
ORD2018OCT_7745,1,credit_card,2,238.02
ORD2018OCT_865,1,credit_card,6,93.13
ORD2018OCT_8906,1,credit_card,1,142.01
ORD2018OCT_2291,1,boleto,1,43.22
ORD2018OCT_8590,1,boleto,1,325.37
ORD2018OCT_4640,1,credit_card,4,215.27
ORD2018OCT_1543,1,credit_card,3,77.89
ORD2018OCT_4662,1,credit_card,8,88.36
ORD2018OCT_283,1,credit_card,2,134.39
ORD2018OCT_6409,1,credit_card,3,52.37
ORD2018OCT_8666,1,credit_card,1,43.58
ORD2018OCT_9185,1,credit_card,1,581.25
ORD2018OCT_4567,1,credit_card,1,132.26
ORD2018OCT_4642,1,credit_card,2,81.72
ORD2018OCT_5586,1,voucher,1,44.1
ORD2018OCT_1395,1,credit_card,10,284.42
ORD2018OCT_5980,1,credit_card,1,52.13
ORD2018OCT_649,1,credit_card,2,135.08
ORD2018OCT_8878,1,boleto,1,86.15
ORD2018OCT_3760,1,credit_card,3,45.95
ORD2018OCT_7526,1,boleto,1,94.52
ORD2018OCT_7036,1,boleto,1,21.86
ORD2018OCT_6267,1,credit_card,4,260.5
ORD2018OCT_6794,1,credit_card,1,47.02
ORD2018OCT_6776,1,boleto,1,79.56
ORD2018OCT_445,1,credit_card,1,60.85
ORD2018OCT_2559,1,credit_card,1,116.84
ORD2018OCT_1897,1,boleto,1,82.97
ORD2018OCT_1006,1,boleto,1,67.59
ORD2018OCT_6211,1,credit_card,1,69.97
ORD2018OCT_8601,1,credit_card,5,100.34
ORD2018OCT_2234,1,credit_card,4,335.89
ORD2018OCT_4788,1,boleto,1,179.87
ORD2018OCT_6311,1,credit_card,6,86.15
ORD2018OCT_7342,1,voucher,1,119.65
ORD2018OCT_2764,1,boleto,1,321.74
ORD2018OCT_7678,1,credit_card,3,77.57
ORD2018OCT_4336,1,credit_card,3,131.57
ORD2018OCT_2363,2,voucher,1,337.55
ORD2018OCT_1237,1,boleto,1,37.99
ORD2018OCT_97,1,credit_card,1,68.0
ORD2018OCT_3381,1,boleto,1,291.49
ORD2018OCT_1468,1,credit_card,2,237.78
ORD2018OCT_6836,1,credit_card,1,118.65
ORD2018OCT_3145,1,boleto,1,46.69
ORD2018OCT_7194,1,boleto,1,112.64
ORD2018OCT_230,1,boleto,1,1937.64
ORD2018OCT_6892,1,credit_card,1,37.69
ORD2018OCT_4281,1,boleto,1,63.13
ORD2018OCT_5062,1,credit_card,2,141.91
ORD2018OCT_7885,1,credit_card,4,46.86
ORD2018OCT_2474,1,credit_card,4,116.24
ORD2018OCT_216,1,credit_card,3,36.69
ORD2018OCT_9300,1,credit_card,10,519.65
ORD2018OCT_6375,1,credit_card,6,535.37
ORD2018OCT_4060,1,credit_card,6,61.28
ORD2018OCT_5799,1,boleto,1,197.8
ORD2018OCT_8342,1,credit_card,1,133.18
ORD2018OCT_7702,1,credit_card,2,143.58
ORD2018OCT_5642,1,credit_card,2,56.01
ORD2018OCT_8143,1,boleto,1,260.84
ORD2018OCT_3182,1,credit_card,1,47.78
ORD2018OCT_404,1,credit_card,2,52.53
ORD2018OCT_500,1,credit_card,5,308.47
ORD2018OCT_7517,1,boleto,1,174.41
ORD2018OCT_6065,1,credit_card,5,92.15
ORD2018OCT_7218,1,credit_card,8,274.94
ORD2018OCT_64,1,boleto,1,136.59
ORD2018OCT_4041,1,boleto,1,43.72
ORD2018OCT_1369,1,credit_card,1,21.17
ORD2018OCT_1504,1,credit_card,1,200.13
ORD2018OCT_4861,1,boleto,1,56.0
ORD2018OCT_228,1,debit_card,1,139.59
ORD2018OCT_7993,2,voucher,1,48.63
ORD2018OCT_4313,1,boleto,1,54.87
ORD2018OCT_7178,1,credit_card,10,1474.42
ORD2018OCT_4028,1,credit_card,7,356.13
ORD2018OCT_9653,1,credit_card,4,197.7
ORD2018OCT_4306,1,credit_card,4,87.64
ORD2018OCT_7140,1,credit_card,3,106.38
ORD2018OCT_7002,1,credit_card,6,299.7
ORD2018OCT_5296,1,credit_card,2,101.14
ORD2018OCT_7288,8,voucher,1,3.88
ORD2018OCT_9276,1,credit_card,4,148.2
ORD2018OCT_1495,1,credit_card,1,38.36
ORD2018OCT_2624,1,credit_card,10,128.73
ORD2018OCT_7693,1,credit_card,5,213.95
ORD2018OCT_143,1,credit_card,10,372.16
ORD2018OCT_9911,1,credit_card,2,162.16
ORD2018OCT_2366,1,credit_card,3,88.81
ORD2018OCT_9001,1,credit_card,10,122.55
ORD2018OCT_5830,1,credit_card,1,74.03
ORD2018OCT_2720,1,credit_card,1,116.36
ORD2018OCT_1913,1,boleto,1,76.08
ORD2018OCT_2156,1,credit_card,7,74.07
ORD2018OCT_8433,1,boleto,1,59.78
ORD2018OCT_4098,1,boleto,1,111.8
ORD2018OCT_2813,1,credit_card,8,132.56
ORD2018OCT_4636,1,credit_card,10,126.0
ORD2018OCT_8107,1,credit_card,1,5.34
ORD2018OCT_2285,1,credit_card,7,380.0
ORD2018OCT_971,1,boleto,1,116.94
ORD2018OCT_2082,1,credit_card,4,212.18
ORD2018OCT_8652,1,boleto,1,51.85
ORD2018OCT_5393,1,credit_card,5,247.9
ORD2018OCT_7771,1,credit_card,6,185.89
ORD2018OCT_3181,1,credit_card,2,116.44
ORD2018OCT_3442,5,voucher,1,87.98
ORD2018OCT_8807,2,voucher,1,50.0
ORD2018OCT_4742,1,credit_card,10,102.03
ORD2018OCT_3823,1,credit_card,2,130.59
ORD2018OCT_6021,1,boleto,1,58.28
ORD2018OCT_3987,1,credit_card,2,27.07
ORD2018OCT_1561,1,credit_card,4,135.54
ORD2018OCT_7329,1,credit_card,5,101.14
ORD2018OCT_6471,1,boleto,1,105.3
ORD2018OCT_479,1,credit_card,8,169.01
ORD2018OCT_2252,1,credit_card,2,43.53
ORD2018OCT_348,1,boleto,1,17.77
ORD2018OCT_5612,1,credit_card,2,76.39
ORD2018OCT_4264,1,credit_card,1,85.59
ORD2018OCT_7580,1,credit_card,5,204.1
ORD2018OCT_2656,1,credit_card,2,50.69
ORD2018OCT_7009,1,credit_card,3,102.33
ORD2018OCT_148,1,credit_card,1,67.13
ORD2018OCT_7541,1,credit_card,2,105.01
ORD2018OCT_5016,1,credit_card,9,226.86
ORD2018OCT_3825,1,credit_card,2,175.11
ORD2018OCT_1715,1,credit_card,2,164.8
ORD2018OCT_4073,1,boleto,1,258.56
ORD2018OCT_6349,1,credit_card,2,157.45
ORD2018OCT_6039,1,boleto,1,273.9
ORD2018OCT_2240,1,credit_card,2,141.94
ORD2018OCT_8253,1,credit_card,1,69.38
ORD2018OCT_7516,1,credit_card,2,27.29
ORD2018OCT_6874,1,credit_card,1,46.13
ORD2018OCT_2001,1,credit_card,1,28.29
ORD2018OCT_9730,1,credit_card,2,100.86
ORD2018OCT_3296,1,credit_card,2,45.14
ORD2018OCT_986,1,credit_card,3,109.93
ORD2018OCT_4570,1,credit_card,2,118.93
ORD2018OCT_3745,1,credit_card,2,136.5
ORD2018OCT_5252,1,credit_card,1,44.33
ORD2018OCT_6151,1,credit_card,1,183.38
ORD2018OCT_6694,1,credit_card,3,205.3
ORD2018OCT_9751,1,credit_card,4,161.53
ORD2018OCT_1797,1,credit_card,1,36.0
ORD2018OCT_6711,1,credit_card,1,36.98
ORD2018OCT_2718,2,voucher,1,119.98
ORD2018OCT_2726,1,credit_card,5,415.34
ORD2018OCT_1331,2,voucher,1,50.71
ORD2018OCT_6698,1,credit_card,2,105.85
ORD2018OCT_5699,1,credit_card,9,189.41
ORD2018OCT_9648,1,credit_card,2,198.16
ORD2018OCT_8661,1,boleto,1,219.18
ORD2018OCT_4280,1,credit_card,1,37.09
ORD2018OCT_4469,1,credit_card,10,132.13
ORD2018OCT_6862,1,credit_card,4,79.56
ORD2018OCT_9650,1,credit_card,1,26.44
ORD2018OCT_3746,1,credit_card,8,163.79
ORD2018OCT_6171,1,credit_card,1,45.46
ORD2018OCT_5119,1,credit_card,1,87.82
ORD2018OCT_2936,1,credit_card,3,120.81
ORD2018OCT_6322,2,voucher,1,95.04
ORD2018OCT_705,1,credit_card,2,43.53
ORD2018OCT_131,1,credit_card,1,194.48
ORD2018OCT_5962,1,credit_card,10,234.2
ORD2018OCT_978,1,credit_card,1,28.27
ORD2018OCT_1230,1,boleto,1,276.23
ORD2018OCT_6363,1,credit_card,8,138.84
ORD2018OCT_5997,1,credit_card,1,29.0
ORD2018OCT_4474,1,credit_card,8,343.74
ORD2018OCT_680,1,credit_card,6,214.87
ORD2018OCT_1476,1,credit_card,1,79.19
ORD2018OCT_3989,1,credit_card,8,79.97
ORD2018OCT_3145,1,credit_card,1,196.68
ORD2018OCT_7438,2,voucher,1,30.16
ORD2018OCT_8833,1,credit_card,2,57.8
ORD2018OCT_55,1,credit_card,2,95.98
ORD2018OCT_8928,1,credit_card,2,118.14
ORD2018OCT_9129,1,credit_card,1,43.41
ORD2018OCT_5138,1,credit_card,2,54.09
ORD2018OCT_776,4,voucher,1,45.8
ORD2018OCT_987,1,boleto,1,302.8
ORD2018OCT_2534,1,credit_card,5,154.47
ORD2018OCT_9786,1,credit_card,1,45.01
ORD2018OCT_7970,1,credit_card,5,287.0
ORD2018OCT_1258,2,voucher,1,31.37
ORD2018OCT_1709,1,debit_card,1,145.68
ORD2018OCT_928,1,boleto,1,117.85
ORD2018OCT_2364,1,boleto,1,40.0
ORD2018OCT_7231,1,credit_card,3,31.52
ORD2018OCT_9185,1,boleto,1,83.23
ORD2018OCT_3339,1,credit_card,1,70.91
ORD2018OCT_5134,1,credit_card,3,46.78
ORD2018OCT_8971,1,credit_card,10,157.13
ORD2018OCT_8474,1,credit_card,1,86.05
ORD2018OCT_1210,1,credit_card,1,89.73
ORD2018OCT_384,1,debit_card,1,28.57
ORD2018OCT_4939,1,credit_card,8,164.72
ORD2018OCT_3458,1,boleto,1,49.02
ORD2018OCT_827,1,boleto,1,58.59
ORD2018OCT_5142,1,credit_card,6,142.1
ORD2018OCT_690,1,credit_card,6,2828.42
ORD2018OCT_8776,1,credit_card,1,48.69
ORD2018OCT_4592,1,credit_card,1,27.36
ORD2018OCT_6510,1,credit_card,7,172.52
ORD2018OCT_9764,1,credit_card,12,229.24
ORD2018OCT_5645,1,boleto,1,97.34
ORD2018OCT_137,1,boleto,1,197.73
ORD2018OCT_5307,1,credit_card,3,39.05
ORD2018OCT_3423,3,voucher,1,13.91
ORD2018OCT_7849,1,credit_card,3,138.26
ORD2018OCT_2040,1,credit_card,5,152.43
ORD2018OCT_6803,1,credit_card,10,569.51
ORD2018OCT_360,1,credit_card,1,45.13
ORD2018OCT_7190,1,credit_card,4,163.81
ORD2018OCT_3937,1,credit_card,4,47.23
ORD2018OCT_1994,2,voucher,1,125.95
ORD2018OCT_5268,1,credit_card,1,32.0
ORD2018OCT_1965,1,credit_card,3,159.65
ORD2018OCT_3879,1,boleto,1,46.78
ORD2018OCT_6084,1,credit_card,1,106.11
ORD2018OCT_493,2,voucher,1,207.6
ORD2018OCT_346,1,credit_card,2,112.35
ORD2018OCT_7161,1,credit_card,1,121.04
ORD2018OCT_1648,1,credit_card,1,45.29
ORD2018OCT_7854,1,credit_card,4,96.97
ORD2018OCT_7522,1,credit_card,4,45.53
ORD2018OCT_5319,1,credit_card,2,105.28
ORD2018OCT_3566,1,credit_card,3,137.6
ORD2018OCT_4529,1,credit_card,2,275.96
ORD2018OCT_1981,6,voucher,1,20.0
ORD2018OCT_8415,1,credit_card,2,64.23
ORD2018OCT_42,1,credit_card,2,67.66
ORD2018OCT_8467,1,credit_card,3,141.74
ORD2018OCT_8190,1,boleto,1,342.69
ORD2018OCT_9202,1,boleto,1,39.75
ORD2018OCT_5421,1,credit_card,1,94.04
ORD2018OCT_5481,5,voucher,1,12.0
ORD2018OCT_9079,1,credit_card,3,112.62
ORD2018OCT_1389,2,voucher,1,2.49
ORD2018OCT_1185,1,credit_card,1,211.18
ORD2018OCT_3940,1,credit_card,6,304.5
ORD2018OCT_5960,1,boleto,1,167.32
ORD2018OCT_3049,1,credit_card,10,853.22
ORD2018OCT_3543,1,credit_card,4,102.05
ORD2018OCT_698,1,credit_card,1,43.29
ORD2018OCT_193,1,credit_card,1,121.98
ORD2018OCT_7809,1,boleto,1,162.83
ORD2018OCT_7059,1,boleto,1,117.8
ORD2018OCT_1612,1,credit_card,3,394.16
ORD2018OCT_3827,1,boleto,1,51.75
ORD2018OCT_4651,1,credit_card,10,790.5
ORD2018OCT_3769,1,credit_card,10,252.89
ORD2018OCT_2546,1,credit_card,4,74.16
ORD2018OCT_412,1,boleto,1,138.65
ORD2018OCT_8065,1,credit_card,6,66.56
ORD2018OCT_7852,1,credit_card,3,147.37
ORD2018OCT_3091,1,credit_card,7,167.29
ORD2018OCT_8874,1,credit_card,7,76.38
ORD2018OCT_60,1,credit_card,1,82.38
ORD2018OCT_743,1,credit_card,4,223.08
ORD2018OCT_9668,1,credit_card,2,287.89
ORD2018OCT_414,1,credit_card,10,320.91
ORD2018OCT_243,1,credit_card,4,168.2
ORD2018OCT_1567,1,credit_card,1,26.77
ORD2018OCT_2394,1,credit_card,2,28.88
ORD2018OCT_3776,1,credit_card,1,37.86
ORD2018OCT_1684,1,credit_card,3,54.06
ORD2018OCT_2227,1,credit_card,1,33.48
ORD2018OCT_6656,1,boleto,1,159.21
ORD2018OCT_6001,1,boleto,1,48.69
ORD2018OCT_4736,1,credit_card,4,53.98
ORD2018OCT_7572,1,credit_card,2,74.87
ORD2018OCT_1156,1,credit_card,3,95.64
ORD2018OCT_6928,1,credit_card,1,167.26
ORD2018OCT_6413,1,credit_card,10,370.72
ORD2018OCT_8430,1,credit_card,1,57.69
ORD2018OCT_6075,1,credit_card,1,26.71
ORD2018OCT_576,1,boleto,1,323.53
ORD2018OCT_7439,1,credit_card,2,159.52
ORD2018OCT_6114,1,credit_card,6,163.6
ORD2018OCT_118,1,credit_card,5,54.31
ORD2018OCT_1519,1,credit_card,5,109.81
ORD2018OCT_7064,1,credit_card,8,190.87
ORD2018OCT_8647,1,credit_card,3,77.57
ORD2018OCT_9725,1,credit_card,1,59.24
ORD2018OCT_2929,1,boleto,1,193.65
ORD2018OCT_4138,1,credit_card,10,158.46
ORD2018OCT_1195,1,credit_card,1,102.93
ORD2018OCT_3097,1,credit_card,5,188.69
ORD2018OCT_9242,1,credit_card,1,301.42
ORD2018OCT_7315,1,boleto,1,52.38
ORD2018OCT_2099,1,credit_card,4,154.72
ORD2018OCT_3051,1,boleto,1,46.78
ORD2018OCT_4939,1,credit_card,7,128.25
ORD2018OCT_371,1,credit_card,2,189.46
ORD2018OCT_6600,1,credit_card,3,45.86
ORD2018OCT_3540,1,debit_card,1,105.8
ORD2018OCT_166,1,credit_card,2,143.81
ORD2018OCT_3756,1,credit_card,1,46.78
ORD2018OCT_1345,7,voucher,1,25.0
ORD2018OCT_9005,1,credit_card,6,68.11
ORD2018OCT_7811,1,boleto,1,112.38
ORD2018OCT_5216,1,credit_card,4,416.86
ORD2018OCT_2484,1,credit_card,5,175.77
ORD2018OCT_3466,1,credit_card,1,3.82
ORD2018OCT_9165,1,credit_card,1,47.0
ORD2018OCT_2197,1,credit_card,3,31.89
ORD2018OCT_6736,1,credit_card,1,95.34
ORD2018OCT_4436,1,credit_card,4,245.29
ORD2018OCT_9730,1,credit_card,4,186.96
ORD2018OCT_682,1,boleto,1,60.1
ORD2018OCT_4218,1,boleto,1,20.38
ORD2018OCT_5209,1,credit_card,8,218.27
ORD2018OCT_3053,1,credit_card,3,204.76
ORD2018OCT_9242,1,boleto,1,65.0
ORD2018OCT_9733,1,credit_card,9,494.87
ORD2018OCT_1162,1,credit_card,1,87.66
ORD2018OCT_2940,1,credit_card,4,43.0
ORD2018OCT_5525,1,credit_card,5,596.27
ORD2018OCT_4505,1,credit_card,1,93.64
ORD2018OCT_6590,1,credit_card,3,419.04
ORD2018OCT_9603,1,credit_card,2,69.73
ORD2018OCT_6199,1,boleto,1,75.69
ORD2018OCT_1079,1,credit_card,10,268.45
ORD2018OCT_9512,1,credit_card,2,185.93
ORD2018OCT_4218,1,credit_card,1,98.13
ORD2018OCT_2104,1,credit_card,1,230.36
ORD2018OCT_3917,1,boleto,1,175.86
ORD2018OCT_5320,1,boleto,1,42.77
ORD2018OCT_7660,1,credit_card,1,30.09
ORD2018OCT_7425,1,credit_card,2,52.59
ORD2018OCT_7126,1,credit_card,8,89.45
ORD2018OCT_3873,1,boleto,1,34.09
ORD2018OCT_404,1,voucher,1,48.22
ORD2018OCT_1593,1,credit_card,3,149.84
ORD2018OCT_8990,2,voucher,1,33.38
ORD2018OCT_1825,1,credit_card,2,42.39
ORD2018OCT_6548,1,credit_card,4,46.69
ORD2018OCT_3521,1,credit_card,1,260.73
ORD2018OCT_3581,1,boleto,1,194.71
ORD2018OCT_3230,1,credit_card,7,152.56
ORD2018OCT_4864,1,credit_card,1,61.62
ORD2018OCT_1971,1,credit_card,6,70.91
ORD2018OCT_173,1,credit_card,2,98.97
ORD2018OCT_5626,1,credit_card,1,38.05
ORD2018OCT_5863,1,credit_card,1,132.59
ORD2018OCT_5704,1,credit_card,1,74.78
ORD2018OCT_600,1,credit_card,1,89.48
ORD2018OCT_6017,1,credit_card,2,177.32
ORD2018OCT_2200,3,voucher,1,39.42
ORD2018OCT_5874,1,boleto,1,95.21
ORD2018OCT_2532,1,credit_card,4,316.85
ORD2018OCT_7050,1,credit_card,5,117.94
ORD2018OCT_9903,1,credit_card,2,130.88
ORD2018OCT_9334,1,credit_card,4,211.72
ORD2018OCT_1609,1,credit_card,2,76.08
ORD2018OCT_9796,1,credit_card,8,202.9
ORD2018OCT_7520,1,credit_card,8,201.95
ORD2018OCT_8788,1,credit_card,1,503.86
ORD2018OCT_4911,1,credit_card,2,142.96
ORD2018OCT_9543,1,credit_card,1,130.56
ORD2018OCT_946,1,credit_card,3,85.6
ORD2018OCT_3437,1,credit_card,1,59.84
ORD2018OCT_1215,1,credit_card,1,72.14
ORD2018OCT_3590,1,credit_card,6,127.92
ORD2018OCT_6986,1,credit_card,1,201.74
ORD2018OCT_1879,1,credit_card,1,81.76
ORD2018OCT_1530,1,credit_card,1,49.04
ORD2018OCT_6359,2,credit_card,2,38.11
ORD2018OCT_9130,2,voucher,1,85.16
ORD2018OCT_6039,1,boleto,1,227.56
ORD2018OCT_5369,1,credit_card,4,45.0
ORD2018OCT_7384,1,credit_card,1,58.13
ORD2018OCT_993,1,credit_card,8,189.19
ORD2018OCT_9331,1,credit_card,1,93.85
ORD2018OCT_5845,1,credit_card,5,54.61
ORD2018OCT_189,1,credit_card,1,41.27
ORD2018OCT_1354,2,voucher,1,150.0
ORD2018OCT_3853,1,credit_card,3,147.65
ORD2018OCT_7028,1,voucher,1,37.78
ORD2018OCT_9424,1,credit_card,2,57.58
ORD2018OCT_2377,1,credit_card,1,143.06
ORD2018OCT_2262,1,credit_card,3,71.15
ORD2018OCT_4065,1,credit_card,1,153.7
ORD2018OCT_8815,1,credit_card,10,230.19
ORD2018OCT_5475,1,credit_card,1,63.28
ORD2018OCT_4247,1,credit_card,1,99.11
ORD2018OCT_2987,1,boleto,1,53.6
ORD2018OCT_2376,2,voucher,1,222.43
ORD2018OCT_8628,1,credit_card,3,299.18
ORD2018OCT_8464,1,credit_card,6,153.36
ORD2018OCT_4032,1,credit_card,4,230.61
ORD2018OCT_2878,1,credit_card,3,81.82
ORD2018OCT_4181,1,boleto,1,208.72
ORD2018OCT_3375,1,credit_card,4,1437.1
ORD2018OCT_3161,1,boleto,1,171.09
ORD2018OCT_5441,1,credit_card,2,120.97
ORD2018OCT_2841,1,credit_card,1,76.18
ORD2018OCT_9695,1,credit_card,3,168.3
ORD2018OCT_7893,1,credit_card,5,53.58
ORD2018OCT_3711,1,credit_card,3,159.16
ORD2018OCT_6608,1,boleto,1,156.12
ORD2018OCT_657,1,credit_card,1,170.62
ORD2018OCT_8344,1,boleto,1,104.38
ORD2018OCT_6907,1,boleto,1,205.47
ORD2018OCT_3388,1,credit_card,5,112.4
ORD2018OCT_1166,2,voucher,1,100.0
ORD2018OCT_9613,1,voucher,1,20.0
ORD2018OCT_9896,1,credit_card,2,27.09
ORD2018OCT_8651,1,credit_card,4,131.16
ORD2018OCT_2615,1,credit_card,1,201.84
ORD2018OCT_1550,1,credit_card,3,217.61
ORD2018OCT_2950,1,credit_card,1,72.43
ORD2018OCT_4384,1,boleto,1,146.96
ORD2018OCT_2685,1,credit_card,3,39.84
ORD2018OCT_9050,1,credit_card,1,202.06
ORD2018OCT_9674,1,credit_card,1,177.29
ORD2018OCT_7632,1,credit_card,5,117.69
ORD2018OCT_4386,1,credit_card,10,285.64
ORD2018OCT_7155,1,credit_card,3,178.5
ORD2018OCT_8411,1,boleto,1,148.83
ORD2018OCT_420,1,boleto,1,190.4
ORD2018OCT_9532,1,credit_card,4,49.43
ORD2018OCT_9898,1,boleto,1,58.94
ORD2018OCT_7718,1,credit_card,4,55.64
ORD2018OCT_3209,1,boleto,1,65.0
ORD2018OCT_553,1,boleto,1,67.96
ORD2018OCT_847,1,credit_card,1,125.99
ORD2018OCT_5275,1,credit_card,2,68.04
ORD2018OCT_8936,1,credit_card,4,319.19
ORD2018OCT_1875,1,credit_card,2,146.66
ORD2018OCT_979,1,boleto,1,61.5
ORD2018OCT_781,1,credit_card,4,142.45
ORD2018OCT_9075,1,credit_card,1,38.93
ORD2018OCT_4102,1,credit_card,1,165.29
ORD2018OCT_5423,1,credit_card,8,159.94
ORD2018OCT_4902,1,boleto,1,71.14
ORD2018OCT_9904,1,credit_card,12,128.65
ORD2018OCT_6605,1,boleto,1,130.88
ORD2018OCT_568,1,credit_card,1,75.74
ORD2018OCT_7997,1,credit_card,1,117.94
ORD2018OCT_5101,1,credit_card,8,182.1
ORD2018OCT_4227,1,credit_card,5,336.27
ORD2018OCT_8228,1,debit_card,1,165.96
ORD2018OCT_9230,1,credit_card,1,109.75
ORD2018OCT_3553,1,credit_card,1,289.14
ORD2018OCT_2294,1,boleto,1,344.96
ORD2018OCT_4303,1,credit_card,4,387.83
ORD2018OCT_9347,1,credit_card,2,94.04
ORD2018OCT_5857,1,boleto,1,295.93
ORD2018OCT_1909,1,boleto,1,186.56
ORD2018OCT_2528,1,boleto,1,100.92
ORD2018OCT_8717,1,boleto,1,41.62
ORD2018OCT_3057,1,credit_card,10,260.92
ORD2018OCT_4967,1,credit_card,2,44.31
ORD2018OCT_1507,1,credit_card,5,108.41
ORD2018OCT_5519,2,voucher,1,172.28
ORD2018OCT_9281,1,credit_card,6,358.29
ORD2018OCT_3787,1,credit_card,1,17.29
ORD2018OCT_9803,1,credit_card,1,98.03
ORD2018OCT_4363,1,credit_card,1,77.57
ORD2018OCT_4256,1,credit_card,1,129.22
ORD2018OCT_8672,1,boleto,1,130.77
ORD2018OCT_9600,1,credit_card,3,83.23
ORD2018OCT_7555,1,boleto,1,53.63
ORD2018OCT_7028,1,boleto,1,160.77
ORD2018OCT_2208,1,boleto,1,1029.84
ORD2018OCT_6314,1,credit_card,4,71.04
ORD2018OCT_6750,1,voucher,1,23.29
ORD2018OCT_1508,1,debit_card,1,154.45
ORD2018OCT_8308,1,credit_card,3,221.96
ORD2018OCT_9386,1,credit_card,7,278.32
ORD2018OCT_1254,1,credit_card,1,88.2
ORD2018OCT_5761,1,credit_card,10,152.25
ORD2018OCT_4291,1,boleto,1,124.18
ORD2018OCT_4415,1,credit_card,2,197.44
ORD2018OCT_7519,1,credit_card,2,68.68
ORD2018OCT_6447,1,credit_card,1,44.08
ORD2018OCT_4206,1,debit_card,1,86.37
ORD2018OCT_9250,1,credit_card,1,125.2
ORD2018OCT_3170,2,voucher,1,30.0
ORD2018OCT_9035,1,credit_card,1,33.68
ORD2018OCT_9795,1,credit_card,3,77.57
ORD2018OCT_6617,1,credit_card,5,82.33
ORD2018OCT_4258,1,credit_card,5,177.52
ORD2018OCT_4373,1,credit_card,2,561.64
ORD2018OCT_9439,1,credit_card,4,285.48
ORD2018OCT_4625,1,credit_card,7,74.77
ORD2018OCT_4384,1,credit_card,2,399.16
ORD2018OCT_5391,1,boleto,1,109.02
ORD2018OCT_1585,1,credit_card,1,25.25
ORD2018OCT_1669,1,credit_card,5,232.71
ORD2018OCT_8168,3,voucher,1,15.42
ORD2018OCT_6382,1,credit_card,1,17.29
ORD2018OCT_8976,6,voucher,1,19.61
ORD2018OCT_3683,1,credit_card,10,1627.84
ORD2018OCT_6711,2,voucher,1,70.49
ORD2018OCT_3486,1,credit_card,6,63.52
ORD2018OCT_1410,1,boleto,1,37.86
ORD2018OCT_7540,1,credit_card,3,32.0
ORD2018OCT_4717,1,credit_card,4,148.78
ORD2018OCT_2725,1,credit_card,3,59.1
ORD2018OCT_2498,1,credit_card,10,175.82
ORD2018OCT_8305,1,credit_card,1,42.1
ORD2018OCT_2062,1,boleto,1,166.04
ORD2018OCT_2348,1,credit_card,8,621.21
ORD2018OCT_302,1,credit_card,1,42.69
ORD2018OCT_6474,1,credit_card,10,186.4
ORD2018OCT_4938,1,credit_card,3,33.43
ORD2018OCT_9596,1,credit_card,3,238.05
ORD2018OCT_7996,1,boleto,1,53.05
ORD2018OCT_8414,1,boleto,1,40.55
ORD2018OCT_7343,1,credit_card,3,151.32
ORD2018OCT_1603,1,credit_card,5,136.71
ORD2018OCT_6597,1,credit_card,1,35.85
ORD2018OCT_9526,1,credit_card,8,1349.05
ORD2018OCT_637,1,credit_card,8,82.5
ORD2018OCT_9181,1,boleto,1,41.01
ORD2018OCT_5230,1,credit_card,9,484.06
ORD2018OCT_6903,1,credit_card,6,140.08
ORD2018OCT_3008,1,credit_card,1,75.05
ORD2018OCT_4608,2,voucher,1,50.0
ORD2018OCT_2596,1,debit_card,1,107.85
ORD2018OCT_7502,1,credit_card,1,5.37
ORD2018OCT_5829,1,credit_card,1,26.73
ORD2018OCT_3522,1,credit_card,5,160.54
ORD2018OCT_9599,1,credit_card,10,109.12
ORD2018OCT_1610,1,credit_card,4,97.79
ORD2018OCT_8766,1,credit_card,2,159.1
ORD2018OCT_6318,1,credit_card,1,4.48
ORD2018OCT_9113,1,credit_card,4,205.07
ORD2018OCT_234,1,credit_card,4,214.31
ORD2018OCT_8425,1,boleto,1,55.0
ORD2018OCT_91,1,credit_card,10,624.79
ORD2018OCT_3756,3,voucher,1,167.38
ORD2018OCT_1251,1,credit_card,2,101.29
ORD2018OCT_6628,2,voucher,1,21.43
ORD2018OCT_498,1,credit_card,10,296.32
ORD2018OCT_2984,1,credit_card,10,617.59
ORD2018OCT_6319,1,credit_card,7,296.73
ORD2018OCT_7786,1,boleto,1,84.12
ORD2018OCT_4361,1,credit_card,1,157.72
ORD2018OCT_5055,1,credit_card,1,93.39
ORD2018OCT_4649,1,credit_card,7,74.97
ORD2018OCT_8697,1,credit_card,8,215.98
ORD2018OCT_2862,1,credit_card,2,296.61
ORD2018OCT_1703,1,credit_card,1,35.69
ORD2018OCT_7047,1,credit_card,4,84.9
ORD2018OCT_3328,1,boleto,1,111.37
ORD2018OCT_8669,1,credit_card,3,148.02
ORD2018OCT_6342,1,credit_card,8,122.62
ORD2018OCT_5702,1,voucher,1,6.66
ORD2018OCT_255,1,credit_card,10,213.74
ORD2018OCT_638,1,credit_card,6,66.64
ORD2018OCT_2392,1,credit_card,1,55.13
ORD2018OCT_6621,1,credit_card,4,232.29
ORD2018OCT_1776,1,credit_card,3,44.49
ORD2018OCT_5242,1,credit_card,2,162.47
ORD2018OCT_7090,1,voucher,1,61.73
ORD2018OCT_7838,1,credit_card,5,336.34
ORD2018OCT_5213,1,credit_card,1,65.0
ORD2018OCT_4119,1,voucher,1,181.93
ORD2018OCT_7300,1,credit_card,8,383.89
ORD2018OCT_5609,1,credit_card,3,87.7
ORD2018OCT_5853,1,credit_card,1,40.26
ORD2018OCT_3432,1,credit_card,1,64.42
ORD2018OCT_3843,1,credit_card,6,155.63
ORD2018OCT_6517,1,credit_card,1,125.43
ORD2018OCT_1107,1,credit_card,3,253.05
ORD2018OCT_1125,2,voucher,1,14.7
ORD2018OCT_3113,1,boleto,1,97.54
ORD2018OCT_756,1,credit_card,1,67.2
ORD2018OCT_9855,1,debit_card,1,30.83
ORD2018OCT_7774,1,credit_card,2,37.99
ORD2018OCT_8221,1,credit_card,2,109.35
ORD2018OCT_6607,1,boleto,1,88.08
ORD2018OCT_1480,1,credit_card,3,96.22
ORD2018OCT_6033,1,credit_card,5,135.17
ORD2018OCT_1499,1,credit_card,1,146.57
ORD2018OCT_7293,1,boleto,1,229.92
ORD2018OCT_5796,1,credit_card,1,15.23
ORD2018OCT_4322,1,credit_card,1,112.07
ORD2018OCT_4031,1,boleto,1,168.03
ORD2018OCT_139,1,credit_card,3,102.03
ORD2018OCT_8564,1,credit_card,1,63.61
ORD2018OCT_5936,1,credit_card,6,83.19
ORD2018OCT_8210,5,voucher,1,9.8
ORD2018OCT_4644,1,boleto,1,224.09
ORD2018OCT_8375,1,credit_card,10,181.15
ORD2018OCT_9728,1,credit_card,2,177.37
ORD2018OCT_1742,1,credit_card,8,519.84
ORD2018OCT_3431,1,credit_card,3,38.86
ORD2018OCT_6910,1,credit_card,1,96.72
ORD2018OCT_2686,1,credit_card,1,60.37
ORD2018OCT_2173,1,credit_card,3,123.61
ORD2018OCT_7088,1,credit_card,2,26.39
ORD2018OCT_7984,1,credit_card,2,57.29
ORD2018OCT_5073,1,boleto,1,89.97
ORD2018OCT_6059,1,credit_card,10,1901.62
ORD2018OCT_663,1,boleto,1,163.98
ORD2018OCT_5911,2,voucher,1,30.0
ORD2018OCT_6428,1,credit_card,3,192.83
ORD2018OCT_5115,10,voucher,1,1.47
ORD2018OCT_2733,1,credit_card,1,0.96
ORD2018OCT_2284,1,credit_card,1,216.0
ORD2018OCT_5477,1,credit_card,1,57.23
ORD2018OCT_1713,1,credit_card,5,59.15
ORD2018OCT_5782,1,boleto,1,71.71
ORD2018OCT_6790,1,credit_card,1,70.05
ORD2018OCT_2222,1,credit_card,1,37.78
ORD2018OCT_725,1,credit_card,2,94.71
ORD2018OCT_6363,1,credit_card,4,45.57
ORD2018OCT_9023,1,credit_card,2,55.78
ORD2018OCT_5797,1,credit_card,2,165.12
ORD2018OCT_6901,1,credit_card,3,38.0
ORD2018OCT_4357,1,credit_card,3,35.77
ORD2018OCT_5089,1,boleto,1,280.65
ORD2018OCT_623,1,credit_card,5,63.18
ORD2018OCT_6121,1,credit_card,2,178.26
ORD2018OCT_164,1,credit_card,1,48.9
ORD2018OCT_424,21,voucher,1,1.45
ORD2018OCT_9126,1,credit_card,2,141.73
ORD2018OCT_2121,1,boleto,1,179.48
ORD2018OCT_6153,1,credit_card,2,76.02
ORD2018OCT_2716,1,credit_card,10,444.25
ORD2018OCT_1699,1,credit_card,10,189.34
ORD2018OCT_3171,1,boleto,1,89.91
ORD2018OCT_6267,1,credit_card,2,42.5
ORD2018OCT_9680,1,credit_card,5,59.0
ORD2018OCT_3471,1,credit_card,1,546.12
ORD2018OCT_7880,1,credit_card,4,41.0
ORD2018OCT_7833,2,voucher,1,22.43
ORD2018OCT_5136,1,credit_card,2,144.58
ORD2018OCT_1508,1,credit_card,9,93.62
ORD2018OCT_3692,2,voucher,1,75.9
ORD2018OCT_3429,1,credit_card,1,27.68
ORD2018OCT_2554,1,credit_card,1,173.67
ORD2018OCT_3597,1,credit_card,4,106.16
ORD2018OCT_5487,1,credit_card,4,86.02
ORD2018OCT_8664,1,credit_card,2,143.65
ORD2018OCT_9437,1,boleto,1,131.78
ORD2018OCT_5035,1,credit_card,10,162.25
ORD2018OCT_6503,1,boleto,1,83.13
ORD2018OCT_8972,1,credit_card,3,31.73
ORD2018OCT_407,1,credit_card,10,368.11
ORD2018OCT_1866,1,boleto,1,276.57
ORD2018OCT_9358,1,credit_card,10,232.72
ORD2018OCT_5536,1,credit_card,4,99.9
ORD2018OCT_43,1,credit_card,1,82.7
ORD2018OCT_807,1,credit_card,1,1.74
ORD2018OCT_4022,1,credit_card,1,37.38
ORD2018OCT_8238,1,credit_card,2,55.46
ORD2018OCT_7332,1,credit_card,1,88.92
ORD2018OCT_945,1,credit_card,1,60.42
ORD2018OCT_6886,1,credit_card,3,132.24
ORD2018OCT_7264,1,boleto,1,255.93
ORD2018OCT_3609,1,boleto,1,147.38
ORD2018OCT_5270,1,credit_card,1,116.79
ORD2018OCT_1933,1,credit_card,3,220.12
ORD2018OCT_5821,1,credit_card,2,119.88
ORD2018OCT_1622,1,credit_card,1,96.8
ORD2018OCT_1721,1,credit_card,2,176.01
ORD2018OCT_9147,1,credit_card,1,37.16
ORD2018OCT_3043,1,credit_card,1,68.84
ORD2018OCT_8367,1,credit_card,7,73.64
ORD2018OCT_2072,1,boleto,1,108.2
ORD2018OCT_7279,1,credit_card,1,55.13
ORD2018OCT_3329,1,credit_card,4,146.32
ORD2018OCT_434,1,credit_card,1,5.15
ORD2018OCT_5464,1,credit_card,2,151.51
ORD2018OCT_6513,1,credit_card,1,129.09
ORD2018OCT_205,1,credit_card,3,62.78
ORD2018OCT_5292,1,credit_card,5,141.33
ORD2018OCT_3168,1,boleto,1,216.15
ORD2018OCT_4834,1,credit_card,4,119.48
ORD2018OCT_1845,1,credit_card,1,94.12
ORD2018OCT_9840,1,boleto,1,1714.02
ORD2018OCT_4734,1,boleto,1,169.37
ORD2018OCT_1560,1,boleto,1,123.89
ORD2018OCT_7443,1,credit_card,7,374.24
ORD2018OCT_9424,1,credit_card,2,116.31
ORD2018OCT_7026,1,boleto,1,238.22
ORD2018OCT_7704,1,credit_card,3,215.07
ORD2018OCT_778,1,credit_card,2,45.27
ORD2018OCT_7593,1,credit_card,2,214.41
ORD2018OCT_3774,1,boleto,1,159.4
ORD2018OCT_4481,2,voucher,1,10.58
ORD2018OCT_5080,1,credit_card,5,57.27
ORD2018OCT_4926,1,boleto,1,69.59
ORD2018OCT_6598,1,boleto,1,29.38
ORD2018OCT_7157,1,credit_card,1,34.81
ORD2018OCT_627,1,credit_card,2,174.42
ORD2018OCT_123,1,credit_card,7,75.82
ORD2018OCT_6496,1,credit_card,1,43.17
ORD2018OCT_2074,1,credit_card,7,367.1
ORD2018OCT_6832,1,credit_card,2,85.24
ORD2018OCT_3058,1,credit_card,1,69.73
ORD2018OCT_2730,1,credit_card,1,62.54
ORD2018OCT_5529,1,credit_card,1,40.42
ORD2018OCT_4922,1,boleto,1,124.2
ORD2018OCT_7694,1,credit_card,1,10.09
ORD2018OCT_9379,1,credit_card,1,56.37
ORD2018OCT_6728,1,credit_card,1,58.27
ORD2018OCT_7613,1,boleto,1,114.85
ORD2018OCT_2285,1,credit_card,3,73.72
ORD2018OCT_3671,1,credit_card,8,103.19
ORD2018OCT_927,1,credit_card,10,353.09
ORD2018OCT_2549,1,credit_card,1,60.7
ORD2018OCT_4305,1,boleto,1,116.36
ORD2018OCT_5540,1,credit_card,6,144.86
ORD2018OCT_2105,1,boleto,1,137.85
ORD2018OCT_6804,1,credit_card,8,369.6
ORD2018OCT_9667,1,credit_card,1,15.45
ORD2018OCT_3577,1,credit_card,1,46.78
ORD2018OCT_6161,1,credit_card,1,92.86
ORD2018OCT_4373,1,credit_card,4,40.22
ORD2018OCT_1733,1,credit_card,3,140.08
ORD2018OCT_9152,1,credit_card,1,156.55
ORD2018OCT_3851,1,credit_card,1,43.68
ORD2018OCT_3060,1,boleto,1,41.59
ORD2018OCT_2511,1,boleto,1,99.01
ORD2018OCT_169,1,credit_card,7,72.79
ORD2018OCT_8193,1,credit_card,1,100.0
ORD2018OCT_2138,1,credit_card,3,83.56
ORD2018OCT_890,1,debit_card,1,132.05
ORD2018OCT_3348,1,boleto,1,647.54
ORD2018OCT_3239,1,credit_card,10,346.44
ORD2018OCT_1129,1,credit_card,1,150.54
ORD2018OCT_7613,1,credit_card,4,93.04
ORD2018OCT_5082,1,credit_card,1,70.02
ORD2018OCT_3159,1,credit_card,6,122.74
ORD2018OCT_580,1,credit_card,5,59.12
ORD2018OCT_8060,1,credit_card,7,142.99
ORD2018OCT_473,1,credit_card,1,1318.06
ORD2018OCT_5282,1,credit_card,5,53.62
ORD2018OCT_6042,1,boleto,1,202.63
ORD2018OCT_126,1,credit_card,10,105.28
ORD2018OCT_8935,1,credit_card,1,36.84
ORD2018OCT_8580,1,credit_card,24,588.58
ORD2018OCT_6688,1,credit_card,1,47.23
ORD2018OCT_5882,1,credit_card,1,54.0
ORD2018OCT_2205,3,voucher,1,14.41
ORD2018OCT_242,1,credit_card,2,139.16
ORD2018OCT_6066,1,boleto,1,128.05
ORD2018OCT_2719,1,credit_card,2,359.67
ORD2018OCT_9053,1,credit_card,8,168.73
ORD2018OCT_8397,1,credit_card,1,42.26
ORD2018OCT_2861,1,credit_card,1,113.09
ORD2018OCT_4585,1,credit_card,4,257.11
ORD2018OCT_1116,1,credit_card,3,600.0
ORD2018OCT_6987,1,credit_card,12,219.21
ORD2018OCT_8477,1,boleto,1,59.49
ORD2018OCT_6488,1,credit_card,10,456.45
ORD2018OCT_6481,1,credit_card,3,169.93
ORD2018OCT_4371,1,credit_card,4,123.27
ORD2018OCT_3672,1,boleto,1,114.84
ORD2018OCT_1723,5,voucher,1,15.0
ORD2018OCT_224,1,credit_card,2,77.1
ORD2018OCT_5380,1,boleto,1,125.42
ORD2018OCT_2463,1,credit_card,8,714.5
ORD2018OCT_6539,1,credit_card,7,73.34
ORD2018OCT_4015,1,credit_card,2,73.34
ORD2018OCT_2438,1,credit_card,10,215.56
ORD2018OCT_6429,1,credit_card,7,77.57
ORD2018OCT_1820,1,credit_card,4,240.22
ORD2018OCT_681,1,credit_card,1,95.72
ORD2018OCT_1263,1,credit_card,2,115.35
ORD2018OCT_5955,1,credit_card,1,31.38
ORD2018OCT_1130,1,credit_card,6,614.63
ORD2018OCT_2011,1,boleto,1,51.09
ORD2018OCT_8356,1,credit_card,4,206.92
ORD2018OCT_8423,1,credit_card,10,321.38
ORD2018OCT_6753,1,credit_card,1,24.38
ORD2018OCT_3292,1,boleto,1,703.73
ORD2018OCT_5177,1,credit_card,6,639.34
ORD2018OCT_6323,1,boleto,1,148.15
ORD2018OCT_7543,1,boleto,1,46.01
ORD2018OCT_6987,2,voucher,1,290.77
ORD2018OCT_3669,1,credit_card,1,70.02
ORD2018OCT_2122,1,credit_card,10,497.91
ORD2018OCT_264,1,credit_card,1,122.37
ORD2018OCT_1300,1,boleto,1,486.3
ORD2018OCT_8766,1,credit_card,1,60.0
ORD2018OCT_1209,1,credit_card,9,319.11
ORD2018OCT_9468,3,voucher,1,16.07
ORD2018OCT_8877,1,credit_card,1,21.09
ORD2018OCT_3285,1,credit_card,1,43.22
ORD2018OCT_8616,1,credit_card,3,165.67
ORD2018OCT_9042,1,credit_card,1,370.55
ORD2018OCT_894,1,credit_card,8,352.55
ORD2018OCT_1304,1,credit_card,6,112.95
ORD2018OCT_4237,1,credit_card,5,371.93
ORD2018OCT_2658,1,boleto,1,27.75
ORD2018OCT_4041,1,credit_card,3,78.51
ORD2018OCT_2594,1,credit_card,4,175.77
ORD2018OCT_7885,1,credit_card,8,354.26
ORD2018OCT_3442,1,credit_card,4,110.71
ORD2018OCT_2057,1,credit_card,6,62.59
ORD2018OCT_2751,1,credit_card,2,373.11
ORD2018OCT_8426,1,credit_card,3,152.66
ORD2018OCT_6001,1,credit_card,4,103.75
ORD2018OCT_7750,1,credit_card,2,42.68
ORD2018OCT_9626,1,boleto,1,117.85
ORD2018OCT_8552,1,credit_card,1,92.19
ORD2018OCT_9166,1,boleto,1,457.82
ORD2018OCT_7989,1,credit_card,5,284.54
ORD2018OCT_386,1,boleto,1,116.96
ORD2018OCT_4864,1,boleto,1,107.3
ORD2018OCT_2912,1,credit_card,2,83.33
ORD2018OCT_2954,1,boleto,1,145.14
ORD2018OCT_4952,1,credit_card,8,293.75
ORD2018OCT_7374,1,credit_card,1,99.92
ORD2018OCT_9228,1,boleto,1,183.84
ORD2018OCT_917,1,credit_card,4,201.65
ORD2018OCT_5948,3,voucher,1,38.17
ORD2018OCT_2174,1,credit_card,1,50.85
ORD2018OCT_7615,1,credit_card,6,223.14
ORD2018OCT_9631,1,credit_card,2,235.28
ORD2018OCT_5437,1,credit_card,2,247.05
ORD2018OCT_7074,1,credit_card,6,546.78
ORD2018OCT_2822,1,credit_card,3,358.82
ORD2018OCT_8195,1,credit_card,1,61.87
ORD2018OCT_7146,1,credit_card,1,33.84
ORD2018OCT_1218,1,boleto,1,685.88
ORD2018OCT_1413,1,credit_card,1,123.5
ORD2018OCT_5008,1,boleto,1,212.97
ORD2018OCT_9586,1,boleto,1,105.06
ORD2018OCT_2907,1,credit_card,4,80.77
ORD2018OCT_4707,1,credit_card,2,199.52
ORD2018OCT_9832,2,voucher,1,198.88
ORD2018OCT_8955,1,credit_card,6,124.97
ORD2018OCT_5453,1,credit_card,2,64.0
ORD2018OCT_2877,1,credit_card,10,187.02
ORD2018OCT_4177,1,credit_card,5,190.33
ORD2018OCT_1471,1,credit_card,3,132.39
ORD2018OCT_7094,1,credit_card,3,118.17
ORD2018OCT_8239,1,credit_card,6,301.75
ORD2018OCT_6975,1,boleto,1,134.47
ORD2018OCT_4192,1,credit_card,2,58.78
ORD2018OCT_1589,1,credit_card,1,223.82
ORD2018OCT_3634,1,credit_card,2,138.15
ORD2018OCT_8861,1,credit_card,10,112.3
ORD2018OCT_234,2,voucher,1,80.01
ORD2018OCT_4095,1,credit_card,2,247.76
ORD2018OCT_3364,1,credit_card,5,183.65
ORD2018OCT_5493,1,credit_card,1,76.51
ORD2018OCT_9132,1,credit_card,5,94.77
ORD2018OCT_7362,1,credit_card,10,2234.66
ORD2018OCT_4369,1,credit_card,1,33.09
ORD2018OCT_7648,1,credit_card,2,69.24
ORD2018OCT_1392,1,credit_card,2,109.17
ORD2018OCT_3399,1,credit_card,4,113.59
ORD2018OCT_1946,1,credit_card,6,61.77
ORD2018OCT_6131,1,credit_card,1,87.7
ORD2018OCT_7699,1,credit_card,3,50.87
ORD2018OCT_8891,1,credit_card,10,175.85
ORD2018OCT_72,1,credit_card,1,20.89
ORD2018OCT_439,1,credit_card,8,120.06
ORD2018OCT_5867,1,credit_card,1,160.24
ORD2018OCT_5935,1,boleto,1,22.68
ORD2018OCT_3038,1,credit_card,3,93.65
ORD2018OCT_318,1,credit_card,1,48.56
ORD2018OCT_72,1,credit_card,5,105.73
ORD2018OCT_9886,1,credit_card,1,34.13
ORD2018OCT_5199,1,credit_card,3,76.65
ORD2018OCT_7772,1,boleto,1,68.89
ORD2018OCT_9045,2,voucher,1,44.32
ORD2018OCT_133,1,credit_card,2,79.04
ORD2018OCT_830,1,credit_card,2,129.24
ORD2018OCT_5840,1,credit_card,2,77.61
ORD2018OCT_7037,1,credit_card,1,62.17
ORD2018OCT_4440,1,credit_card,1,55.79
ORD2018OCT_5644,1,boleto,1,126.23
ORD2018OCT_959,1,credit_card,6,193.32
ORD2018OCT_8309,1,credit_card,5,137.01
ORD2018OCT_2632,1,credit_card,5,52.38
ORD2018OCT_7765,1,boleto,1,118.84
ORD2018OCT_1904,1,credit_card,1,49.71
ORD2018OCT_1951,1,debit_card,1,140.33
ORD2018OCT_3601,1,credit_card,1,40.62
ORD2018OCT_8213,1,credit_card,1,67.68
ORD2018OCT_2403,1,credit_card,2,53.8
ORD2018OCT_407,1,boleto,1,70.89
ORD2018OCT_573,1,credit_card,1,28.17
ORD2018OCT_9019,1,boleto,1,78.42
ORD2018OCT_3421,1,debit_card,1,61.77
ORD2018OCT_2630,1,credit_card,8,216.58
ORD2018OCT_3309,1,credit_card,10,173.75
ORD2018OCT_5802,1,credit_card,1,30.1
ORD2018OCT_2159,1,credit_card,1,73.25
ORD2018OCT_9210,1,credit_card,3,32.77
ORD2018OCT_7135,1,credit_card,3,152.78
ORD2018OCT_3352,1,credit_card,1,60.0
ORD2018OCT_4417,1,debit_card,1,38.27
ORD2018OCT_9658,1,credit_card,3,108.52
ORD2018OCT_9620,1,credit_card,1,84.0
ORD2018OCT_6001,1,credit_card,1,46.13
ORD2018OCT_2720,1,boleto,1,104.69
ORD2018OCT_196,1,boleto,1,78.38
ORD2018OCT_3629,1,credit_card,3,148.75
ORD2018OCT_8936,1,boleto,1,43.49
ORD2018OCT_6974,1,boleto,1,41.09
ORD2018OCT_7459,1,boleto,1,210.0
ORD2018OCT_3132,1,credit_card,2,131.44
ORD2018OCT_529,1,credit_card,1,224.17
ORD2018OCT_5858,1,credit_card,1,96.47
ORD2018OCT_5297,1,credit_card,2,195.6
ORD2018OCT_9402,1,credit_card,1,133.56
ORD2018OCT_9603,1,credit_card,2,58.01
ORD2018OCT_2141,1,credit_card,3,110.55
ORD2018OCT_7870,1,credit_card,1,77.57
ORD2018OCT_7453,1,credit_card,1,31.75
ORD2018OCT_7471,1,credit_card,2,126.74
ORD2018OCT_9144,1,boleto,1,84.56
ORD2018OCT_995,1,credit_card,2,128.88
ORD2018OCT_9747,1,credit_card,2,93.66
ORD2018OCT_5092,1,credit_card,10,160.21
ORD2018OCT_4106,1,boleto,1,85.58
ORD2018OCT_9319,1,credit_card,10,209.65
ORD2018OCT_6020,1,boleto,1,361.82
ORD2018OCT_2729,1,credit_card,1,29.2
ORD2018OCT_1050,1,credit_card,6,176.26
ORD2018OCT_1194,1,boleto,1,110.71
ORD2018OCT_1553,1,credit_card,2,134.94
ORD2018OCT_6795,1,credit_card,1,7.9
ORD2018OCT_9415,1,boleto,1,554.4
ORD2018OCT_8639,1,credit_card,1,44.89
ORD2018OCT_5420,1,voucher,1,20.0
ORD2018OCT_292,1,credit_card,2,71.24
ORD2018OCT_3973,1,credit_card,4,216.64
ORD2018OCT_6998,1,credit_card,1,43.54
ORD2018OCT_7691,1,boleto,1,53.63
ORD2018OCT_4899,1,credit_card,4,227.6
ORD2018OCT_5528,1,credit_card,1,65.01
ORD2018OCT_8310,1,boleto,1,65.09
ORD2018OCT_7711,1,boleto,1,76.89
ORD2018OCT_630,1,credit_card,1,47.64
ORD2018OCT_7075,1,credit_card,4,52.22
ORD2018OCT_8333,1,credit_card,2,105.83
ORD2018OCT_8624,2,voucher,1,31.73
ORD2018OCT_370,1,boleto,1,135.4
ORD2018OCT_9851,1,boleto,1,70.62
ORD2018OCT_5359,1,credit_card,8,371.28
ORD2018OCT_9692,1,boleto,1,178.81
ORD2018OCT_9510,2,voucher,1,12.66
ORD2018OCT_138,1,credit_card,4,58.99
ORD2018OCT_2113,1,credit_card,1,35.72
ORD2018OCT_9858,1,credit_card,6,65.2
ORD2018OCT_2453,1,credit_card,3,180.29
ORD2018OCT_7624,1,credit_card,10,201.45
ORD2018OCT_7818,1,credit_card,10,165.53
ORD2018OCT_3051,1,credit_card,1,61.68
ORD2018OCT_1324,1,credit_card,1,498.14
ORD2018OCT_5112,1,credit_card,1,47.38
ORD2018OCT_8606,1,credit_card,8,158.79
ORD2018OCT_2072,1,boleto,1,202.16
ORD2018OCT_1523,1,credit_card,1,96.62
ORD2018OCT_4705,1,credit_card,7,76.02
ORD2018OCT_7846,1,credit_card,2,133.53
ORD2018OCT_8334,1,credit_card,1,71.23
ORD2018OCT_9430,1,credit_card,1,177.14
ORD2018OCT_6439,1,credit_card,2,73.34
ORD2018OCT_4407,1,boleto,1,947.72
ORD2018OCT_7924,1,credit_card,3,143.28
ORD2018OCT_569,1,credit_card,2,117.85
ORD2018OCT_5137,1,debit_card,1,299.18
ORD2018OCT_3800,3,voucher,1,50.0
ORD2018OCT_1854,1,credit_card,1,89.21
ORD2018OCT_2803,1,credit_card,6,639.98
ORD2018OCT_5951,1,credit_card,6,546.25
ORD2018OCT_502,1,boleto,1,145.12
ORD2018OCT_9850,1,credit_card,4,46.22
ORD2018OCT_2349,1,credit_card,3,38.01
ORD2018OCT_1457,1,credit_card,8,88.32
ORD2018OCT_2318,1,credit_card,2,133.76
ORD2018OCT_9642,1,credit_card,10,1075.74
ORD2018OCT_7186,1,credit_card,1,86.08
ORD2018OCT_7415,1,credit_card,3,37.38
ORD2018OCT_8689,1,credit_card,10,245.7
ORD2018OCT_187,1,credit_card,7,116.94
ORD2018OCT_4697,1,credit_card,3,389.84
ORD2018OCT_2790,1,boleto,1,27.35
ORD2018OCT_6754,1,credit_card,10,818.33
ORD2018OCT_7926,1,credit_card,3,87.94
ORD2018OCT_2940,1,credit_card,2,85.08
ORD2018OCT_3407,1,credit_card,9,97.38
ORD2018OCT_4886,1,boleto,1,101.51
ORD2018OCT_6784,1,credit_card,3,73.42
ORD2018OCT_1068,1,credit_card,4,107.95
ORD2018OCT_5966,1,credit_card,1,29.08
ORD2018OCT_6030,2,voucher,1,60.0
ORD2018OCT_7177,1,boleto,1,106.2
ORD2018OCT_5446,1,credit_card,1,492.56
ORD2018OCT_3399,1,credit_card,6,76.73
ORD2018OCT_9327,1,credit_card,6,148.28
ORD2018OCT_5670,1,credit_card,1,61.05
ORD2018OCT_3581,1,credit_card,1,101.24
ORD2018OCT_4983,1,credit_card,10,178.06
ORD2018OCT_9396,1,credit_card,7,73.61
ORD2018OCT_2485,1,credit_card,1,45.5
ORD2018OCT_4113,1,credit_card,8,214.27
ORD2018OCT_8679,1,credit_card,4,106.39
ORD2018OCT_7340,1,credit_card,4,46.19
ORD2018OCT_5730,1,boleto,1,81.72
ORD2018OCT_8787,1,credit_card,1,105.15
ORD2018OCT_2858,1,credit_card,2,118.65
ORD2018OCT_8272,1,boleto,1,150.37
ORD2018OCT_8898,1,credit_card,3,311.1
ORD2018OCT_3262,1,credit_card,2,96.1
ORD2018OCT_1295,1,credit_card,2,146.87
ORD2018OCT_4719,1,credit_card,3,191.52
ORD2018OCT_8975,1,credit_card,8,809.58
ORD2018OCT_2988,1,debit_card,1,86.4
ORD2018OCT_2693,1,boleto,1,46.39
ORD2018OCT_6237,1,boleto,1,58.82
ORD2018OCT_4843,1,credit_card,4,209.37
ORD2018OCT_1274,1,credit_card,1,40.01
ORD2018OCT_416,1,credit_card,1,122.8
ORD2018OCT_7617,1,credit_card,3,39.09
ORD2018OCT_2552,1,credit_card,1,286.09
ORD2018OCT_2292,1,credit_card,4,86.97
ORD2018OCT_1722,1,credit_card,3,126.54
ORD2018OCT_6914,1,credit_card,1,118.0
ORD2018OCT_6618,1,credit_card,10,188.2
ORD2018OCT_2895,1,credit_card,2,312.64
ORD2018OCT_2673,1,credit_card,1,19.62
ORD2018OCT_3257,1,credit_card,3,69.7
ORD2018OCT_2113,1,credit_card,10,596.27
ORD2018OCT_8106,1,credit_card,6,81.05
ORD2018OCT_2052,1,boleto,1,68.02
ORD2018OCT_9870,1,credit_card,10,143.01
ORD2018OCT_110,1,credit_card,4,97.8
ORD2018OCT_6395,1,credit_card,3,31.69
ORD2018OCT_1610,1,boleto,1,113.62
ORD2018OCT_5852,1,credit_card,2,125.88
ORD2018OCT_7015,1,credit_card,1,85.58
ORD2018OCT_8794,1,credit_card,1,44.95
ORD2018OCT_8892,1,credit_card,1,0.54
ORD2018OCT_4570,1,boleto,1,649.15
ORD2018OCT_6827,1,credit_card,1,123.69
ORD2018OCT_9569,1,boleto,1,58.16
ORD2018OCT_2783,1,credit_card,3,55.83
ORD2018OCT_9881,1,credit_card,1,25.75
ORD2018OCT_522,1,credit_card,1,88.58
ORD2018OCT_1190,1,credit_card,1,348.46
ORD2018OCT_8277,1,credit_card,3,32.65
ORD2018OCT_2690,1,credit_card,3,174.86
ORD2018OCT_5961,1,boleto,1,66.69
ORD2018OCT_1810,1,credit_card,6,116.9
ORD2018OCT_496,1,credit_card,1,40.87
ORD2018OCT_923,1,credit_card,1,10.81
ORD2018OCT_478,1,credit_card,1,76.07
ORD2018OCT_983,1,debit_card,1,68.0
ORD2018OCT_1913,1,voucher,1,20.0
ORD2018OCT_8754,1,boleto,1,165.8
ORD2018OCT_1385,1,credit_card,2,69.03
ORD2018OCT_1426,1,credit_card,1,46.85
ORD2018OCT_5971,1,credit_card,2,58.69
ORD2018OCT_8394,1,credit_card,10,309.57
ORD2018OCT_7389,1,boleto,1,2202.4
ORD2018OCT_2105,1,credit_card,3,76.17
ORD2018OCT_2057,1,credit_card,1,37.0
ORD2018OCT_1239,1,boleto,1,73.07
ORD2018OCT_3775,1,credit_card,3,226.48
ORD2018OCT_5793,1,boleto,1,69.2
ORD2018OCT_3374,1,boleto,1,98.45
ORD2018OCT_3980,1,credit_card,5,348.46
ORD2018OCT_2915,1,boleto,1,35.14
ORD2018OCT_2331,1,credit_card,4,121.98
ORD2018OCT_1070,1,credit_card,1,95.21
ORD2018OCT_5001,1,credit_card,1,79.28
ORD2018OCT_5514,1,credit_card,1,56.39
ORD2018OCT_3040,1,credit_card,8,188.89
ORD2018OCT_4339,1,boleto,1,260.43
ORD2018OCT_2104,1,credit_card,1,59.74
ORD2018OCT_9840,1,credit_card,1,95.36
ORD2018OCT_7817,1,credit_card,1,144.47
ORD2018OCT_9390,1,credit_card,1,67.83
ORD2018OCT_2812,1,credit_card,1,72.67
ORD2018OCT_9791,1,credit_card,1,182.39
ORD2018OCT_2272,1,credit_card,2,92.11
ORD2018OCT_9111,1,credit_card,7,154.46
ORD2018OCT_4779,1,credit_card,1,98.09
ORD2018OCT_6167,1,credit_card,8,154.4
ORD2018OCT_9411,1,credit_card,7,638.55
ORD2018OCT_2513,1,boleto,1,88.19
ORD2018OCT_8294,1,credit_card,3,33.51
ORD2018OCT_6296,1,credit_card,10,207.65
ORD2018OCT_1644,2,voucher,1,100.0
ORD2018OCT_8739,1,credit_card,1,123.61
ORD2018OCT_1309,2,voucher,1,27.75
ORD2018OCT_6916,1,credit_card,1,10.17
ORD2018OCT_8545,1,boleto,1,116.79
ORD2018OCT_7877,1,voucher,1,53.36
ORD2018OCT_1,1,boleto,1,467.9
ORD2018OCT_2443,1,credit_card,3,33.84
ORD2018OCT_8605,1,credit_card,8,137.4
ORD2018OCT_2564,1,credit_card,4,79.18
ORD2018OCT_3912,1,boleto,1,144.14
ORD2018OCT_8605,1,credit_card,3,59.62
ORD2018OCT_4733,1,credit_card,1,38.1
ORD2018OCT_3887,1,credit_card,1,49.73
ORD2018OCT_8936,2,voucher,1,161.18
ORD2018OCT_5445,1,credit_card,1,234.39
ORD2018OCT_4206,1,credit_card,2,74.03
ORD2018OCT_4717,1,credit_card,1,16.28
ORD2018OCT_5904,1,boleto,1,385.57
ORD2018OCT_476,1,credit_card,1,72.66
ORD2018OCT_7467,1,boleto,1,185.62
ORD2018OCT_6353,1,credit_card,2,76.94
ORD2018OCT_7311,1,credit_card,1,57.6
ORD2018OCT_5631,6,voucher,1,2.85
ORD2018OCT_3371,1,credit_card,1,124.42
ORD2018OCT_4853,1,credit_card,3,152.17
ORD2018OCT_1615,1,credit_card,5,265.49
ORD2018OCT_7670,1,boleto,1,389.43
ORD2018OCT_2480,1,credit_card,7,207.1
ORD2018OCT_4987,2,voucher,1,900.0
ORD2018OCT_519,2,voucher,1,76.9
ORD2018OCT_5,1,credit_card,6,99.43
ORD2018OCT_8286,1,credit_card,1,43.0
ORD2018OCT_4681,1,credit_card,1,130.4
ORD2018OCT_339,1,credit_card,2,73.2
ORD2018OCT_6742,1,boleto,1,543.29
ORD2018OCT_5073,1,credit_card,6,355.48
ORD2018OCT_7598,1,credit_card,4,253.82
ORD2018OCT_9461,1,boleto,1,68.25
ORD2018OCT_4581,1,credit_card,1,101.25
ORD2018OCT_4526,1,boleto,1,51.0
ORD2018OCT_8370,1,credit_card,2,175.16
ORD2018OCT_6399,1,credit_card,5,123.29
ORD2018OCT_9460,1,boleto,1,50.84
ORD2018OCT_1047,1,credit_card,2,140.33
ORD2018OCT_5621,1,credit_card,2,53.87
ORD2018OCT_156,1,boleto,1,33.2
ORD2018OCT_5252,7,voucher,1,16.11
ORD2018OCT_1624,1,credit_card,1,129.49
ORD2018OCT_3755,1,credit_card,3,49.0
ORD2018OCT_3655,1,credit_card,5,107.85
ORD2018OCT_9000,1,credit_card,1,28.88
ORD2018OCT_135,1,credit_card,1,32.0
ORD2018OCT_7390,1,boleto,1,39.62
ORD2018OCT_4200,1,credit_card,4,78.18
ORD2018OCT_6426,1,credit_card,1,51.64
ORD2018OCT_3919,1,credit_card,3,155.14
ORD2018OCT_9268,1,credit_card,4,85.36
ORD2018OCT_5099,1,credit_card,4,80.89
ORD2018OCT_6027,1,boleto,1,50.96
ORD2018OCT_6124,1,credit_card,2,56.78
ORD2018OCT_3917,1,credit_card,2,157.21
ORD2018OCT_5846,1,voucher,1,196.7
ORD2018OCT_1484,1,credit_card,1,87.51
ORD2018OCT_7519,1,boleto,1,37.09
ORD2018OCT_9729,1,credit_card,10,218.45
ORD2018OCT_4939,1,boleto,1,139.61
ORD2018OCT_4711,1,credit_card,1,98.32
ORD2018OCT_5753,1,credit_card,6,155.05
ORD2018OCT_5263,1,credit_card,4,356.9
ORD2018OCT_3612,1,voucher,1,327.47
ORD2018OCT_2225,1,credit_card,8,331.73
ORD2018OCT_3729,1,credit_card,4,738.57
ORD2018OCT_2376,1,boleto,1,139.0
ORD2018OCT_1761,1,credit_card,1,169.29
ORD2018OCT_1703,1,credit_card,2,117.17
ORD2018OCT_5947,1,boleto,1,124.42
ORD2018OCT_8693,1,credit_card,1,88.62
ORD2018OCT_7406,1,credit_card,10,234.56
ORD2018OCT_7104,2,voucher,1,100.0
ORD2018OCT_8572,1,credit_card,1,135.0
ORD2018OCT_8294,1,credit_card,1,98.62
ORD2018OCT_4772,1,credit_card,2,42.18
ORD2018OCT_4501,1,credit_card,1,36.6
ORD2018OCT_2300,2,voucher,1,44.49
ORD2018OCT_154,1,credit_card,1,61.59
ORD2018OCT_598,1,credit_card,2,81.63
ORD2018OCT_9384,1,credit_card,1,32.43
ORD2018OCT_8783,1,credit_card,6,212.15
ORD2018OCT_7765,1,credit_card,2,122.53
ORD2018OCT_6947,1,voucher,1,90.99
ORD2018OCT_4849,1,credit_card,1,63.22
ORD2018OCT_5744,1,credit_card,4,102.2
ORD2018OCT_6411,1,boleto,1,86.25
ORD2018OCT_4868,1,credit_card,5,224.07
ORD2018OCT_9581,1,credit_card,2,116.46
ORD2018OCT_2038,1,credit_card,3,239.23
ORD2018OCT_7901,1,credit_card,2,142.96
ORD2018OCT_8635,1,credit_card,2,162.91
ORD2018OCT_9363,1,credit_card,5,136.3
ORD2018OCT_2571,1,credit_card,8,83.06
ORD2018OCT_8436,1,boleto,1,52.23
ORD2018OCT_9265,1,credit_card,1,59.34
ORD2018OCT_8362,1,credit_card,6,62.29
ORD2018OCT_3831,1,credit_card,3,145.99
ORD2018OCT_3735,3,voucher,1,37.01
ORD2018OCT_8903,1,credit_card,1,45.48
ORD2018OCT_6792,1,credit_card,2,158.92
ORD2018OCT_7947,1,credit_card,1,70.34
ORD2018OCT_4462,1,credit_card,7,77.57
ORD2018OCT_4927,1,credit_card,1,58.6
ORD2018OCT_6489,1,credit_card,4,86.08
ORD2018OCT_4178,1,credit_card,1,125.43
ORD2018OCT_8091,1,credit_card,3,125.38
ORD2018OCT_4636,1,boleto,1,71.64
ORD2018OCT_3868,1,boleto,1,40.78
ORD2018OCT_1557,1,credit_card,5,169.23
ORD2018OCT_8580,1,credit_card,1,89.27
ORD2018OCT_214,1,credit_card,8,573.45
ORD2018OCT_3409,1,credit_card,9,96.92
ORD2018OCT_7000,1,credit_card,2,28.85
ORD2018OCT_2220,1,credit_card,1,24.22
ORD2018OCT_9569,1,credit_card,5,165.94
ORD2018OCT_3854,1,boleto,1,94.74
ORD2018OCT_3031,1,boleto,1,130.82
ORD2018OCT_643,1,credit_card,5,51.19
ORD2018OCT_650,1,credit_card,1,51.1
ORD2018OCT_2812,1,credit_card,2,221.9
ORD2018OCT_7104,1,credit_card,2,56.39
ORD2018OCT_2447,1,credit_card,2,30.0
ORD2018OCT_324,1,credit_card,5,413.97
ORD2018OCT_9489,1,credit_card,1,55.1
ORD2018OCT_8686,1,credit_card,2,106.78
ORD2018OCT_4085,1,credit_card,2,179.99
ORD2018OCT_7846,1,credit_card,8,151.4
ORD2018OCT_7647,1,boleto,1,58.78
ORD2018OCT_8240,1,boleto,1,36.88
ORD2018OCT_2774,1,credit_card,1,79.64
ORD2018OCT_6126,1,credit_card,6,64.51
ORD2018OCT_802,1,credit_card,1,25.97
ORD2018OCT_9222,1,credit_card,15,377.07
ORD2018OCT_7889,1,credit_card,10,136.47
ORD2018OCT_4379,1,credit_card,3,378.57
ORD2018OCT_3687,1,boleto,1,32.62
ORD2018OCT_6791,1,credit_card,1,78.71
ORD2018OCT_6899,1,credit_card,3,112.41
ORD2018OCT_8381,1,credit_card,2,109.39
ORD2018OCT_2754,1,boleto,1,62.65
ORD2018OCT_7499,1,credit_card,3,35.05
ORD2018OCT_8390,1,credit_card,4,218.64
ORD2018OCT_8699,1,boleto,1,210.29
ORD2018OCT_7588,1,credit_card,4,93.52
ORD2018OCT_8570,1,boleto,1,647.54
ORD2018OCT_956,1,credit_card,1,57.62
ORD2018OCT_9611,1,credit_card,2,139.69
ORD2018OCT_5226,1,credit_card,10,123.27
ORD2018OCT_9846,1,credit_card,8,232.97
ORD2018OCT_30,1,credit_card,6,245.47
ORD2018OCT_6176,1,credit_card,2,133.04
ORD2018OCT_336,1,credit_card,3,70.54
ORD2018OCT_9704,1,credit_card,2,403.36
ORD2018OCT_8622,1,credit_card,2,66.5
ORD2018OCT_8846,1,credit_card,4,666.68
ORD2018OCT_19,1,credit_card,1,171.77
ORD2018OCT_986,1,credit_card,4,318.17
ORD2018OCT_2431,1,boleto,1,56.85
ORD2018OCT_7469,1,credit_card,5,143.04
ORD2018OCT_780,1,credit_card,1,44.09
ORD2018OCT_4377,1,boleto,1,87.51
ORD2018OCT_4242,1,credit_card,1,88.08
ORD2018OCT_7299,1,credit_card,3,156.58
ORD2018OCT_3351,1,credit_card,5,133.57
ORD2018OCT_675,2,voucher,1,20.0
ORD2018OCT_9851,2,voucher,1,5.97
ORD2018OCT_6600,1,boleto,1,252.69
ORD2018OCT_898,1,boleto,1,68.89
ORD2018OCT_6669,2,voucher,1,41.54
ORD2018OCT_1143,1,credit_card,2,69.77
ORD2018OCT_5026,2,voucher,1,41.89
ORD2018OCT_3828,1,credit_card,6,325.54
ORD2018OCT_7564,1,credit_card,4,79.08
ORD2018OCT_6792,1,boleto,1,78.84
ORD2018OCT_4813,1,credit_card,1,45.1
ORD2018OCT_2629,1,boleto,1,63.31
ORD2018OCT_2301,1,credit_card,1,130.11
ORD2018OCT_2943,1,credit_card,1,215.01
ORD2018OCT_9252,1,credit_card,2,98.83
ORD2018OCT_3625,1,credit_card,8,178.71
ORD2018OCT_885,1,credit_card,1,135.6
ORD2018OCT_649,1,credit_card,2,60.0
ORD2018OCT_4321,1,credit_card,7,158.3
ORD2018OCT_8244,1,credit_card,8,81.78
ORD2018OCT_772,1,credit_card,1,124.52
ORD2018OCT_9917,1,debit_card,1,105.29
ORD2018OCT_2735,1,credit_card,1,37.47
ORD2018OCT_9648,1,credit_card,4,140.98
ORD2018OCT_8026,1,credit_card,6,191.58
ORD2018OCT_3922,1,credit_card,2,201.74
ORD2018OCT_666,1,credit_card,2,21.24
ORD2018OCT_4951,1,boleto,1,45.74
ORD2018OCT_3233,1,credit_card,9,186.49
ORD2018OCT_7722,1,credit_card,10,222.19
ORD2018OCT_2492,1,boleto,1,198.62
ORD2018OCT_6937,1,boleto,1,46.58
ORD2018OCT_4518,2,debit_card,1,35.0
ORD2018OCT_9701,2,voucher,1,50.0
ORD2018OCT_5292,1,credit_card,1,24.51
ORD2018OCT_1931,1,credit_card,5,82.98
ORD2018OCT_6373,1,credit_card,2,102.74
ORD2018OCT_4717,1,credit_card,1,214.17
ORD2018OCT_8357,1,credit_card,3,158.65
ORD2018OCT_1943,1,credit_card,3,150.47
ORD2018OCT_4613,1,boleto,1,162.64
ORD2018OCT_2462,1,credit_card,8,211.89
ORD2018OCT_4219,1,credit_card,3,222.68
ORD2018OCT_7850,1,credit_card,10,504.56
ORD2018OCT_3917,1,credit_card,2,157.73
ORD2018OCT_5380,1,credit_card,6,69.72
ORD2018OCT_6212,1,boleto,1,61.09
ORD2018OCT_3966,1,boleto,1,161.55
ORD2018OCT_2055,1,credit_card,5,59.1
ORD2018OCT_8826,1,credit_card,5,105.66
ORD2018OCT_1006,1,credit_card,1,5.45
ORD2018OCT_3391,1,credit_card,9,99.9
ORD2018OCT_5039,1,boleto,1,138.6
ORD2018OCT_7202,1,credit_card,1,47.38
ORD2018OCT_8950,1,credit_card,6,182.3
ORD2018OCT_5641,1,credit_card,1,2.19
ORD2018OCT_1686,1,credit_card,5,159.3
ORD2018OCT_8185,1,credit_card,5,94.3
ORD2018OCT_774,1,credit_card,1,182.6
ORD2018OCT_4637,1,voucher,1,42.5
ORD2018OCT_4658,1,credit_card,2,216.02
ORD2018OCT_1085,1,credit_card,2,65.0
ORD2018OCT_5697,1,credit_card,10,219.84
ORD2018OCT_3069,1,credit_card,2,22.36
ORD2018OCT_602,1,credit_card,6,67.5
ORD2018OCT_6385,1,boleto,1,131.06
ORD2018OCT_3729,1,credit_card,4,78.65
ORD2018OCT_3498,1,credit_card,2,40.29
ORD2018OCT_9236,1,credit_card,10,208.63
ORD2018OCT_9022,1,credit_card,1,148.42
ORD2018OCT_2198,1,credit_card,5,132.95
ORD2018OCT_1166,1,credit_card,5,83.97
ORD2018OCT_7754,1,credit_card,1,35.17
ORD2018OCT_3821,1,credit_card,8,104.7
ORD2018OCT_8943,1,credit_card,1,153.5
ORD2018OCT_4872,1,boleto,1,85.08
ORD2018OCT_5213,1,boleto,1,264.59
ORD2018OCT_9806,1,credit_card,5,87.64
ORD2018OCT_3949,1,credit_card,5,101.73
ORD2018OCT_1834,1,credit_card,1,54.27
ORD2018OCT_5028,2,voucher,1,9.46
ORD2018OCT_7764,1,credit_card,7,79.56
ORD2018OCT_5115,1,boleto,1,160.76
ORD2018OCT_6859,1,credit_card,1,36.78
ORD2018OCT_1651,1,credit_card,3,101.93
ORD2018OCT_2569,1,credit_card,1,65.71
ORD2018OCT_8514,1,boleto,1,164.83
ORD2018OCT_5454,1,credit_card,4,81.11
ORD2018OCT_3580,1,debit_card,1,77.91
ORD2018OCT_1781,1,credit_card,4,85.71
ORD2018OCT_1033,1,credit_card,1,37.38
ORD2018OCT_6578,1,credit_card,1,74.67
ORD2018OCT_4154,1,credit_card,6,264.09
ORD2018OCT_2850,1,credit_card,1,37.0
ORD2018OCT_8082,1,boleto,1,151.05
ORD2018OCT_649,1,credit_card,10,724.21
ORD2018OCT_1409,2,voucher,1,11.98
ORD2018OCT_344,1,credit_card,3,172.51
ORD2018OCT_5367,1,boleto,1,48.13
ORD2018OCT_3534,2,voucher,1,25.0
ORD2018OCT_7896,1,credit_card,1,91.74
ORD2018OCT_2541,1,boleto,1,51.73
ORD2018OCT_1112,1,credit_card,2,138.24
ORD2018OCT_6192,1,credit_card,2,48.74
ORD2018OCT_160,1,credit_card,3,171.87
ORD2018OCT_460,1,credit_card,10,280.0
ORD2018OCT_8812,1,credit_card,2,116.94
ORD2018OCT_3127,1,voucher,1,230.74
ORD2018OCT_7945,1,credit_card,1,88.49
ORD2018OCT_7224,1,credit_card,1,30.22
ORD2018OCT_5235,1,credit_card,2,28.4
ORD2018OCT_8509,1,credit_card,1,46.01
ORD2018OCT_9816,1,credit_card,1,69.33
ORD2018OCT_7439,1,credit_card,2,242.81
ORD2018OCT_7450,1,boleto,1,116.79
ORD2018OCT_7747,1,credit_card,2,123.04
ORD2018OCT_7017,1,boleto,1,57.51
ORD2018OCT_7452,1,credit_card,1,64.91
ORD2018OCT_1077,1,credit_card,2,242.44
ORD2018OCT_9236,1,credit_card,2,29.68
ORD2018OCT_8437,1,credit_card,1,123.67
ORD2018OCT_2775,1,debit_card,1,446.54
ORD2018OCT_7471,1,credit_card,6,139.33
ORD2018OCT_1251,1,credit_card,2,68.89
ORD2018OCT_1206,1,credit_card,5,105.38
ORD2018OCT_9676,1,boleto,1,188.89
ORD2018OCT_2095,1,credit_card,4,56.77
ORD2018OCT_9190,1,credit_card,1,187.55
ORD2018OCT_8110,1,credit_card,2,66.05
ORD2018OCT_858,1,credit_card,2,184.92
ORD2018OCT_5910,1,credit_card,1,76.07
ORD2018OCT_8659,1,credit_card,1,170.0
ORD2018OCT_3673,1,credit_card,2,29.65
ORD2018OCT_8299,1,credit_card,1,134.6
ORD2018OCT_7364,1,credit_card,1,82.33
ORD2018OCT_1997,1,boleto,1,91.16
ORD2018OCT_804,1,credit_card,7,298.2
ORD2018OCT_2047,1,credit_card,10,335.47
ORD2018OCT_5447,1,credit_card,1,10.92
ORD2018OCT_8536,1,credit_card,3,92.46
ORD2018OCT_6298,1,credit_card,4,198.4
ORD2018OCT_8296,1,credit_card,7,419.39
ORD2018OCT_8700,1,credit_card,10,308.43
ORD2018OCT_7359,1,credit_card,4,327.25
ORD2018OCT_867,1,credit_card,1,61.42
ORD2018OCT_9653,1,credit_card,3,103.81
ORD2018OCT_1828,1,credit_card,10,178.99
ORD2018OCT_8434,1,credit_card,1,32.23
ORD2018OCT_2540,2,voucher,1,50.0
ORD2018OCT_9812,1,credit_card,5,59.85
ORD2018OCT_5979,1,credit_card,10,919.38
ORD2018OCT_6473,2,voucher,1,252.44
ORD2018OCT_4815,1,boleto,1,105.06
ORD2018OCT_299,1,credit_card,10,353.53
ORD2018OCT_7471,1,credit_card,2,117.85
ORD2018OCT_3718,1,credit_card,1,93.76
ORD2018OCT_1947,1,credit_card,2,270.23
ORD2018OCT_3441,1,boleto,1,107.35
ORD2018OCT_785,1,credit_card,10,1996.32
ORD2018OCT_8541,1,credit_card,10,104.4
ORD2018OCT_3433,1,credit_card,2,343.74
ORD2018OCT_8628,1,credit_card,4,48.67
ORD2018OCT_9808,1,credit_card,10,159.06
ORD2018OCT_6279,1,credit_card,3,134.83
ORD2018OCT_5010,1,credit_card,1,70.28
ORD2018OCT_10,1,boleto,1,44.29
ORD2018OCT_8668,1,credit_card,8,385.3
ORD2018OCT_4291,1,boleto,1,73.19
ORD2018OCT_4373,1,credit_card,5,372.18
ORD2018OCT_4054,1,credit_card,5,395.45
ORD2018OCT_7355,1,boleto,1,139.47
ORD2018OCT_9874,1,boleto,1,61.29
ORD2018OCT_7923,1,credit_card,8,113.67
ORD2018OCT_8117,1,credit_card,1,9.14
ORD2018OCT_2428,1,boleto,1,31.75
ORD2018OCT_699,7,voucher,1,25.0
ORD2018OCT_4470,1,credit_card,2,144.61
ORD2018OCT_8866,1,boleto,1,29.88
ORD2018OCT_6805,1,credit_card,3,151.23
ORD2018OCT_699,1,boleto,1,119.19
ORD2018OCT_2428,1,boleto,1,87.94
ORD2018OCT_8582,1,credit_card,3,43.68
ORD2018OCT_1227,1,credit_card,3,162.36
ORD2018OCT_3868,2,voucher,1,10.44
ORD2018OCT_8807,1,credit_card,7,73.61
ORD2018OCT_1245,1,credit_card,3,205.71
ORD2018OCT_8365,1,boleto,1,69.52
ORD2018OCT_4525,1,boleto,1,155.14
ORD2018OCT_1519,1,voucher,1,25.0
ORD2018OCT_7784,1,credit_card,1,35.96
ORD2018OCT_9077,1,credit_card,6,1657.11
ORD2018OCT_4000,1,credit_card,1,100.24
ORD2018OCT_1539,1,credit_card,7,74.82
ORD2018OCT_7681,1,credit_card,1,55.58
ORD2018OCT_938,1,credit_card,10,106.73
ORD2018OCT_149,1,credit_card,3,462.72
ORD2018OCT_9401,1,credit_card,8,3360.66
ORD2018OCT_6569,2,voucher,1,23.27
ORD2018OCT_9844,1,credit_card,1,186.24
ORD2018OCT_6821,1,credit_card,1,39.92
ORD2018OCT_7051,1,credit_card,6,328.34
ORD2018OCT_6915,1,boleto,1,97.71
ORD2018OCT_2640,1,credit_card,8,324.97
ORD2018OCT_2194,1,credit_card,8,95.21
ORD2018OCT_8481,1,credit_card,1,33.32
ORD2018OCT_4274,1,credit_card,4,186.82
ORD2018OCT_7039,1,boleto,1,120.98
ORD2018OCT_8852,1,credit_card,6,67.53
ORD2018OCT_8784,1,boleto,1,126.21
ORD2018OCT_3528,1,credit_card,1,74.59
ORD2018OCT_3986,1,credit_card,4,229.26
ORD2018OCT_6501,1,credit_card,3,35.22
ORD2018OCT_6092,1,boleto,1,67.56
ORD2018OCT_7661,1,credit_card,3,182.17
ORD2018OCT_1660,1,credit_card,3,130.2
ORD2018OCT_8395,1,credit_card,2,163.48
ORD2018OCT_3892,1,credit_card,1,30.95
ORD2018OCT_8592,1,boleto,1,344.44
ORD2018OCT_4503,1,credit_card,3,169.61
ORD2018OCT_6652,1,credit_card,10,415.0
ORD2018OCT_4026,1,credit_card,10,1738.17
ORD2018OCT_4962,1,credit_card,8,330.62
ORD2018OCT_1252,1,credit_card,1,45.0
ORD2018OCT_8604,1,credit_card,1,99.75
ORD2018OCT_4227,1,credit_card,1,77.42
ORD2018OCT_9617,1,debit_card,1,103.86
ORD2018OCT_2689,1,credit_card,2,276.84
ORD2018OCT_6897,1,credit_card,4,87.32
ORD2018OCT_4247,1,credit_card,4,92.87
ORD2018OCT_5667,1,credit_card,8,340.07
ORD2018OCT_4279,1,credit_card,4,137.6
ORD2018OCT_1109,1,credit_card,8,404.8
ORD2018OCT_7483,1,credit_card,10,280.98
ORD2018OCT_2787,1,credit_card,8,265.64
ORD2018OCT_7775,3,voucher,1,50.0
ORD2018OCT_5767,1,credit_card,1,113.88
ORD2018OCT_9314,1,credit_card,10,413.59
ORD2018OCT_4082,1,credit_card,3,82.88
ORD2018OCT_4729,1,boleto,1,124.2
ORD2018OCT_7447,1,credit_card,3,251.38
ORD2018OCT_7488,1,boleto,1,147.15
ORD2018OCT_1084,1,credit_card,1,50.0
ORD2018OCT_5871,1,credit_card,9,96.7
ORD2018OCT_3400,1,boleto,1,378.3
ORD2018OCT_6526,1,credit_card,5,136.3
ORD2018OCT_6026,1,credit_card,10,129.95
ORD2018OCT_2892,1,credit_card,5,174.68
ORD2018OCT_2318,2,voucher,1,100.0
ORD2018OCT_7699,1,credit_card,6,333.78
ORD2018OCT_6413,1,credit_card,2,62.98
ORD2018OCT_9823,1,boleto,1,198.82
ORD2018OCT_5848,1,boleto,1,137.21
ORD2018OCT_9020,1,credit_card,3,57.68
ORD2018OCT_6990,1,credit_card,4,313.75
ORD2018OCT_2238,1,credit_card,1,286.64
ORD2018OCT_3396,1,credit_card,3,30.75
ORD2018OCT_7092,1,credit_card,1,28.0
ORD2018OCT_5749,1,credit_card,2,111.85
ORD2018OCT_2724,1,boleto,1,278.41
ORD2018OCT_5618,1,credit_card,2,61.77
ORD2018OCT_6636,1,credit_card,3,63.27
ORD2018OCT_2437,1,credit_card,3,603.52
ORD2018OCT_8770,1,credit_card,2,91.65
ORD2018OCT_4693,1,voucher,1,44.55
ORD2018OCT_8013,2,voucher,1,45.0
ORD2018OCT_6680,1,credit_card,1,37.38
ORD2018OCT_8253,1,credit_card,4,88.55
ORD2018OCT_223,1,credit_card,2,86.34
ORD2018OCT_1996,2,voucher,1,50.0
ORD2018OCT_5550,1,credit_card,1,10.33
ORD2018OCT_5726,1,credit_card,2,39.17
ORD2018OCT_6932,1,credit_card,2,118.84
ORD2018OCT_6425,1,credit_card,10,529.92
ORD2018OCT_6817,2,voucher,1,30.12
ORD2018OCT_8744,3,voucher,1,1.97
ORD2018OCT_248,1,credit_card,10,203.08
ORD2018OCT_8423,1,credit_card,3,388.56
ORD2018OCT_3432,1,credit_card,1,25.79
ORD2018OCT_8982,1,credit_card,1,45.48
ORD2018OCT_8523,1,credit_card,3,115.05
ORD2018OCT_9249,1,credit_card,1,75.29
ORD2018OCT_8969,1,credit_card,5,114.14
ORD2018OCT_8663,1,credit_card,1,27.96
ORD2018OCT_3510,1,credit_card,1,24.53
ORD2018OCT_9832,1,credit_card,1,27.64
ORD2018OCT_9109,1,credit_card,10,197.2
ORD2018OCT_6173,1,credit_card,10,863.75
ORD2018OCT_8991,1,credit_card,7,152.72
ORD2018OCT_9520,1,credit_card,4,48.14
ORD2018OCT_6358,1,credit_card,10,975.44
ORD2018OCT_9583,1,credit_card,10,189.86
ORD2018OCT_3607,1,boleto,1,60.85
ORD2018OCT_2879,1,credit_card,2,166.41
ORD2018OCT_1836,1,boleto,1,155.73
ORD2018OCT_9382,1,credit_card,2,155.63
ORD2018OCT_964,1,credit_card,10,169.39
ORD2018OCT_288,1,credit_card,8,338.64
ORD2018OCT_7290,1,credit_card,1,108.73
ORD2018OCT_2789,1,boleto,1,85.14
ORD2018OCT_453,1,credit_card,1,96.98
ORD2018OCT_4966,1,credit_card,6,176.4
ORD2018OCT_9531,1,credit_card,1,111.02
ORD2018OCT_2784,1,boleto,1,53.01
ORD2018OCT_2299,1,boleto,1,35.69
ORD2018OCT_5965,1,boleto,1,31.34
ORD2018OCT_4450,1,credit_card,4,239.95
ORD2018OCT_5731,1,credit_card,8,585.39
ORD2018OCT_8974,1,credit_card,1,51.33
ORD2018OCT_7535,1,credit_card,3,74.03
ORD2018OCT_9212,1,boleto,1,726.06
ORD2018OCT_7876,1,credit_card,8,221.79
ORD2018OCT_9307,2,voucher,1,80.91
ORD2018OCT_199,1,credit_card,4,272.36
ORD2018OCT_3142,1,credit_card,1,42.5
ORD2018OCT_3422,1,credit_card,1,98.62
ORD2018OCT_759,1,credit_card,10,901.16
ORD2018OCT_6088,1,credit_card,4,271.84
ORD2018OCT_3916,1,boleto,1,202.0
ORD2018OCT_4321,1,boleto,1,71.82
ORD2018OCT_669,1,credit_card,1,175.77
ORD2018OCT_6828,1,credit_card,2,22.78
ORD2018OCT_9884,1,credit_card,5,732.68
ORD2018OCT_4472,1,credit_card,5,92.25
ORD2018OCT_2421,1,credit_card,5,138.93
ORD2018OCT_4584,3,voucher,1,16.77
ORD2018OCT_2142,1,boleto,1,108.5
ORD2018OCT_3007,1,credit_card,1,87.9
ORD2018OCT_639,1,credit_card,1,57.61
ORD2018OCT_7287,1,credit_card,5,123.12
ORD2018OCT_2372,1,boleto,1,78.09
ORD2018OCT_542,1,credit_card,9,98.65
ORD2018OCT_4627,1,boleto,1,116.57
ORD2018OCT_813,1,credit_card,1,29.09
ORD2018OCT_9917,1,credit_card,10,333.35
ORD2018OCT_6899,1,credit_card,1,122.43
ORD2018OCT_8228,1,boleto,1,83.9
ORD2018OCT_6728,1,credit_card,2,37.23
ORD2018OCT_3523,1,boleto,1,102.14
ORD2018OCT_1937,1,credit_card,1,75.17
ORD2018OCT_9350,1,credit_card,1,35.45
ORD2018OCT_3047,1,credit_card,6,69.85
ORD2018OCT_6350,1,credit_card,3,233.8
ORD2018OCT_3268,1,credit_card,8,318.0
ORD2018OCT_6406,1,voucher,1,96.38
ORD2018OCT_5252,1,credit_card,3,90.05
ORD2018OCT_8767,1,credit_card,1,51.13
ORD2018OCT_3606,1,boleto,1,116.94
ORD2018OCT_5183,1,boleto,1,35.0
ORD2018OCT_3404,1,boleto,1,37.13
ORD2018OCT_4554,1,voucher,1,49.42
ORD2018OCT_1131,1,credit_card,1,153.04
ORD2018OCT_137,1,credit_card,3,214.77
ORD2018OCT_229,1,credit_card,1,57.09
ORD2018OCT_2417,11,voucher,1,3.17
ORD2018OCT_7976,1,voucher,1,10.46
ORD2018OCT_3970,1,credit_card,7,185.84
ORD2018OCT_8002,1,credit_card,10,165.65
ORD2018OCT_7084,1,credit_card,3,121.62
ORD2018OCT_2666,1,credit_card,2,106.78
ORD2018OCT_1274,1,boleto,1,54.33
ORD2018OCT_2721,1,credit_card,1,60.0
ORD2018OCT_467,1,credit_card,8,307.16
ORD2018OCT_8872,1,credit_card,3,33.71
ORD2018OCT_1515,1,boleto,1,141.51
ORD2018OCT_9634,1,credit_card,8,243.01
ORD2018OCT_1508,2,voucher,1,21.65
ORD2018OCT_5933,1,voucher,1,79.51
ORD2018OCT_3962,1,boleto,1,112.02
ORD2018OCT_2052,1,credit_card,4,57.09
ORD2018OCT_5045,1,credit_card,4,81.92
ORD2018OCT_3054,1,boleto,1,208.74
ORD2018OCT_3214,1,credit_card,5,133.71
ORD2018OCT_9558,1,credit_card,2,65.78
ORD2018OCT_1201,1,credit_card,10,113.05
ORD2018OCT_9563,1,credit_card,10,106.69
ORD2018OCT_7383,1,credit_card,7,151.52
ORD2018OCT_8013,4,voucher,1,3.47
ORD2018OCT_9925,1,credit_card,4,45.79
ORD2018OCT_7619,1,credit_card,1,187.34
ORD2018OCT_747,1,credit_card,8,99.9
ORD2018OCT_160,1,credit_card,10,272.14
ORD2018OCT_739,1,credit_card,10,159.53
ORD2018OCT_6283,1,boleto,1,188.96
ORD2018OCT_3868,1,credit_card,1,137.6
ORD2018OCT_468,1,credit_card,4,43.27
ORD2018OCT_3979,1,credit_card,1,83.24
ORD2018OCT_2623,1,credit_card,2,147.35
ORD2018OCT_3219,1,credit_card,1,51.04
ORD2018OCT_3005,1,boleto,1,218.55
ORD2018OCT_1599,1,credit_card,5,117.85
ORD2018OCT_4628,1,credit_card,1,60.0
ORD2018OCT_4969,1,credit_card,3,97.78
ORD2018OCT_5455,1,boleto,1,67.5
ORD2018OCT_9839,1,credit_card,8,510.3
ORD2018OCT_6018,1,credit_card,9,231.62
ORD2018OCT_1007,1,credit_card,10,1035.55
ORD2018OCT_8978,1,boleto,1,205.16
ORD2018OCT_7418,1,credit_card,6,508.18
ORD2018OCT_2564,1,boleto,1,228.68
ORD2018OCT_1596,1,credit_card,3,38.42
ORD2018OCT_6821,1,credit_card,3,369.22
ORD2018OCT_8356,1,credit_card,1,67.44
ORD2018OCT_4593,1,credit_card,1,153.1
ORD2018OCT_4579,1,boleto,1,32.53
ORD2018OCT_876,1,credit_card,1,94.87
ORD2018OCT_3898,1,credit_card,8,196.99
ORD2018OCT_9042,1,credit_card,6,148.77
ORD2018OCT_400,1,credit_card,1,27.29
ORD2018OCT_4372,1,credit_card,4,86.73
ORD2018OCT_2381,1,boleto,1,80.2
ORD2018OCT_306,1,credit_card,3,490.79
ORD2018OCT_1395,1,boleto,1,133.38
ORD2018OCT_1990,1,credit_card,2,68.89
ORD2018OCT_800,1,credit_card,7,190.23
ORD2018OCT_4907,2,voucher,1,14.15
ORD2018OCT_344,1,credit_card,2,135.08
ORD2018OCT_4428,2,credit_card,10,330.11
ORD2018OCT_423,1,boleto,1,198.03
ORD2018OCT_7315,1,credit_card,1,62.11
ORD2018OCT_2479,1,credit_card,1,87.64
ORD2018OCT_8631,1,debit_card,1,133.15
ORD2018OCT_883,1,boleto,1,89.57
ORD2018OCT_3738,1,credit_card,6,95.14
ORD2018OCT_2820,2,credit_card,1,107.15
ORD2018OCT_5963,1,credit_card,3,38.92
ORD2018OCT_8222,2,credit_card,3,34.31
ORD2018OCT_1705,1,credit_card,10,189.15
ORD2018OCT_6505,1,boleto,1,237.94
ORD2018OCT_5263,1,credit_card,1,7.68
ORD2018OCT_2969,1,credit_card,6,125.44
ORD2018OCT_4226,1,credit_card,3,61.11
ORD2018OCT_8678,1,credit_card,3,336.68
ORD2018OCT_4115,1,credit_card,5,236.88
ORD2018OCT_8724,1,credit_card,1,37.86
ORD2018OCT_4084,1,credit_card,2,101.85
ORD2018OCT_2548,1,credit_card,3,71.07
ORD2018OCT_5967,1,credit_card,7,576.97
ORD2018OCT_8067,1,boleto,1,43.11
ORD2018OCT_8454,1,credit_card,1,46.77
ORD2018OCT_5625,1,credit_card,2,129.91
ORD2018OCT_2888,1,boleto,1,89.99
ORD2018OCT_795,2,credit_card,1,40.14
ORD2018OCT_1495,1,credit_card,3,103.04
ORD2018OCT_2148,1,credit_card,3,65.0
ORD2018OCT_5193,1,credit_card,5,324.58
ORD2018OCT_7579,1,credit_card,1,50.24
ORD2018OCT_6288,1,credit_card,4,99.65
ORD2018OCT_3594,1,credit_card,8,213.0
ORD2018OCT_8811,1,credit_card,3,133.05
ORD2018OCT_8466,1,boleto,1,50.95
ORD2018OCT_2179,1,boleto,1,43.98
ORD2018OCT_9263,1,credit_card,2,95.21
ORD2018OCT_435,1,credit_card,6,80.35
ORD2018OCT_8077,1,boleto,1,28.13
ORD2018OCT_5199,1,credit_card,10,133.64
ORD2018OCT_3744,1,credit_card,1,110.87
ORD2018OCT_153,1,credit_card,1,61.93
ORD2018OCT_8051,1,boleto,1,180.25
ORD2018OCT_875,1,credit_card,1,114.09
ORD2018OCT_935,1,credit_card,1,68.64
ORD2018OCT_5932,1,credit_card,2,130.15
ORD2018OCT_1222,1,credit_card,1,38.28
ORD2018OCT_1327,1,credit_card,3,168.36
ORD2018OCT_6882,1,credit_card,1,84.2
ORD2018OCT_7790,1,credit_card,1,54.42
ORD2018OCT_2354,1,credit_card,1,74.16
ORD2018OCT_402,1,credit_card,2,129.83
ORD2018OCT_1731,1,credit_card,6,127.3
ORD2018OCT_405,1,boleto,1,173.94
ORD2018OCT_3132,1,credit_card,1,30.38
ORD2018OCT_1598,1,credit_card,2,70.92
ORD2018OCT_9513,1,credit_card,1,63.62
ORD2018OCT_6991,1,credit_card,1,37.09
ORD2018OCT_8319,1,credit_card,1,63.33
ORD2018OCT_7425,1,credit_card,6,152.88
ORD2018OCT_2633,1,boleto,1,177.99
ORD2018OCT_1726,1,credit_card,6,60.0
ORD2018OCT_5193,1,credit_card,1,98.56
ORD2018OCT_7483,1,credit_card,9,90.5
ORD2018OCT_2254,2,voucher,1,55.6
ORD2018OCT_1347,1,boleto,1,177.49
ORD2018OCT_1919,1,credit_card,4,285.58
ORD2018OCT_7311,2,voucher,1,31.93
ORD2018OCT_956,1,credit_card,2,110.32
ORD2018OCT_7535,1,credit_card,8,127.01
ORD2018OCT_1553,1,credit_card,3,63.1
ORD2018OCT_1593,1,credit_card,1,48.58
ORD2018OCT_7033,1,credit_card,2,117.26
ORD2018OCT_1688,1,credit_card,1,77.57
ORD2018OCT_5314,1,credit_card,3,74.03
ORD2018OCT_9050,1,credit_card,10,398.86
ORD2018OCT_224,1,boleto,1,43.72
ORD2018OCT_5875,1,boleto,1,219.79
ORD2018OCT_3463,1,boleto,1,117.76
ORD2018OCT_7196,1,boleto,1,164.53
ORD2018OCT_3882,1,credit_card,4,47.05
ORD2018OCT_8578,1,credit_card,3,111.92
ORD2018OCT_2058,1,credit_card,7,79.29
ORD2018OCT_5739,1,boleto,1,99.43
ORD2018OCT_4044,1,credit_card,10,110.51
ORD2018OCT_8936,1,credit_card,1,80.96
ORD2018OCT_3431,2,voucher,1,60.0
ORD2018OCT_7141,1,credit_card,5,264.48
ORD2018OCT_1781,1,credit_card,1,69.16
ORD2018OCT_9507,3,voucher,1,21.23
ORD2018OCT_4727,1,credit_card,6,221.88
ORD2018OCT_2338,1,credit_card,1,84.43
ORD2018OCT_5113,1,credit_card,7,140.3
ORD2018OCT_2887,1,boleto,1,47.0
ORD2018OCT_374,1,credit_card,10,1119.77
ORD2018OCT_6122,2,voucher,1,9.18
ORD2018OCT_6634,1,credit_card,1,138.35
ORD2018OCT_5427,1,credit_card,1,55.79
ORD2018OCT_3891,1,credit_card,2,54.92
ORD2018OCT_9878,1,credit_card,2,106.29
ORD2018OCT_4246,1,credit_card,1,30.1
ORD2018OCT_9175,1,credit_card,6,137.28
ORD2018OCT_3634,2,voucher,1,23.1
ORD2018OCT_6860,1,credit_card,5,545.06
ORD2018OCT_7985,1,credit_card,3,315.79
ORD2018OCT_1087,1,credit_card,5,135.81
ORD2018OCT_6464,1,credit_card,9,703.1
ORD2018OCT_9521,1,boleto,1,430.53
ORD2018OCT_2938,1,credit_card,5,252.68
ORD2018OCT_6931,1,debit_card,1,253.11
ORD2018OCT_9008,1,voucher,1,113.11
ORD2018OCT_2808,1,credit_card,10,119.57
ORD2018OCT_5521,1,credit_card,2,153.99
ORD2018OCT_1877,1,credit_card,1,109.38
ORD2018OCT_1331,1,credit_card,2,244.63
ORD2018OCT_1608,1,boleto,1,23.71
ORD2018OCT_245,1,credit_card,2,71.82
ORD2018OCT_3292,1,credit_card,1,46.05
ORD2018OCT_7591,1,credit_card,6,67.05
ORD2018OCT_6743,1,credit_card,4,81.72
ORD2018OCT_255,1,credit_card,2,112.3
ORD2018OCT_8230,1,credit_card,1,80.2
ORD2018OCT_2137,1,credit_card,4,132.61
ORD2018OCT_2424,2,debit_card,1,108.95
ORD2018OCT_5070,1,credit_card,2,81.63
ORD2018OCT_9689,1,credit_card,1,129.78
ORD2018OCT_4943,1,credit_card,1,47.69
ORD2018OCT_5294,1,credit_card,5,58.69
ORD2018OCT_8253,1,credit_card,1,83.33
ORD2018OCT_8802,1,credit_card,4,41.52
ORD2018OCT_7265,1,credit_card,4,217.15
ORD2018OCT_1446,1,credit_card,1,77.98
ORD2018OCT_4322,1,credit_card,10,203.05
ORD2018OCT_499,1,credit_card,1,75.07
ORD2018OCT_5823,1,boleto,1,176.88
ORD2018OCT_2624,1,boleto,1,39.51
ORD2018OCT_5653,1,boleto,1,51.12
ORD2018OCT_3435,1,boleto,1,234.0
ORD2018OCT_9608,2,voucher,1,26.8
ORD2018OCT_6327,1,credit_card,1,33.54
ORD2018OCT_4254,1,credit_card,8,114.77
ORD2018OCT_1314,1,credit_card,1,236.7
ORD2018OCT_622,1,voucher,1,41.0
ORD2018OCT_8891,1,boleto,1,76.33
ORD2018OCT_6389,1,debit_card,1,13.38
ORD2018OCT_9465,1,boleto,1,138.92
ORD2018OCT_4046,1,credit_card,1,182.51
ORD2018OCT_3932,1,credit_card,4,43.13
ORD2018OCT_4324,7,voucher,1,3.12
ORD2018OCT_9699,1,credit_card,8,621.07
ORD2018OCT_3249,1,credit_card,1,130.0
ORD2018OCT_3599,1,credit_card,2,25.7
ORD2018OCT_5276,1,credit_card,3,160.75
ORD2018OCT_5246,1,boleto,1,32.52
ORD2018OCT_6122,1,credit_card,1,53.0
ORD2018OCT_9395,1,credit_card,1,44.6
ORD2018OCT_8970,1,boleto,1,55.09
ORD2018OCT_5101,1,credit_card,2,153.91
ORD2018OCT_3279,1,credit_card,1,29.91
ORD2018OCT_8445,1,credit_card,1,188.66
ORD2018OCT_2488,1,voucher,1,11.55
ORD2018OCT_4514,1,credit_card,8,205.08
ORD2018OCT_8460,1,credit_card,4,132.02
ORD2018OCT_4353,1,credit_card,3,165.8
ORD2018OCT_9928,1,credit_card,2,132.49
ORD2018OCT_5953,1,credit_card,10,841.4
ORD2018OCT_8601,1,credit_card,10,726.05
ORD2018OCT_3088,1,credit_card,6,136.14
ORD2018OCT_6897,1,credit_card,2,144.5
ORD2018OCT_4369,1,credit_card,3,75.16
ORD2018OCT_7633,1,credit_card,1,166.52
ORD2018OCT_5187,1,credit_card,2,112.11
ORD2018OCT_443,1,credit_card,5,77.16
ORD2018OCT_1190,1,credit_card,1,105.5
ORD2018OCT_8304,1,boleto,1,125.69
ORD2018OCT_6762,1,credit_card,4,207.94
ORD2018OCT_9236,1,credit_card,1,38.09
ORD2018OCT_8190,1,credit_card,4,145.56
ORD2018OCT_9542,1,debit_card,1,76.57
ORD2018OCT_7340,1,credit_card,10,1075.12
ORD2018OCT_5500,1,credit_card,1,27.29
ORD2018OCT_1408,1,credit_card,7,145.11
ORD2018OCT_5127,1,debit_card,1,63.27
ORD2018OCT_3861,1,credit_card,8,173.2
ORD2018OCT_921,2,voucher,1,58.96
ORD2018OCT_1255,1,credit_card,10,609.24
ORD2018OCT_2499,1,credit_card,3,52.85
ORD2018OCT_3932,1,credit_card,3,238.69
ORD2018OCT_1303,1,credit_card,1,43.8
ORD2018OCT_4666,2,voucher,1,26.69
ORD2018OCT_8342,1,credit_card,10,100.8
ORD2018OCT_2311,1,credit_card,7,171.85
ORD2018OCT_145,1,boleto,1,67.5
ORD2018OCT_810,1,boleto,1,151.33
ORD2018OCT_153,1,credit_card,1,79.2
ORD2018OCT_9088,1,boleto,1,425.04
ORD2018OCT_434,1,credit_card,6,60.26
ORD2018OCT_7460,1,credit_card,5,62.84
ORD2018OCT_6614,1,boleto,1,49.6
ORD2018OCT_5132,1,credit_card,2,139.15
ORD2018OCT_4415,1,credit_card,3,136.64
ORD2018OCT_143,1,credit_card,2,117.43
ORD2018OCT_7581,1,credit_card,1,63.89
ORD2018OCT_7689,1,credit_card,4,89.19
ORD2018OCT_882,1,credit_card,1,37.55
ORD2018OCT_2374,1,credit_card,10,108.12
ORD2018OCT_2140,1,credit_card,3,90.67
ORD2018OCT_6505,1,credit_card,2,115.0
ORD2018OCT_9552,1,credit_card,1,41.96
ORD2018OCT_5726,1,credit_card,1,43.82
ORD2018OCT_8947,1,credit_card,8,166.72
ORD2018OCT_8555,1,credit_card,1,51.2
ORD2018OCT_7020,1,credit_card,8,105.38
ORD2018OCT_9819,1,credit_card,2,134.28
ORD2018OCT_8224,1,credit_card,2,109.4
ORD2018OCT_8701,1,credit_card,5,97.8
ORD2018OCT_9407,1,credit_card,1,133.81
ORD2018OCT_8532,1,credit_card,2,181.03
ORD2018OCT_7252,1,boleto,1,29.85
ORD2018OCT_8289,1,credit_card,8,84.79
ORD2018OCT_9760,1,debit_card,1,180.62
ORD2018OCT_8206,1,credit_card,6,144.56
ORD2018OCT_2212,1,credit_card,10,916.02
ORD2018OCT_1046,1,boleto,1,59.89
ORD2018OCT_3770,1,credit_card,4,824.76
ORD2018OCT_2745,1,credit_card,10,120.97
ORD2018OCT_2332,1,credit_card,8,173.82
ORD2018OCT_9464,1,credit_card,2,99.65
ORD2018OCT_5095,1,credit_card,3,68.89
ORD2018OCT_6112,1,credit_card,5,277.12
ORD2018OCT_4599,1,boleto,1,69.66
ORD2018OCT_3333,1,credit_card,3,160.54
ORD2018OCT_3937,1,boleto,1,155.14
ORD2018OCT_4611,1,credit_card,5,59.69
ORD2018OCT_3697,1,boleto,1,71.14
ORD2018OCT_7592,1,credit_card,5,358.59
ORD2018OCT_8479,1,credit_card,1,26.78
ORD2018OCT_3420,1,boleto,1,44.53
ORD2018OCT_5379,1,credit_card,8,313.82
ORD2018OCT_785,1,credit_card,1,89.31
ORD2018OCT_3096,1,boleto,1,192.02
ORD2018OCT_1446,1,credit_card,1,47.74
ORD2018OCT_7127,1,credit_card,3,51.82
ORD2018OCT_3939,1,credit_card,1,35.0
ORD2018OCT_5258,1,credit_card,2,104.61
ORD2018OCT_4565,1,boleto,1,133.16
ORD2018OCT_9697,1,credit_card,1,119.18
ORD2018OCT_4546,5,voucher,1,25.0
ORD2018OCT_1290,1,credit_card,1,91.21
ORD2018OCT_2827,1,voucher,1,59.0
ORD2018OCT_7047,1,credit_card,1,81.0
ORD2018OCT_2693,1,boleto,1,121.09
ORD2018OCT_4904,1,credit_card,3,65.71
ORD2018OCT_516,1,credit_card,5,165.5
ORD2018OCT_4923,1,credit_card,2,127.21
ORD2018OCT_8100,1,credit_card,5,119.46
ORD2018OCT_6035,1,credit_card,3,74.03
ORD2018OCT_7849,1,boleto,1,32.77
ORD2018OCT_6334,1,credit_card,2,138.62
ORD2018OCT_9050,1,credit_card,1,328.62
ORD2018OCT_4277,1,credit_card,4,45.09
ORD2018OCT_9943,1,credit_card,6,821.98
ORD2018OCT_1050,1,credit_card,1,265.55
ORD2018OCT_1852,1,boleto,1,115.5
ORD2018OCT_1559,1,credit_card,1,263.12
ORD2018OCT_5920,1,credit_card,2,108.2
ORD2018OCT_1617,1,boleto,1,217.64
ORD2018OCT_2589,6,voucher,1,13.09
ORD2018OCT_7132,1,credit_card,1,38.99
ORD2018OCT_3925,1,credit_card,10,151.04
ORD2018OCT_1308,1,credit_card,10,511.38
ORD2018OCT_6013,1,credit_card,4,132.62
ORD2018OCT_3283,1,credit_card,2,214.41
ORD2018OCT_282,1,credit_card,1,62.61
ORD2018OCT_8670,1,credit_card,1,90.98
ORD2018OCT_5767,2,voucher,1,92.35
ORD2018OCT_6534,1,credit_card,2,59.0
ORD2018OCT_2606,1,credit_card,4,143.4
ORD2018OCT_9850,1,credit_card,6,142.1
ORD2018OCT_8675,1,credit_card,3,173.82
ORD2018OCT_2915,1,credit_card,2,27.29
ORD2018OCT_2907,1,credit_card,1,43.94
ORD2018OCT_6000,12,voucher,1,8.46
ORD2018OCT_327,1,credit_card,3,48.4
ORD2018OCT_7805,1,credit_card,1,67.3
ORD2018OCT_6723,1,credit_card,3,173.9
ORD2018OCT_9088,1,credit_card,3,97.71
ORD2018OCT_9082,1,boleto,1,50.93
ORD2018OCT_3847,1,credit_card,1,92.6
ORD2018OCT_5325,1,credit_card,3,69.15
ORD2018OCT_5037,1,credit_card,1,126.43
ORD2018OCT_2892,1,credit_card,6,62.98
ORD2018OCT_2202,1,boleto,1,68.63
ORD2018OCT_1015,1,voucher,1,78.2
ORD2018OCT_1084,1,boleto,1,76.76
ORD2018OCT_6838,1,credit_card,2,155.14
ORD2018OCT_4581,1,credit_card,2,160.77
ORD2018OCT_3294,1,credit_card,1,72.14
ORD2018OCT_889,1,boleto,1,55.47
ORD2018OCT_2849,2,credit_card,4,51.38
ORD2018OCT_7098,1,credit_card,6,188.2
ORD2018OCT_3783,1,boleto,1,1034.34
ORD2018OCT_6804,1,credit_card,3,74.17
ORD2018OCT_3547,1,credit_card,1,68.43
ORD2018OCT_4039,1,credit_card,2,76.95
ORD2018OCT_4858,1,boleto,1,59.01
ORD2018OCT_8547,1,credit_card,6,69.03
ORD2018OCT_8050,1,credit_card,2,63.27
ORD2018OCT_4381,1,credit_card,4,148.18
ORD2018OCT_1029,1,debit_card,1,65.35
ORD2018OCT_4367,1,credit_card,1,89.49
ORD2018OCT_6080,1,credit_card,4,62.59
ORD2018OCT_5973,1,credit_card,1,601.55
ORD2018OCT_8996,1,credit_card,3,32.06
ORD2018OCT_3873,1,boleto,1,238.34
ORD2018OCT_7315,1,credit_card,1,87.27
ORD2018OCT_5411,1,credit_card,12,257.1
ORD2018OCT_7462,1,credit_card,5,131.84
ORD2018OCT_2174,1,boleto,1,160.76
ORD2018OCT_3048,1,credit_card,6,185.13
ORD2018OCT_5081,1,credit_card,2,184.3
